text,sarcasm
نصيحه ما عمرك اتنزل لعبة سوبر ماريو مش زي ما كنّا متوقعين الله يرحم ايامات السيقا والفاميلي #SuperMarioRun,0
#نادين_نسيب_نجيم ❤️❤️❤️مجلة #ماري_كلير 💭#ملكة_الصحراء  👑https://t.co/fVtn489TUS@nadinenjeim @MarieClaire_AR,0
@Alito_NBA اتوقع انه بيستمر,0
"@KSA24 يعني ""بموافقتنا"" لأن دمشق صايرة موسكو",1
RT @alaahmad20: قائد في الحرس يعترف بفقدان السيطرة الأمنية في شرقي وغربي إيران - أحوازنا#الأحواز #السعودية @abo_asseel @spagov  https:/…,0
شوال الفلوس سويرس مشغول اوى اليومين دول بقناة الجزيرة ونازل شتيمة وتريقه فيها وفى ضيوفها خدك بيوجعك اوى ياشوال,1
الأمين العام للأمم المتحدة: بشار الأسد قتل 300 ألف شخص فى سوريا https://t.co/KMXrqNovgE,0
"حسبنا الله ونعم الوكيل "" #انتخبوا_العرص #بيقولك_أعرف_بلدك #الحرية_للجدعان ناس عا…",1
RT @isharatidriss: ٣٠)#امريكا_ومحاربة_الارهاب الذي صنعتة لمواصلة الكيد والحقد الذي يملاء قلوب دول الكفر علي الاسلام والمسلمين( يا ايها الذي…,0
رئيس لجنة الحكام رضا البلتاجى يفتح النار على #عمرو_أديب https://t.co/2PYLdCqvtp,0
حتي جوجل مش مصدق اني في بيت دمياط 💔 https://t.co/GBTmGmMRiG,1
على أي اساس سواقين #اوبر يعطون الراكب تقييم ؟ انا طبيعتي ماتكلم ولا اسولف مع السواقين حتى سواقي الخاص اقوله… — https://t.co/QEgjafZfrO,0
#SuperMarioRun  من جرب اللعبة ؟ انا عجبتني 👍🏻😍 #nintndo https://t.co/bVvx7b9DH2,0
RT @al_rakkad: مهما كابر البعض .. الارجنتين بحاجه ماسه الى هذا الرجل !من دونه نتائج سيئه جدًا .. الارجنتين من دون ميسي لاشيء .. https://…,0
الأسئلة التي هربنا منها أيام المجلس العسكري لا زالت تطاردنا وستظل إلى أن نواجهها ونجيب عليها,0
انتي أم دفتر وردي عليه ستيكر ريال مدريد وكود ؟ بالاداب — اوووله 😅😅 ،، يمكن اي يمكن لا https://t.co/bSzbcCzqpi,0
#هام ـ #حلب بقي في الأحياء الشرقية لمدينة حلب  حتى اللحظة حوالي 2200 مسلح مع عائلاتهم. و من المتوقع أن تكون... https://t.co/mBWllalZY4,0
عليهم لعنة الله لن تضيع دماء الابرياء سوف تحل لعنة السماء على ال سعود المجرمين ومن حالفهم #الضنيه #Christmas #وينن https://t.co/rpMV6wHzSu,0
صارلي ثلاث اسابيع انطر هالتنبيه 😭😭😭#SuperMarioRun https://t.co/4S3UdcQwn2,0
حتي غوغل شاهد...! https://t.co/5EdQLrnS0d,0
#الحوثي #المخلوع عجباً ل #كيري و #قابوس كيف يتجاهلاالقرار٢٢١٦ الصادرمن مجلس الأمن ومحاولة الالتفاف عليه؟هل هذه الحياديةوالسعي لمصلحة #اليمن,1
شغل جامد 👌👍#MannequinChallenge https://t.co/r0aO699OxP,0
كل يوم - #السيسي يجتمع اليوم مع المجلس الاعلى للاستثمار#كل_يوم | #ON_E | #عمرو_اديبhttps://t.co/vhmqGNmZdQ,0
نيويورك تايمز: على أوباما وقف دعمه للسعودية إذا لم توقف مذابحها في  #اليمن و... https://t.co/44msnSZTWi #اليمن #اليمن_الان,0
#توفيق_عكاشة بيقول على هيفا ولية ناشفة امال حياة الدرديري بتاعتك دي ايه ؟؟ يافلاح ميت الغرقا ياحماررر,1
RT @yousefalawnah: معمم آخر موديل شغل غوتشي😂😂😂 https://t.co/F2mOrNE1Pj,1
RT @al_tagreer: هل تغير إيران من سياسات تعاملها مع السعودية؟https://t.co/tgQbfq0nMLالرابط البديل :https://t.co/KbRifMgqaA https://t.co/D…,0
#حلب #سورياو ايه مقابل ال بتعمله #روسيا في سورياكل الروس ال بيتقتلوا و.كل طلعة جويةاكيد مش لله و سوريا و بشار,0
كل عام وأنتم بخير وكل منا في سلام مع نفسه ومع الغير وفي وطن يتسع للجميعمازالت قناعتي أن شباب مصر الثورة هم الحل والأمل:فكر خلاق وقيادة فتية,0
@nsalmk ونيكي? يمه امزح  لاجد وربي بيونسيه هي الي وحيده تظبط هالشي,0
مقال رائع لخالد منتصر,0
@MajdKanaann اللجان الثوريه هي عصابه تابعه لايران وامريكا وبريطانيا زي حقه حزب الله لبنان وعمهم الكبير نتن ياهو الكلب والله يسترع المسلمين,1
RT @kokokolove45: شــــــاهد الشووط 1 يوتيـــوب من مباراة #الارحنتين_باراجواي يوتيوبhttps://t.co/Gz8AYcscerجوالhttps://t.co/Gz8AYcscer…,0
"#غوتشي ""فلورا"" النسائيمع نغمات عطرية أكثر عمقاً وجاذبيةاحصلي عليه من #نقطة_الأناقة الآن في #أملج https://t.co/bM0GjfImCN",0
#اليمنية| 18 شهيدا و27 مصابا في #خروقات_الإنقلابيين بتعز خلال 24 ساعةhttps://t.co/DMa8xnikF3#التحالف_العربي_سند_اليمن,0
أعادت أمازون تهيئة كلمات المرور للعديد من مستخدميها بعد تسرب قائمة على الإنترنت تضم بريدا إلكترونيا وكلمات مرور، و https://t.co/rk9hhGU8mL,0
عشرات الجرحى في احتجاجات على مشروع لأنبوب نفط في الولايات المتحدة https://t.co/Um1sVbYzS1 #سبوتنيك #فلسطين #القدس,0
اطاح الاستفتاء بمبدأ تكافؤ الفرص حينما لم يسمح بالتصويت لكل المقيمين بالخارج الا من قام بالتسجيل في الانتخابات,0
@abo3maira @loaiomranمش عارفصورة وجدتها علي فيسبوك,0
#الجيش_السوري يسيطر على طرق امداد المسلحين القادمة من جهة حزرما باتجاه بلدة الميدعاني بالغوطة الشرقية في ريف #دمشق.,0
"""88%"" من قضايا الابتزاز في السعودية سببها مقاطع وصور البنات #الجوف #دومة #القريات #سكاكا #سكاكا_ال…",0
تصور يا حفتر عملية مثل بنيان مرصوص أعتمادهم علي الله !!لا أبناء زايد و لا بوتن و لا فرنسا و لا داعش !!فهل يقوي أحد أن يغلب الله ☝,1
زينة الميلاد بجبيل الحلوة ❤️#jbeil #livelovelebanon #christmas #byblos #livelovebyblos #lebanon… https://t.co/eA9RnTcRBS,0
تعرف على تاريخ استخدام #روسيا و #الصين لحق نقض #الفيتوتقرير: زاهر علي#اتحاد_الشبكات_الاسلامية https://t.co/4PMGyuVMI8,0
كذبة حقيرة الاهرام العربي:مرسي طبع 65 مليار جنيه والبنك المركزى يأسف ويستنكر ويرفض التعقيب,0
RT @amer_alkubaisi: حيدر العبادي حذف منشور انتقاد أردوغان من الفيس بوك ، وربما بعد قليل يحذفه من تويتر، لنتابع اللعبة.,1
٢١ نوفمبر المجد التّليد لرقي فن فيروز ❤️🎼#فيروز https://t.co/v2JvjGAiNx,0
#مرسى_رئيسى #مرسي_رئيسي #انتخبوا_البرص #انتخبوا_العرص آمال,0
RT @3FLnQe: #نتيجه_الاخضر_مع_الامارات آخر فوز للامارات على السعودية كان ميسي يملك 0 اهداف على ريال مدريدوالان الهداف التاريخي لليغا و ل…,0
@riyadhalasaad عندما نشاهد مايجري في سوريا من قتل للإطفال والنساء من قوات الأسد وطيران المجرم بوتن تقطر قلوبنا دمانحن نشارككم الألم والعذاب,0
Listen to أشتقتلك - رامى عياش #SoundCloudhttps://t.co/oqCGhGGQXS,0
ما تغيب كثير عنا ؛ غيبتك عم تقتلنا حبيب القلب توحشتك بزاف  #رامي_عياش  #أمير_الليل @RamyAyach,0
كل مرة جورج ياسمين بقدم الاخبار بحط ايدي ع قلبي ليقطع قطوع الرئيس ميشال .....عون 😟😳,0
عقول زباله تسئ لرجل كبر اجدادهم فعلا العرب تربيتهم صفر #بالعربي,0
من أعذب مفردات #الحياة وأجملها هو #اعطاء العذر لغياب البعض ! [[ لان سيد #البشر تحدث عن #التماس العذر ]] ، صلوات الله ع…,0
@mohmad3033 والله مهو كلهم يبو سلطان..الاعلام الغربي يبي يصور لنا ان الشيعة خطر ويبي يصور للشيعة أنفسهم ان السنة خطر عليهم,0
RT @alhayat_syria: المعارضة تسترجع مواقع في حلب... وروسيا تُثبت «قاعدة عسكرية دائمة» في طرطوسhttps://t.co/R2LYVG5qyf https://t.co/7X5V6OVY…,0
#أردوغان:حان الوقت لفتح صفحةجديدةفي العلاقات بين #إسرائيل و #تركيا https://t.co/o3mPATmiGi #فلسطين #غزة #حماس #السعودية #مصر #العراق #لبنان,0
سبحان المعز المذل قصة علي العريض من السجن إلي وزير داخلية تونس,0
أخبار رياضية : هذا ما قاله رونالدو عن مشاركة ريال مدريد في كأس العالم للأندية https://t.co/wFsQAJktAR,0
@Sllokei اسطورة التنس روجر فيدرر وصاحب 88 لقب منها 17 جراند سلام #اسطورة ❤️,0
ميزة في هاتف «جوجل» تكشف ابتزاز «أبل» https://t.co/ZtFyfDk79x https://t.co/6ygRaXjIvq,0
إلى حد البكاءِ على يديكِ، أحاول أن أغني، و أعرف أنني وطنٌ و منفى، و أني لست مني، و لكني، أحاولُ أن أغني، حين أبكي,0
#مقتل سبعة أشخاص إثر #حريق غابات اندلع في منطقة جبلية سياحية جنوبي #الولايات_المتحدة #أ_ف_ب https://t.co/mMqXoe47Mn,0
اعرف بلادك - المغرب عين أسردون - توجد في بني ملال وهي مدينة مغربية تقع في الوسط الغربي للمملكة المغربية وسهل,0
"تايملاين يليق بيه فيلم ""الأرهاب والكباب"" بدخلة يسرا المفاجأة 😌😃",1
مع كامل محبتي الشخصيّة للرؤساء عون وبريّ والحريري، لا تفهموني خطأ؟؟؟ عندما يقبل الرئيس ميشال عون بأن ينتخب من قبل... https://t.co/U0ffFBkR7u,0
ممتنة للثريد وكايسو انهم يفتحون نفسك 💛وايوه بوكيمون تمام، كيف حبيبة البوكيمون طيب؟ يومي مذهلرائع شكراً لك،  احصلي… https://t.co/ARa0PNnYJ6,0
في ناس غاويا كدب وكمان بتخاف فيديو متفبرك تماما مندوبتنا في ليسيه الحرية مادخلتش اللجنة أصلا بس حركات مفضوحة,0
RT @Elaph: طيران الإمارات وغوغل يطلقان مبادرة تثقيفية   #طيران_الإمارات #غوغل  https://t.co/zfBZqiEPkW https://t.co/dR1aX9RtI5,0
سبع دول من تدعم داعش امريكا بريطانيا فرنسا إسرائيل تركيا السعوديه قطر,0
#النّازحين_السّوريّين بيعتبرو اللي صار ب #حلب تحرير ومبسوطين وعم بِهللو#بس_هيك😊,1
تركيا تنفي عقد صفقة مع روسيا بشأن حلب https://t.co/XX4MMEgtW5,0
RT @aawsat_News: #نجاح_الحج1437ه | النجاحات #السعودية المتوالية في تنظيم #الحج تلجم أفواه المشككينhttps://t.co/Ovq7tMPWda https://t.co/dy…,0
RT @AbuAltahish6: @hrw_ar @aboaqil2010 امريكا هي راعية الارهاب .وتحالفها الدولي لضرب داعش انما هو لدعم داعش وكبيرتها السعودية العالم يعرف…,0
#يلا_نحفل_علي_احمد_ادم الرد هشتاج بردوا #باسم_طلع_حرامى,1
@Ahmed_ALHasani ويندوز 10 ممتاز بس جلب مشاكل واجد في لاب توب منها الاضاة الي حلتها ومنها انه الجهاز يعلق على فترات اذا تركته من دون استخدام,0
@DimaSadek الفرق بين الصورتين هي صورة لاهالي الجنوب في حرب تموزوالصوره الثانية لنزوح أهالي حلب الفرق النازحين السور… https://t.co/NC2lPOKHke,0
وقالو سعيدة في حياتها 😣 #إليسا,0
"إذاغيب الموت ""نعناع الجناين""فإن حكاء مصرالأصيل سيظل حاضرافى الوجدان المصرى بأعماله التى جسدت أحلام المهمشين،رحم الله""صياد اللولى""خيرى شلبى",0
#علوم_وتكنولوجياغوغل لا تعيّن أحدًا فوق الـ40 عامًا للعمل لديهاأقامت مجموعة من الباحثين عن عمل، وتفوق أعمارهم... https://t.co/jQoCRYsLaK,0
RT @mstr_federer: @fed89erer عالم الكرة الصفراء كان يتيماً حتى جاء فيدرر و اخرج جمال هذه الرياضة للعالم,0
ف #مصر #شخصية_مريبة متعرفش #بيشتغل لحساب مين بالظبط اسمو #نجيب_ساويرس بيعمل #قناة #لجاسوس اسمه #يسرى_فودة ليستضيف #عميل_برخصة اسمه #جمال_عيد,1
#ميشيل_تويني: كيف تم إخفاء معالم من موقع التفجير عند إغتيال #جبران_تويني ومن المسؤول ولماذا لم يُحرّك الملف كل هذا الوقت؟@MichelleTueini,0
#لافروف: إلغاء اجتماع #جنيف حول #حلب بسبب عدم مشاركة #واشنطن https://t.co/ozXKurx5dr,0
@LaaHooB_Q8 @alhurranews خلاص طاح الحطبو بوكيمون يبدى قلقه,1
لمصر شعب يحميها رب أجعل هذا البلد آمنا مطمئنا,0
"إثر هجومهما ""الهمجي"" على #حلب.. البيت الأبيض يحذر الأسد و #روسيا#سوريا #واشنطن #روسيا_تحرق_حلب #تدمير_المشافي",0
علي الأمين يكتب: موسكو أسقطت هدنة حلب: تريد سوريا كلها لا ‘المفيدة’ فقط https://t.co/mNFUsKJjVJ,0
#عرب48 | تطويق الأخبار الكاذبة على #فيسبوك: تهدد الديمقراطية https://t.co/jxeLkHwWy0,0
بعد الإنتخابات الأمريكية الأخيرة أثبت الإعلام الغربي أنه إعلام موجّه وغير صادق وأثبت الإعلام العربي أنه ببغائي بامت… https://t.co/jBCZQ61Dkx,1
فى مصر الانقلاب تعلو اصوات العهر والدعارة وتخفض اصوات الحق والعدل والشرفاء تحكمهم بيادة تلاحقهم رصاصة تأويهم سجون,0
موقع كلمتي: دفاع شفيق : لم تعد هناك عقبات تمنعه من العودة لمصر #احمد_شفيق https://t.co/gfCaCi0RwW,0
#الجيش_السوري يدمر 3 جرافات ويقتل من فيها جنوب مقبرة حوش نصري في #الغوطة_الشرقية,0
النازحين السوريين منحاشين من قتل بشار وحزب الله وايران  لهمراحوا حق لبنان اللي تحكمها ايران وحزب اللهدخلك راح يعالجونهم بفلوس الكويت ؟!!,0
#فريق_الاصائل_التطوعي-ينظم حفل #المولد_النبوي_الشريف https://t.co/RgyigWzAHq,0
ياويلللي اعوذ بالله #ماذا_لو_المدارس_مختلطه,0
#مصر • كاريكاتير _ #انتخبوا_العرص,1
بلغ التدني بالبعض حد وضع صورتي واسمي على حسابات تويتر مزيفة وإستخدامها للتطاول على حبيبتي وزوجتي وللخوض في عرضي، وتداولها عبر مواقع غير جادة,0
#رمضان_الخير قرب,0
كارلو أنشلوتي  قبل قليل : ريال مدريد هو نادي الكُرة الأرضية ! ...#تصريح_قوي 👌#حقيقة#Moh7,0
RT @alsrkhyalhasany: #الصرخي_يكشف_زيف_المدلسينانحرف السنة والشيعة بسبب داعش والسيستانيمقتبس من بحث (السيستاني ما قبل المهد الى ما بعد الل…,0
د عبد المنعم أبو الفتوح على قناة الحرة: أنا ضد مظاهرات ماسبيرو و ضد المظاهرات أمام الكنائس,0
عامل كهربائي يستغل وقت فراغه في عشر ذي الحجة في قراءة القرآن كتب الله أجره وغفر ذنبه #عشر_ذي_الحجة,0
دفاع #أحمد_شفيق: لا توجد عقبات أمام عودة المرشح الرئاسي الأسبق إلى #مصر https://t.co/DBucYMYr1q,0
#مركز_تدريب_قياده_للنساء_فقط هههههه دنتم مسخره ياراقل هونو على انفسكم يامجن فرنسا,1
عندما يرفع #راهب_مقدسي #الاذان من #كنيسة في #القدس، فهذا ما يفسر أحد أسرار شعب الجبارين في #فلسطين المحتلة.https://t.co/z45LAkRgIT,0
#الاعلام_رسالهكاذبه الكل ينشر فيها ما يريد و اذا كانت حجته ضعيفه اضاف كم صورة لمراة او لطفل اما جرحى او موتي لكي يكسب تعاطف المجتمع الدولي!,0
RT @DrOmaralmohamma: في معرض فرص العمل فن من فنون جذب العمالة .. كما لو كنت مع شركة غوغل في سابق عهدها #د_عمر_المحمد  #تدريب #استشارات #ت…,0
جوجل بلاي مقموص :3,1
@abo_raged حملت البرنامج وجربتو في اسطنبولبس موجود خيار واحد من والى المطار#اوبر موشغال هنا,0
@nawalatteya @Noor_al3omor من شخصيات بوكيمون زتّتْ (مو جو),0
"#فيدرر:"" حماسي وحبي للعبة يقوى أكثر وأكثر وأتطلع للمشاركة في بطولة استراليا المفتوحة"" https://t.co/bbjFC2aeQO",0
@_hiima انا عارف فولدمرت بتاع هاري بوتر بس مش فاهم والله :D,0
البلد اللي اليسار فيها ممكن يتحالف مع اليمين المتطرف عمرها ما تتقدم #فكره_لمصر_تتقدم_بيها,0
"#الآناضول عبر #محيط_اليمن | ""الحوثيون"" يكثفون هجماتهم الصاروخية صوب الجيش اليمني والحدود مع السعودية https://t.co/gEGNZFWgM8",0
https://t.co/C6ClP8eGPb #القدس  افتتاح مشروع اعادة تأهيل شبكة المياه في #العيزرية https://t.co/nxEOLxzYQ4,0
من المخجل ان يكون بوتن هو الذي ينذركم مما وعد الله ،، يا مسلمين !!https://t.co/lqPN3e1Xr1,1
#حلب : #الجيش_السوري يحكم سيطرته على كامل الأقسام الشرقية لـ #حي_كرم_القاطرجي ، و #حي_باب_النيرب و #حي_الحلوانية.,0
لأن مجلس الشعب منتخب على عوار وتشكيل التأسيسية أيضاً بسيطة وواضحة,0
برشلونة مهتم بالتعاقد مع موهبة تشيلسي الدفاعية: لا مستقبل مضمون له في ستامفورد بريدج https://t.co/PvtXoMOuP8,0
تجنن ويد  https://t.co/ZQqei5eMdy,0
قرار رئيس الجمهورية بعودة البرلمان للانعقاد صحيح و التنفيذ الصحيح لحكم المحكمة الدستورية يكون في الإنتخابات القادمة,0
RT @M__albugaily: قردوغان حليف اسرائيل يدعم تنظيم داعش في سوريا ومع ذلك لم يغضب عليه أحد ويهدده كما يفعل مع مصر التي تواجه الإرهاب بشكل عام…,1
@AbuAbufadel هيلاري كلنتون تصلي من اجل وسخ الدنيا والرئاسة الملعونه تنافق لليهود من اجل كرسي الرءاسه لان الصهيونيه العالميه تقرر من الرءيس,0
حمد لله تخرجت #ماذا_لو_المدارس_مختلطه,0
اللهم بلغنا رمضاااااااااان #نفسي يرجع بقا,0
تشافي: أفتقد اللعب مع برشلونة.. وبيكيه مستاء ومحبط هذا المحتوى من : كتب: أيمن جيلبرتو https://t.co/oUnIxRfaod https://t.co/4fBThzQgxQ,0
الروايات متضاربة ومتناقضة حول احداث طريق النصر الحل تحقيق عادل مستقل شفاف لاستجلاء الحقيقة ولا يجب ان يفلت من أجرم من العقاب مهما كان موقعه,0
هل هذه هي الديمقراطية؟ هل وزعت أيضا أموال على طلاب جامعة النيل والقيادات النقابية لزعزعة الاستقرار؟ هل بالأمن والقمع سنتعامل مع الاحتجاجات؟,0
مش هيحصل .الطرف الفرنسي ينفي الرواية المصريةhttps://t.co/JviJOF1F5F https://t.co/crJmj3jigp,0
حق شهدائنا يضيع بشكل منظم نظامنا القضائي عاجز عن القصاص والجهات التشريعية والتنفيذية لم تدعمه، ومحاسبة كل من قصر في جمع الأدلة ضرورة,0
كانت جامعة ليفربول تمسى بكلية #ليفربول الجامعية ١٨٨٢-١٨٨٤و بجامعة فيكتوريا في #ليفربول ١٨٨٤-١٩٠٣#جامعات_بريطانيا… https://t.co/dcx5gOrYtp,0
زعيم المعارضة الروسية يدعو لرحيل بوتن https://t.co/UR1m0fBUlB عبر @skynewsarabia,0
إنت فاكر إن متابعتك لأفلامي أهم من بلدي؟ في ستين ألف داهية وإوعى ترجع في كلامك قبل ما تعتذر على جهلك,0
يعني ناس قعدت تنكر تعرية ست البنات وبعدين قعدت تبرره مستني منهم فجأة ينتفضوا لكرامة الإنسانللأسف كلنا هندفع تمن غياب العدل في هذا البلد,1
روبرت دي نيرو مهاجما دونالد ترامب: كلب وخنزير وغبي https://t.co/JAicUONtyh,0
#خطر_في_القدس... يزداد الخطر بزيادة الغفلة واللامبالاة في قضايا #القدس وآخرها صوت مآذنها الذي يقاوم #الاحتلال,0
#الاحتلال يستولي على معدات وبضائع فلسطينية قرب #بيت_لحمhttps://t.co/4Sxms1GC1U https://t.co/dBsHME7RE7,0
@ashraaf_alsaad من اول ما جه سلمان وهو مبقاش ماشي بيعتقد الاعتقاد دة ان السعودية بتدعم مصر في القضاء على الاٍرهاب,0
@RTarabic احلى مافي تركيا إنها استقبلت السوريين النازحين وأستقبلت الدواعش للتدريبهم ودخولهم للسوريا والعراق مأجور يا عمو رجب بن طيب,1
RT @14__moony: سـاعـة الإشتيـاق ليس لهـا عقـارب .. ومع ذلك تلدغـك في كـل ثانيـة تعيشهـا#قروب_خواطر_للدعم#قروب_فيدرر_للدعم,0
RT @dr_naseer: الطائفية هي أن تبكي على أطفال حلب في الصباح وتضحك على قتل أطفال صنعاء في المساء. الموضوعية هي أن تتبرأ من قتل الأبرياء في كل…,0
"البقرة ""د""  وأجندة اليمين الإلحادي المتصهين الإرهابي  اليمين المتطرف الإلحادي المتصهين ، هي حركة إرهابية ، في... https://t.co/ewgUztqRcJ",1
انا #الأسد انا شجرة كبير مادة جدورها فـ الأرض شايلة ناس كتير اوي ~ بس انا اللي هشيل نفسي، انا هوصل للي فـ دماغي,0
صعود #اليمين_المتطرف: مخاطر هائلة على العالم https://t.co/gI6thAwMfG https://t.co/nAcDDGRWSN,0
حرية التعبير لا تتضمن التحريض على العنف و الفتنة الطائفية بل هو خطاب كراهية,0
عمال مصر هم عماد الوطن، تكرار الإعتداء على العمال يؤكد ان دولة مبارك لم تسقط وان تغيرت الوجوه,0
"لبنان جاب جورج كلوني ""صهر""، وسوريا عملت ريكي مارتن ""كنّة""... 😎 https://t.co/Xme6psdqbr",1
النبطية الفوقا احتفلت بذكرى المولد النبوي الشريف https://t.co/0LtJ1E6IfY https://t.co/mApFgNUrm5,0
أضفت فيديو إلى قائمة تشغيل @YouTube على https://t.co/MtfdW72fqR تحميل نسخة ويندوز 10,0
انتخابات الرئاسة في النمسا: هزيمة مرشح اليمين المتطرف نوربرت هوفر أمام فان دير بيلين https://t.co/fehz9Y3BHM,0
9سبتمبر عيد الفلاح الذى ظلمته السلطة واهملته المعارضة نحتاج لاصلاح زراعى جديد و نقابة مستقلة للفلاحين لا تغيير بدون الجماهير وفى قلبها الفلاحين,0
ان  #الإخوان_المسلمين هم حزب الله العرب السني الموالي لولي الفقيه,0
@ar_stylish مقارنة بسعرها مافيها شيء مميز ابداً أو غريب غير كذا مو ستايل غوتشي أقرب لمارك جاكوب,0
اشرب ياقصير العمر منك له لها وياللي خربتوها ونهايتكم السجن او القتل لان اصلكم مجرمين واللي عملنكم بريطانيا من 85... https://t.co/8krvlB2TUj,1
RT @s_h_a_h_d: اللهم انصر الاسلام وأعز المسلميناللهم إنك أنت الجبار فاجبر كسرناوأنت المعز فأعزنا بعزكوأنت المنتقم فانتقم لنا ممن عادانا…,0
كنت تأجل وتيجي منك بجميلة وتعمل فيها قعر مجلس وكبير العائلة بس هتقول إيه الغباء السياسي صنعة,1
كم متابع للاعظمية نيوز في #فلسطين الحبيبة تاك الصاحبك الي عايش ب فلسطين https://t.co/F1CacDidOp,0
RT @FAWZIALAJI: طفل أمريكي يكتب رسالة للرئيس #أوباما ليسمح للطفل السوري #عمران بدخول #أمريكا ليعيش مع أسرته ويتخذه أخاً!#سوريا https://t.…,0
جمعت القروش المميزة في ٣ عوالم.. متعة اللعبة تتلخص في تجميعها + طور الرالي اللي يوسع مملكتك وخياراتك 👍… https://t.co/sDp22n6bBm,0
#ديموقراطية بلا معارضة قوية مثل القاطرة بلا كوابح… #وعي #سياسة #نهضة,0
@alqashi_amer @asdnofal1987 @Ahmad_Etan ماشي يا سيسي,0
RT @RTarabic: #أبل  تكسب معركة قضائية ضد #سامسونغ #اسأل_أكثرhttps://t.co/zM1QaK7pRk https://t.co/Fe8XpsOfk9,0
آردا توران: برشلونة رفض بيعي بمبلغ فلكي! - https://t.co/oxZ5sFY43D https://t.co/ydmBtB2anG #برشلونة,0
يقال أن إمبراطور #الصين كان يختبر موظفيه مرة واحدة كل ثلاث سنوات، لجس نبض مستواهم الفكري و النتيجة واحدة من اثنين إما الترقية أو الفصل !!!,0
Listen to سنتين وانا احايل فيك -نوال الزغبى  https://t.co/6yiCO7Y0QG,0
لما اشوف هيلاري كلنتون ودونالد ترمب يتهاوشون اتذكر فام the campaign,1
#اليمنية| #مليشيات_الحوثي_وصالح تستهدف منازل وقرى المواطنين بمحافظة البيضاءhttps://t.co/3VEeiPQGI3#التحالف_العربي_سند_اليمن,0
للـــــــــــــــــزواج أرمـــــــــــــــلة سورية مقيمة جميلة هادئة حنونة  https://t.co/jaCTRRBii0,0
"RT @LGArabic: عندما سألو ليدي قاقا اذا كانت سـتتنتخب ""دونالد ترامب"" المرشح السياسي العنصري 😂. https://t.co/5XNAtntWne",1
#الاحتلال يغرم مسجدًا 200 دولار لرفعه الأذان عبر المكبرات!!https://t.co/VPSiqCSgcD https://t.co/0M0jyqBtKg,0
@elissakh يلا اليسيانز كلنا نصوت لافضل البوم في سنة ٢٠١٦ طبعاً اليسا #سهرناياليل #اليسا وصوتو اكثر من مرة https://t.co/il24JppOHr,0
RT @BeesoS11: توماسوف لاعب كبير وكان افضل لاعب في كرواتيا الموسم الماضي لاتحكموا على مستواه مع #النصر البيئة سيئه جدآ لو جبتو ميسي بيتحو…,0
حزب الاصلاح ينقل صورة خاطئة عن إذاعة #عدن  المستقبل ويقول انها تابعة لحزب الله كذبتم ولم يصدقكم احد ياحريم السلطان نحن اشرف منكم ياخونه,1
عزيزي #ابراهيم_محلب تغطية عجز الموازنه بزيادة الاسعار سياسة المسئول الفاشل قليل الحيله,1
#رصد | تظاهرات ووقفات احتجاجية منذ صباح اليوم بجامعة #الفيوم نظم طلاب جامعة الفيوم اليوم عدد من الوقفات …,0
هد دايرة و بنلف فيها ، الداخلية مش عايزة بقي في اولتراس فاخترعت مذبخة بورسعيد فالناس تموت فالجمهور يتمنع من الماتشات #الكورة_للجماهير,0
#إلهام_شاهين تتعرّض لموقف محرج في #مهرجان_القاهرة_السينمائي  https://t.co/OOIeaooDc3 https://t.co/jbHQCPulnZ,0
أدين بكل قوة العنف بكافة أشكاله وصوره ضد كل إنسان أيا كانت عقيدته أو انتماؤه قوتنا هي الحق وسلميتنا هي السبيل,0
@Hamed_Alali @aboalhodaalhoms هذه نتائج ربع تحرير الجزائر من فرنساوخذلان جبة الانقاذ عندما فازت بالانتخاباتأتذكرون؟حدث لهم كما حدث في مصر,0
صورة رقم 10 #خواطر_ثلجية #معرض_الكويت_الدولي_للكتاب https://t.co/3rmNT0eiD4,0
RT @watan_usa: حازم عبد العظيم ساخرا: دبلوماسية مصر السيسي غير مسبوقة في تاريخ الدول https://t.co/zzDnkBSfXy https://t.co/no3FKECTFn,1
#اوعى_تنسى طوابير السيسي و اخونه المقابر و زرع فى مل عائله جرح عميق لسه فاكر و انت نسيت؟؟,1
أغلى 10 أكلات في العالم.. يفوق سعر بعضها الذهب #الصين #اللحوم #المشروبات #الولايات_المتحدة #اليابان #جسم_الإنسان…… https://t.co/spPJeyhkt6,0
@AsmaKIDL نعم تقدرين عن طريق أمازون,0
@malak_alhusaini ابي ايفووووووووون نفسسسسسسسي بالايفوووووووون اللله يسعددددك 😭😭😭😭😭😭😭,0
الاسلام يحتاج للميديا بشتى انواعهامن افلام واخبار وكتبلتوضح الصورة المشوهة من قبل الاعلام الغربي #منظمه_التعاون_الاسلامي,0
كيف تشكلت صورة السعودي لدى الإعلام الغربي؟ وما هو الدور الذي كان يؤديه مرتزقة الإعلام؟تتبع المال يكشف حقيقة هذه المساعي #فضيحة_تركي_الدخيل,1
@iishz16 كفو ي جستن بيبر 😂,0
نعلم ما تمثله مصر لإفريقيا وندعم خارطة الطريق #السادة_المحترمون,0
@news_ger_chekel ليش احلام عم تمثل مع رامي عياش بالمسلسل ؟؟ 🤔🤔,0
@manna987 @manae2006 قال له : النصر حليفك .. لعنة الله عليهما .. لافرق بينهما #جرائم #بوتن,1
#نادين_نسيب_نجيم تابعو الاعلامية الجميله #داليا_ايمن 👇🏻👇🏻 https://t.co/BejF3ZJVeJ,0
“أبل” تكسب معركة قضائية ضد “سامسونغ” https://t.co/hGjmhe0Sua https://t.co/ahr4dXYltw https://t.co/xxdrB1OzG9,0
RT @SasaPostMedia: عندما يفوز دونالد ترامب كيف ستتأثر أمريكا والعالم #ساسة_بوست https://t.co/8te28Emb33,0
المعارضة تسترجع مواقع في #حلب.. والمعارك تتواصلhttps://t.co/3SwQz656i9#السعودية #سوريا https://t.co/rn60BB6CNl,0
رفع الشعارات السياسية في الحج حرام شرعاً وخيانة وطنية …,0
ستحل الجمعة القادمة الملكة @elissakh ضيفة عمرو أديب في برنامج كل يوم جمعة لأول حلقاته وحتكون #اليسا فله وشمعه ومنوره https://t.co/VMhwkLGqOw,0
باقي بس ثلاث ايام عن اول عرض لفلم فانتاستيك بيتس ان وير تو فايند ذيم * قيل قصة هاري بوتر بـ 19 سنة 😭 اخخخيراً.,0
@abuyemmen @alhanouf0690 ترى انت واحد بس من ضن اليمنين الشرفا اللي ما صاروا كلاب إيران ، إيران دمرت العراق سوريا والان انتم وتكذب عليكم,1
إحنا عندنا ثقافة اعتياد للقبح، ثقافة اعتياد للقذارة، آردوغان قدر انه يبدأ نهضته بالنظافة، شيراك لما كان عمدة…,0
تطهير الداخلية الآن وفورا,0
#من_الاخير_اخذها ارتباطي بنجوى كرم اشاعة و ميريام فارس بنت حارتي بس 🏃🏻,0
ريكي مارتن وخطيبه يثيران ضجة من جديده .. وهذه تفاصيل خطوبتهما! https://t.co/6E8CZj1q04,0
RT @aa_arabic: متحدث الرئاسة التركية: التطبيع مع #إسرائيل و #روسيا هام للسلام والاستقرار الإقليمي https://t.co/nm47dssKdY https://t.co/PX…,0
Bonjour 💗💗وبخصوص الملابس تجننن والشوز والتنورة 😍🔥🔥  وكل شيء بالحلقة كان رائع 😘🙈@nadinenjeim #nadinenassibnjeim… https://t.co/nDyHgC0Ude,0
اعلنوا انهم لقوا اثار مواد متفجرة على جثث ضحايا طائرة مصر للطيران اللي وقعت من سبع شهور !! https://t.co/ZLWWMxi2DY,0
يكفينا فخرا انو بتاريخ هالجمهورية اجا رجال عالرئاسة الاولى اسمو ميشال عون..,0
انفولو بلال مرشح الكنيسة و نصير دولة الفقيه ايوه الاتنين مع بعض,0
"كنت أعتقد أن خدمة ""غوغل ترجمة"" سيئة جدًا إلى أن جربت ""بينغ"". ملك جمال الترجمة #غوغل 😅",1
RT @Rashedalkaabiii: والله عيب حتى #ميسي قام يطقطق علينا 😅✋🏼حد يشوف لنا حل 💔🇦🇪#مهدي_علي_برع #انقذوا_الحلم #اقاله_مهدي_علي https://t.co/…,1
كذلك فيه البعض يفضل التأكسي على اوبر او كريمبالرغم من جهل الراكب لمعلومات السائق وحتى معلومات السيارة٣#اوبر#كريم,0
بالصور: العائلة الملكيّة بأزياءٍ من أجواء عيد الميلادhttps://t.co/aaAuKGolvr  #Christmas #RoyalFamily,0
@ArabShop اخوي بغيت اشتري عربية أطفال و البائع امازون وحاطين وزن الشحنة 11 ونص كيلو .. وتشحن مباشر للسعودية لكن غالي شوي 600 ريال .. يتبع.,0
#السعوديه_الاماراتميسي يتابع الصديق والعشير فهد المولد https://t.co/Eb9qP6pw2f,0
سيشهد التاريخ ان انون اول من اخترع مانيكان تشالنج #Anoon#mannequinchallenge https://t.co/wm2TMZTx4w,0
RT @onehasmedia: جوجل لا تطلب شهادات، للتوظيفhttps://t.co/Rs7ugWSmNA https://t.co/XdsIeA3v44,0
RT @m3lomt_11: فرحه مصري لدخول رجل الى الأسلام ! ما شاء الله عليه :) https://t.co/0Fp5EzMmBv6660,0
إستمتعنا وأسعدتينا كالعادهوأبداً ما بنكتفي بكم ساعة من اللقاء عايزين أكتر ودائماً بنتعلم منك ♡Love You NNN… https://t.co/eUD0FY4mRg,0
بالفيديو.. هرب مقاتلى جبهة النصرة وتخليهم عن أسلحتهم بشرق حلب https://t.co/PuVRikLajj,0
RT @F_ALDFIRE: لاعبين ريال مدريد المصابين :١- راموس ❌٢- مارسيلو ❌٣- كاسيميرو ❌٤- مودريتش ❌٥- خيميس❌٦- كوينتراو ❌٧-الجمهور❌٨-المتابع…,0
قد ﻳﺒﻄﺊ ﺍﻟﻨﺼﺮ ﻷ‌ﻥ ﺍﻟﺒﻴﺌﺔ ﻻ‌ ﺗﺼﻠﺢ ﺑﻌﺪ لإ‌ﺳﺘﻘﺒﺎﻝ ﺍﻟﺤﻖ ﻭﺍﻟﺨﻴﺮ ﻭﺍﻟﻌﺪﻝ ﺍﻟﺬﻱ ﺗﻤﺜﻠﻪ ﺍﻷ‌ﻣﺔ ﺍﻟﻤﺆﻣﻨﺔ سيد قطب,0
#لافروف: المسلحون الذين سيرفضون مغادرة #حلب سيتم القضاء عليهم,0
عبفتاح السيسي أوميجا العالمى #انتخبوا_العرص,1
بوب ديلان في السويد أبريل المقبل، فهل يتسلم جائزة نوبل؟! #بوب_ديلان https://t.co/N2Kz7kMik6,0
#حياة_التقنية | سيانوجين تتخلى عن تطوير رومات أندرويد كاملة https://t.co/pWMVK0e5LR https://t.co/6QnOMgEiZO,0
#Fairuz  #Christmas Songs From #Syria  فيروز# أغاني الميلاد #حلب_تباد_بسكوت_العرب_والعالم   https://t.co/tE5szvoV53 via @YouTube,0
سايب صاحبك يهزر معاك و يشتمك بامك ؟ معلش اصلها فكرت نفسها جابت راجل طلع #سيكو_سيكو,1
طريق جوبيانج في #الصين؛ أحد أخطر الطرق في العالم#غرد_بصورة https://t.co/3NKG6qDu11,0
@Lionel__FCB انا اقول واحد يلبس شورت ميسي وتمشي الامور,1
#لافروف يعارض مشروع الهدنة ويتوعد المعارضة بـ #حلب#اخبار #سوريا https://t.co/ZN5U0trqGm,0
أقوال من خطاب أوباما الذي لم يقله وهو متضمن في حال سياسته- أكبر إنجازات إدارتي هي وأد «الربيع العربي»- الثورات... https://t.co/kYSLUWLSXl,0
آلايآم يا حبيبي بتجري ولسه آنا مستنية 💔☹️️#اليسا https://t.co/bMJlXKqX9O,0
من الطبيعي ان تجد شخصا منافقا ومن الممكن ان تجد رجل دين منافقا لكن ما يفعله على جمعه تخطى كل الحدود,1
رماد #كاسترو يزور ضريح #تشي_غيفاراhttps://t.co/mcNMyVhLWT https://t.co/BnylhWAIDw,0
خمس الاف #الامارات #الهلال #النصر #السعودية #الكويت #قطر #الرياض #مكة #رتويت # #دبي #الشارقة # #غرد_بصورة 168,0
#تكنولوجيا | اطلاق النسخة الرسمية الأولى للعبة سوبر ماريو رن #SuperMarioRun https://t.co/g1lpD7ufXy,0
وتتوالى الإبداعات في العالم العربي #اﻷم_المثالية في مصر #سمير_جعجع رئيساً للبنان #والعرص_ابن_العرص مرشح للرئاسة,1
RT @20fourMedia: #أبل تكسب معركة بـ 120 مليون دولار ضد #سامسونغ بشأن براءاتhttps://t.co/ZyXnCtxtHN https://t.co/mYfbAKw7dd,0
بيت صغير بكندا مايعرف طريقه حدا 🌼#فيروز,0
RT @ajmubasher: لمتابعة المناظرة الرئاسية الثانية بين المرشحة الديمقراطية هيلاري #كلنتون ومنافسها الجمهوري #ترامب، اليوم في تمام 4 عصرا بتو…,0
RT @turkyepost: #أردوغان : إذا كان المرتكب غير مسلم لا يسمونها عملية إرهابية ولا يتحدثون عن الإرهاب اليهودي والبوذي والملحد #تركيا_بوست,0
ملوك الاناقه والفخامة طبعاا قميص غوتشي لابس تاي تاي😊😀😀 https://t.co/l61kPhg9Tj,0
أنا أبكي !! وأدري أن دموع العين خذلان وملح !! #محمود درويش,0
نسيت أقولك إنك لو مؤمن بعدل ربنا لازم تطلع مبارك من السجن أو تحصله لأنك مسئول سياسيا عن قتل مواطنين مصريينبلوك وريبورت سبام,0
طعمة ... بتزيّن سفرة العيد#tequenos #christmas #tasty #cheese #sheeserolls #lebanon https://t.co/PmMhOPHvMu,0
اكتشف 5 معلومات لا تعرفها عن روجر فيدرر نجم رياضة التنس: https://t.co/rPJXyAMNTD via,0
RT @AuntieMeryem: @UglinesslV ترى محد تحمس غيري لا تاخذ وضعية جستن بيبر,0
بالفيديو يوسف الحسيني بيهزق الحكومة انتوا حكومه بلاميطي,1
@drMkmo5رحم الله عز الدين القسام واحمد ياسين عندها كانت فلسطين تحت ضل راية فلسطينليسو تحت راية #فتح او #حماس اللهم وحد الصف والعن الخونه,0
#لافروف المقاتلين الذين سيرفضون الانسحاب من #حلب_الشرقية سيعاملون كإرهابيين، وأن #روسيا ستدعم الحملة التي سيشنها الجيش السوري عليهم.,0
"إطلاق رواية ""رامبير-حفلة تنكرية"" للمتوكل طه #المطبخ_الاخباري #فلسطين",0
عاجل | https://t.co/bQaBXsdsyF: وصول ظريف الى بيت الوسط للقاء الحريري,0
شجرة عيد الميلاد ، رمز الحياة و النور#kronfol #ilovekronfol #lebanon #christmas https://t.co/ZnORyTaCkG,0
RT @Arabi21News: تهيئة بـ #مصر لخفض دعم الوقود بعد تأخر إمدادات #السعوديةرابط الموقع الجديد:https://t.co/EgPNF5xXPvhttps://t.co/X4WBhE4g…,0
ألمانيا تستضيف بطولة العالم للزلاجات بدلا من روسيا https://t.co/euAaTiOstZ https://t.co/EMn2BiesuA,0
@saadhariri الرئيس #سعد_الحريري :سنظل على قسم  الشهيد #جبران_تويني بأن نبقى موحدين دفاعا عن وطننا https://t.co/MMzbLKsJkL,0
أشكركم جميعاً على وقتكم الثمين والساعة لا تكفي معكم,0
RT @shaamnews: شبكة #شام الإخبارية|| سورية ومأساتهابقلم: وليد البني https://t.co/TfdFlZhlXY,0
الدوري الإسباني جولة 151- ريال مدريد 37 نقطة2- برشلونة 31 نقطة3- إشبيلية 30 نقطة4- فياريال 26 نقطة5- ريال سويداد 26 نقطة,0
#اليمنية| لجنة التحقيق تختتم برنامج نزولها الميداني إلى #الضالعhttps://t.co/PrDd1QTvNJ#التحالف_العربي_سند_اليمن#جنود_التحالف_سند_لليمن,0
استخراج #تاشيرة #شنغن في اسرع وقت وباقل الاسعار الاوراق المطلوبة لاستخراج التاشيرة#سفر #سياحة #اوروبا #عروض… https://t.co/WjINyAf1lq,0
ضباط النظام السوري الرافضي يقدمون نساءسوريا للضباط الروس جيش الدياثه اسمعوا{جيبلو بنت من الدفاع الوطني فورا https://t.co/FJJEpgjz2a  #اليمن,0
هو لما يكون النظام السورى قمعى اروح واقف فى صف جبهة النصرة  وال 160  مليشيا المسلحة من كل ارجاء الدنيا  اؤيدها وابررلها وممكن انضم لها  كمان,0
أين المتشدقين علينا بجرافات الموت التي ترسلهم مصراتة دعم لثوار بنغازي ... بوتن يعزز حفتر بجرفات و صواريخ للموت حلال… https://t.co/rfS9deMPsy,0
@OsamaSa52154927 @asealolat قاعد تترجل على التويتر ادهب لتنصر جبهة النصرة في حلب لتفرح بك فرنسا وامريكا في مجلس الامن,1
@Moaazf1 @sabqorg يادلخ منتخب الارجنتين اللي يلعب فيه ميسي بيلعب في كأس العالم 2018 بروسيا واذا تقابلت السعوديه مع الارجنتين ياحمار المولد ب,1
عم بحكي مع حالي #نوال_الزغبي https://t.co/EVvOFQhSw3,0
@Alito_NBA انا معاك ويستبروك يحتاج سنتر قوي بدال ادمز .. ادمز ضعيف دفاعيا مع العلم انا جديد بالسله اول موسم اتابع اللعبه ..، 🌹,0
#عزام_الأحمد يؤكد أهمية الدور القطري في #المصالحة_الفلسطينيةhttps://t.co/mM7d1g0HFh#قطر #فلسطين #حماس #فتح https://t.co/WA3dMRzyc8,0
2525 أنا برضه اللي بتكلم زي عمر سليمان؟ ده شكله متعلم منكم وبكل أمانة أنا كنت أحترمكم أيضاً ولكن كفاية وهم لحد هنا,1
#أندي_موراي يحصد جائزة شخصية عام 2016https://t.co/NJHR5FALjQ@egyptiontoday في #بريطانيا,0
هم يتغزلون و انتي مثل بومه هاري بوتر توصلين الكلام https://t.co/lWEFPRK0tj,1
# : شمروخ فى الايد يغنى والنار رمز احتفال وان جيت فى يوم تلومنى مش عالبال # : وتعيش الاولتراس بتحارب على مر السنين #الكورة_للجماهير,0
إنتا فرحة جات لِ عندي بعد دنيا من التعب السعادة إللي بعشها يَ حبيبي إنتا السبب ضحگتك عقلك جنونك والحنان إللي في عيونك #شير…,0
#ستولتنبرغ| سنعمل مع الرئيس الأمريكي المنتخب #ترمب لتطوير حلف #الناتو#مباشر #تركيا,0
#مستشفى_الجلاءرغم كل ما حدث و يحدث و سيحدث ستظل #بنغازي صمام آمان الوطن و #لابد_من_ليبيا_و_إن_طال_النضال بسواعد أبطال شجعان و عقول نيرة,0
#الناتو يعطي الضوء الأخضر لتركيا لامتلاك منظومة دفاع جوي بعيدة المدى #لبنان_الآن,0
@Alito_NBA @ChrisBHaynes علي اللحية خذ جوالي,1
RT @ajmubasher: ما هو تقييمك لأداء دونالد #ترامب و هيلاري #كلنتون.. في #المناظرة_الثانية؟ #كلينتونvsترامب https://t.co/hDAVTlIdqR,0
وعلى قولة #فيروز ..وينن وين صواتن وين وجوهن وينن؟صار في وادي بيني وبينن ..بيوجعني قلبي من هالمنظر..حىتى لو عالتلفزيون ..بحس بالغربة #دمشق,0
عائدات بوكيمون جو مليوني دولار يومياًhttps://t.co/kMiZuzb1NK #All_Techno_news https://t.co/W5NCMPPecW,0
١١ سنة و بعدك حرقة بالقلب.. بس صوتك باقي اعلى من ابواق الخونة و القتلة. رح يجي نهار و ينتصر في النور عالظلمة..#جبران_تويني,0
RT @Counselkremlin: زعلانيين على التصويت المصري ضد الارهاب .. يعنى تبونهم يحاربون الارهاب في سيناء ويأيدونه في سوريا .. !!هذا منطق الاع…,1
محمد عساف .. زي  فكرتي .. دخلوا #فلسطين مو تطبيع .التطبيع أننا نجهلهاالتطبيع عزلتها  mbc#,0
فيديو | تدافع وازدحام حول #عادل_إمام في عزاء الفنان الراحل #محمود_عبد العزيزالصور والتفاصيل..… https://t.co/X1ggeR8T7Y,0
انه دائماً من الرائع أن تكسب الجوائز لأن هذا يعني انك قدمت موسماً جيداً #تشلسي #تشيلسي,0
"قرار جمهوري بتعيين رئيس الجمهورية أصدق من انتخابات ""تعبيرية"" مقصور حق الترشح فيها على خمسة أفراد لنقاطع هذا العبث كفانا خداع للشعب",0
RT @Bitajarod: سعد رمضان زفّ عريساً في مسقط رأسهhttps://t.co/Ka3WiXnWYp@Saad_Ramadan https://t.co/uLz2OU4Fjh,0
"أزمة دبلوماسية حادة بين موسكو وباريس بسبب ""سورية""https://t.co/pWmXwK6KFs https://t.co/biecOOuiQJ",0
كلية استغفر الله العظيم المعيدين عايزين يعملوا فيها دكاترة وبيشتغلوا علي مزاجهم #فنون_تطبيقية #دمياط,1
#عادل_إمام ينهي الشّائعات ويحضر #تأبينية الراحل #محمود_عبد_العزيزhttps://t.co/uIHs1kqPhu https://t.co/RQfRbgQpyC,0
تعتبر جامعة #ليفربول من ضمن جامعات الطوب الأحمر الستة اي حازت على مركز الجامعة قبل الحرب العالمية الاولى… https://t.co/PppH6syz8T,0
ابويا خد الهاند فري وخباه منى علشان مسمعش يونس 😆ميعرفش ان فى تطبيق للراديو على جوجل بلاى😂😂😁😂😘 #احمد_يونس_في_صاحبه_السعاده,0
#اليمنية| اللواء “محمود الصبيحي” يرفض عرضا مشروطاً للحوثيين لترشيحه رئيساً توافقياً لليمنhttps://t.co/x4orJX1Uax… https://t.co/9ncqBKGCkB,0
RT @Yousiif65: هاري بوتر؟👓🎩 https://t.co/959OoWvGZr,0
#الأمم_المتحدة #الحقوق_الانسان    #BBC  من اين أتوا الدواعش ..  https://t.co/6m5tL38oIn,0
كتير متحمسة لحتى احضر هي المقابلة😌💕 #اليسا #elissa https://t.co/SMiHlSQjTp,0
RT @islam_attia16: بوكيمون فوق صفيح ساخن😂😂 #حط_بوكيمون_فاسم_فيلم,1
@MajdKanaann @doip52otud9UVpJ قلك كونوا أنصار اللهمصدقين انهم المقصودين في القرانولبنانحزب الله الا ان حزب الله هم الغالبونوهابية الشيعه,0
RT @dotemirates: أسهم #تويتر تنخفض 20% بعد تراجع #غوغل و #ديزني عن الرغبة في شرائهhttps://t.co/1JXvKQ8cCI,0
#اليمنية| وزيرا نفط #إيران و #العراق لن يحضرا محادثات #إسطنبولhttps://t.co/uZYzzYj33R https://t.co/FJvjuFGTBA,0
إلى المصريين الأحرار إلى شعب مصر العظيم حانت ساعة الاتحاد و الاعتماد على النفس لا بد أن نقف وقفة رجل واحد ضد الإرهاب و داعميه بالخارج,0
الله يبارك فيكي يا هند,0
"أمسية للراحل #محمود_عبدالعزيز بعنوان ""صانع البهجة"" ب #مهرجان_القاهرة_السينمائى @CairoFilms. #CBC_CIFF للبث المباشر… https://t.co/0jiHBVNSdN",0
فشخين الدنيا ب احمد الشيخ وانه هداف الدوري برصيد ٨ اجوال منهم ٥ ضربات جزاء !! اللي فتح الله عملها قبله عادي,1
#روسيا_الصليبيةمايحدث في سوريا من قتل وتدمير  حرب صليبية ضد المسلمين بمباركة من بطريرك روسيا قبيل بدء الحرب .,1
يوسف سونة : دونالد ترامب و هيلاري كلينتون من يحضن من ما بعد الانتخابات ؟ https://t.co/NLRsRt7NHG,0
الأسواني للرئيس: لا تظن أن الكذب يضركبالعكسالكذب اذا تكرر بكثافة سيؤدى الى تشويش أذهان الناس حتى المقال كاملاً >>,0
RT @isultan_fcb: هاتريك ميسي ذو ال١٩ عام في مرمى ريال مدريد  https://t.co/coKj5PHklC,0
مش كده برضه حيث كده خد دي لحد ما أشوفك على خيرصباح الفل,0
أرى أن النظام المختلط بين النظام البرلماني والنظام الرئاسي هو الانسب لنا هذه الفترة التى تتوزع فيه السلطة,0
"RT @PhilosopherSaud: - الممثل روبيرت دي نيرو ، يهاجم المرشح ""دونالد ترامب"" ويصفه بالكلب والخنزير ، ويدعو إلى التصويت ضده !! https://t.co/…",1
@Adnan_Jas ابو جستن وش الإبداع في صياغة المشاعر غطيت على جستن بيبر,0
#اعترافات_الطفولة احب كونان واحلم يرجع سينشي ونتزوج,0
والعسكر سيطر ظلم اتجبر للشر حضر ع الحدود زي الفراخ وع الحريم يتشطر #عسكر_كاذبون,1
RT @thenewkhaleej: ارتفاع الديون السعودية خلال 20 شهرا إلى 73 مليار دولارفي حالة الحجب https://t.co/SzHGcGFTom https://t.co/cZaOvgM3nx,0
#اقتباس من #كتاب نظرات في القيادةللدكتور: بدر الزيد الطريجي @Qodwat تجدونه في جناح #مدارك… https://t.co/7CiQt9wliJ,0
سلاماعلى شهداء الانتصارالعربى ، وتحية الى قواتنا المسلحة التى عبرت بمصر من الهزيمة الى النصر (إن ينصركم الله فلا غالب لكم),0
كل من عليها فان  ..مش فنان #عادل_امام,0
تعرف على القصة الكاملة للحادث الذي تعرض له الزعيم #عادل_إمام في #تونسhttps://t.co/LAGLIaQcWf https://t.co/CLPKZwGbtS,0
ميدل ايست أونلاين||#موسكو و #طهران تستقطبان #تركيا الغاضبة من الدعم #الأمريكي لـ #الأكراد .https://t.co/TPti7JIK51 https://t.co/aEoMjpKBdj,0
أيها المتحدثون عن شرع الله هل يوجد في شرع الله تهمة اسمها العيب في الذات الملكية هل من شرع الله التعاون العسكري مع امريكا لتحتل العراق,1
مولانا التيس,1
حظوظ المرشح الرئاسي الامريكي عن الحزب الجمهوري دونالد ترامب تتقدم على مرشحة الحزب الديموقراطي هيلاري كلنتون بعد مناظرة البارحة ، والآتي اعظم,0
نفتخر بيك يا سيسي يا نور عيني نفتخر بيك ياااا رئيسنا يا غالي ❤🌼❤🌼❤🌼❤🌼❤ https://t.co/AKjwWPCv5k,0
فكرك هوايا دا صغير ياللي انت ناوي تدوبني #دينا_الوديدي,0
رامي عياش_ رائع بحبك رائع https://t.co/tOxExGwf4k,0
توصيل.مشاوير.طلبات.اغراض0569339790#جدة#اوبر#كريم#توصيل#توصيل_طلبات#مشواري#مشوار#مشاوير .#تاكسي_جدة #توصيل_جدة#تاكسي#مشاوير_جدة,0
اسرائيل تفرض أول غرامة على مسجد بسبب رفع الأذان https://t.co/2Ckdno8lXJ #رفع_الأذان #فلسطين,0
إيران: الإصلاحيون والمحافظون يتعايرون بـ «غرين كارد» https://t.co/cxbUzqFJrV https://t.co/HuKeaGbAD2,0
#الزمن_الجميل #نوال_الزغبي   كانت تعحبني جدا انيقه وجميله واغانيها تهبل طفى بريقها الحين خساره 💔 https://t.co/fX2tkvWsea,0
RT @a10892944: انتي ممحونه انتي .. انتي تنزلي صور ولاد وتقولي هييييح انتي 😂غوتشي غوتشي غوتشي 😁,1
رسميا .. القبض على زوجة مختار بلمختار القيادي بتنظيم القاعدة شرقي الجبل الأخضر. #ليبيا,0
القوات العراقية تواصل التقدم في الموصل وتحرر قرية الحميرة https://t.co/FPYQnUrYBb #اليمن #نجران https://t.co/Xm7rKt8ZzB,0
RT @GantElfrdwos: مش هنرسم خريطة جديدة لمصر يا سيسيايهلسه هتبيع حاجات تانيطيب نرسمها لما الاكازيون يخلص,1
RT @nbenotman: عندي نصيحتين في التغريدتين التاليتين أتمنى التفكير فيهما بتمعن خلال غيابي عنكم كم يوم بسبب أنغماسنا في مكافحة الأرهاب أقليمي…,0
⁧#اليمن⁩ على مفترق طرق: أوقف الحرب وإلا فإن رقعتها ستتسع ⁦https://t.co/jFiDiRBj7a⁩ اقرأ تحليل ستيفن أ. سيش. (باللغة العربية) #كيري #السعودية,0
آه الناس حواليك بتحب مرسي وماله؟ بس مرسي ماهواش أغلى عند الناس دي من رزق عيالها ومن مستقبلها ولو حست إنه فاشل مش عارف يحل هتقلب عليه وعليك,0
الفحم وصل يا استاذنا واحنا واقفين نتفرج #أوقفوا_الفحم #حكومه_تقتل_المرضى,1
RT @HUN_0_TER: @Counselkremlin الرئيس #الروسيفلاديمير بوتين :يشرح كيف انشأ اوباما داعش https://t.co/Gx2lgHyVA5,0
يجب على #تركيا و #إيران و #الصين و #روسيا أن تُتاجر مع عملاتها. ليست هناك حاجة للتجارة مع #الدولار و #اليورو.,0
هل بدأ الاحتكاك الخشن بين #عون و #حزب_الله  https://t.co/GYcluaupkj https://t.co/HpR5yj1xaC,0
@intstellarburst @Es2all دى مشكله عموما ف ويندوز 10 كله غيرى النسخه وخليها 8 احسن,0
مو معقوووولة لاعبين بهالحجم غياب لاعب حتى لو هاللاعب هو #ميسي ياخي شلون تبي تحقق مونديال وأنت بدونه ضاااااايع !!!!#الارجنتين_البارغواي,1
الرهن في الفقه الإسلاميرسالة دكتوراهد. مبارك بن محمد الدعيلج.#معرض_الكويت_الدولي_للكتاب.السعر (٢) دينار https://t.co/9OI8VRXg3I,0
كشفت صحيفة (موندو ديبورتيفو) الإسبانية عن رغبة برشلونة في ضم مدافع تشيلسي أندرياس كريستنسن المعار إلى فريق... https://t.co/iTXDJFJR3o,0
رئيس شعبة المستوردين: مصر تتعرض لحرب اقتصادية شرسة بعد فشل الإرهاب #مصر https://t.co/Q1qwDZzHUQ,0
صفعة لناشطة هي صفعة على وجوهنا جميعا، اعتداءات وحشية أمام مقر جماعة غير شرعية تخرج على القانون وتحكم لتفكيك الدولة، الإخوان في مواجهة مصر!,0
حلبهذا المساء #حلب الشرقية ستصبح طاهرة مطهرة من #الإرهاب #الإسلامي #الوهابي المجرممرحبا بكم في حلبBienvenue à #Alep#سورية#روسيا#إيران,0
#ميشال_عون: #لبنان ليست سلعة تُباع في الأسواق الخارجية .. حافظوا على الوطن أرضا وشعبا #عيد_الاستقلال https://t.co/fw6Uav3OTq,0
إرم نيوز/ بيان جمهوري يطالب أوباما برد حاسم على الحوثيين  - عبر نبض @NabdApp https://t.co/u4IWnVT5BW,0
"@zxbm33 لو أراد أن يعرف غير المسلمين ماهو الإسلام ؟! فسوف يعلمون ماهو من قرائته لتحيته "" السلام عليكم"" وسيعلمون بأنه لم يكن دين عنف أبداً",0
حكم بالسجن 13 عاما على بريطاني تخطى الـ100   #بريطانيا #سجن #معمر  https://t.co/N3FwAi7i2C https://t.co/szN8QOKuBh,0
يتوفر #كتاب سفر الذاكرة للكاتبة: مريم البلوشي @MaryamAlBaloosh في جناح #مدارك#معرض_الكويت_الدولي_للكتاب https://t.co/AA963cLVDK,0
جريمة الأهرام,0
ليش الاعلام الغربي ما اجى غطى مشروع التهجير القسري من الاحياء الشرقية في حلب!!,0
ريكي مارتن تزوج رجال 🤔😷,0
الابتذال ملا الشوال! #شبرا #القاهرة #مصر #افريقيا #كوكب_الارض #مجرة_درب_التبانة | شبرا,0
إِيّاكَ نَعبُدُ وَإِيّاكَ نَستَعينُ,0
الشعوب لا تنهض بالكلام والظواهر الصوتية لم ولن تحدث فارقا يذكر عبر التاريخ!,0
نفاق الجموع من آفات مجتمعاتنا فالكثير يعبرون عن مواقفهم في جلساتهم الخاصة ومكالمات الهاتف بينما ينافقون الجماهير في العلن خوفا على شعبيتهم!,0
RT @RevolutionSyria: صرخات ألم ودم وما من مجيب ..من مدينة المجازر #حلب اليوم#Aleppo #Syria #PutinAssadCrimes #ObamaComplicity https://t.c…,0
لا #للمداخلة السلفيين في #ليبيا,0
الناقد السينيمائى رامى العقاد مهرجان القاهرة السينيمائى الدولى38  قناة ا... https://t.co/FNqlhVjvoC via @YouTube #مهرجان_القاهرة_السينمائى,0
"RT @RevolutionSyria: المفتن الحسون يستلم درع مليشيا أبو الفضل العباس من أوس الخفاجي مختزلاً مايحدث في سوريا بقوله "" مازالت هند بنت عتبة آك…",0
يجب ووقف فورى للعنف ومحاكمة المتورطين فيه علناً,0
القصيدة خذيهاأو خذينيودعي لهم الورقة.#أحمد_الشيخ_علي,0
لا أعرف لم يعرضون المبالغ على الطفل #فيصل_الغامدي لإغراءه ببيع هدية #الملك ألا يدركوا أنها لا تباع ولا ترد خاصة أنها جاءت من والد الجميع,0
يجب على كل ابناء #الزمالك مساندة ميدو ودعمه بشكل كبير ميدو استطاع تغير اشياء كثيرة داخل النادى موجوده منذ زمن بعيد قوي,0
64 اذا مبارك كان عنده حق لما البلطجية قتلوا الناس في الميدان لانه كان بيتشتم بامه برضه,1
لا بس ابديت ويندوز 10 وانه بقي فيه ابليكيشنز للفيس وتويتر والماسنجر والحاجات دي حوار والله شابوه فشخ للي عمله.. حاجة موبايل خالص :D,0
RT @12soondos: #قوتنا_فى_وحدتنا تواجه بلادنا موجات خطرة ومتعددة في وقت إنشغالنا بحربنا ضد الحوثيين وحربنا ضد الارهاب فلنكن قوة موحدة ضدها…,0
#اخبار_مستخبية اخبار الفن والمشاهير - باراك أوباما يلتقي ليوناردو دي… https://t.co/tpH07JKbWH #اخبار_الفن… https://t.co/I71NYWPnFg,0
@Mohamed85146101 مبروك عليك ويندوز 10 .. ربنا يخلهوللللللك,1
“بدك تسأل عليي” جديد نوال الزغبي قريباً https://t.co/O24xaOfoHl https://t.co/8Y36PRuAPI,0
ميريام فارس تنشر الفيديو الأوّل لطفلهاhttps://t.co/GS6ExqYIJ5@myriamfares #mtvlebanonstars https://t.co/lhejgNwmys,0
"بعد فوزه بـ""نوبل"".. مخطوطة لـ""بوب ديلان"" بـ300 ألف دولار https://t.co/IN6n2ZOBqI https://t.co/ovTcd8Gsi0",0
"المجد لشهداء ""#محمد_محمود"" الذين سالت دماؤهم لتروي شجرة النضال …",0
#أوباما في وداع جنائزي لـ #أوروبا: #الناتو و #روسيا.. لكن ماذا عن #سوريا؟ | وسيم ابراهيم http://https://t.co/k3ptpAD1gQ  #السفير_جريدتكhtt…,0
الله من نزع ملكم لغدركم وليس السيسي الله من أذهب حكمكم لعدم إخلاصكم الله من إستبدلكم لأنكم خنتم الأمانة ووليتم من لا…,0
@abd_agnabe @mahdi13203505 @zahyah2010لان ايران اعترضت وحركت روسيا للاتصال مع امريكا وتم الاتفاق بينهم تمهيداً لتدخل روسيا,0
"بوب ديلان يصف فوزه بنوبل للآداب بأنه ""مثل الوقوف على سطح القمر"" https://t.co/YMApD0V483",0
@azizs22 @Epic_moi @hanisunitan @abdullah111438 @aon780 لم تسقط حلب. كل هذه الضجة فقط جلب الشرقية التي تعادل 10% من مناطق حلب,0
ماذا قالت نجمة #بوليوود #جاكلين عن #بيونسيه؟ https://t.co/Oc447E0VYN https://t.co/cCq9NmQFhI,0
"الحياة اللندنية||الإجتماع الثلاثي في #موسكو يقر ""خريطة #بوتين"":وقف النار لايشمل فتح الشام وداعش ،وإطلاق عملية سياسي… https://t.co/Muf33xFLi8",0
مصارعة الثيران الإسبانية قتل من أجل المتعةلو كان في دولة اسلامية؟لصورها الاعلام الغربي كدليل على وحشية المسلمين! https://t.co/LRKCW2uANV,1
RT @mohanna63: يكفي في الغرب انك لا تسمع او ترى امريكيا او فرنسيا يقول عن اوباما واولاند : قائد مسيرتنا وزعيم نهضتنا وحكمة قيادتنا ووالد ام…,0
لتفادي حرب عالمية ثالثة صحيفة القدس العربي/ شتاينماير يطالب الناتو بمزيد من الحوار مع روسيا - - عبر نبض @NabdApp https://t.co/gJ8NYN5oQo,0
RT @AhmedJassim_: العبادي رئيس وزراء العراق ويمثل دولة العراق أمام دول العالم وأي إهانة له فهي إهانة للعراق وشعب العراق.#العبادي_يمثل_العر…,0
بلاغ للنائب العام مطلوب صاحب هذه الصوره الذى هدد نجيب ساويرس بالقتل والاعدام,0
حل مشكلة قيد الانتظار Waiting في iOS https://t.co/s7BDUACi4e#ios10problems #ايفون_٧ https://t.co/savah5MwJN,0
غوتشي. https://t.co/ApDuMxRdMX,0
أسرار نشأة السيسي داخل حارة اليهود بالقاهرة #الجمهور |#السيسي #انتخبوا_العرص #السيسي_يهودي #مصر #انقلا…,1
الفنان #ريكي_مارتن وخطيبه السوري #ايوان_يوسف#مبروك https://t.co/tP1dHs2NgR,0
🔴إطلاق مشروع يهدف لتمليك #الشباب الباحثين عن عمل #سيارات تصل قيمتها لـ150 ألف ريال للعمل بها في #أوبر و #كريم'… https://t.co/kqAAbmWX1a,0
"سبوتنيك: سوريا تتهم السعودية باستهداف مجلس العزاء في اليمن بشكل متعمد: قالت الوكالة السورية للأنباء ""سانا"" إن... https://t.co/vAS3VYwKMy",0
مختاريان >> احمد الشيخ 😭,0
عندما اندلع التصفيق الحاد لتكريم مرسي لفتاة مسيحية في مسابقة المولد النبوي شعرت أن كثيرا من الحاضرين يصفقون لأنهم ينتظرون منها إعلان إسلامها,1
اسحبوا الوثيقة الدستورية المشوهة نريد لجنة محايدة تضع ميثاق شرف نلتف حوله جميعاًأولويتنا هى توحيد الصفوف وليس المزيد من الصدام والفوضى,0
عزلة الانقلاب عالميا تتزايد وكل دول العالم تمنع مواطنيها من الذهاب الى مصر حتى حقراء الخليج من ممولى الانقلاب يمنعون أهلهم,0
تعرف على سعر #اليوان بعد توقيع اتفاقية تبادل العملات مع #الصينhttps://t.co/68VdUMLrRW#مصر https://t.co/cx7RsNxIsH,0
3 الحتة بتاعة تستبيح خداعي دي دايما باشوف فيها صورة واحدة بشراب شبيكة وسيجارة بمبسم وميك آب تقيل وغمازة عيرة وإنت فاهم بقى,1
ولكن عناد ميشال عون الشرس ووفاء السيد حسن  وحنكة جعجع بس يللي ساعدو العماد عون يجي رئيس،بس أكيد أكيد  ساعدت في  المصالحة المسيحية مشكور موت,0
RT @yavuzacar2: #أردوغان يطبع مع إسرائيل التي تقتل الفلسطينيين ويتحالف مع روسيا وإيران اللتين تدمران معا سوريا وأهلها مع ذلك فهو حامي المسل…,0
"#إيران تعلن عن اللقاء الثلاثي ""الروسي-الايراني-التركي"" على مستوى وزراء الخارجية والدفاع في موسكو عن #حلب غدا… https://t.co/76W28mTJ53",0
RT @Lionel__FCB: مع ميسي توصل ثلاث نهائيات قارية متتالية بدونه لا فرق بينك و بين اندورا صاحب المركز 203 بالتصنيف العالمي,0
#SuperMarioRun مساكين ماعندكم الاصلي 💅🏼. https://t.co/zvzZe5t8KT,0
@vbgad_abood امبيد ليس من افضل ١٠ سناتر في الدوري بالنسبة لي + ديفيز مو سنتر,0
تصبحون على خير أصدقاء #فلسطين_بوست..#صورة من جبال الكرمل في #فلسطين https://t.co/7WPoa63b2I,0
7 اتكلم عن نفسك ولو الناس كلها مع القتل أنا يا سيدي ضده ولا يوجد أي مبرر ولا انت بتقيس قيمك على رواجها؟,0
شاهد لأول مرة بالصور ميريام فارس ترتدي الحجاب: https://t.co/TX9hlhH2Hp via @YouTube,0
"@NawalElZoghbi - ﺑﻴﻦ گُل "" ﻧِﻔﺲ ﻓﻴّﻨﻲ "" صُوتگگ""  #نوآل_آلزغبي #آغلى_آلحبآيب 💙💗💗😍❤ https://t.co/5eMN7CEmTx",0
"ابن ميريام فارس يشعل ""انستغرام"" بطرافته (فيديو)https://t.co/DQFV2qpgkB https://t.co/mNwapb6W0O",0
#جلال_عامر الغائب الحاضر,0
بعد الغدر والخيانة اللى شفناها ومن الاخر اللى هنشوفه لابس بدلة #شرطة هيرجع لامه ملفوف في بدلته #ثورة_اسلامية,0
برود كاست تطوير الذات ارسل اشتراك على واتس اب 0502047778#ماذا_لو_المدارس_مختلطه#عشره_فايزين_مع_الكابتن#اعترف_اني… https://t.co/G3KJnsbFK5,0
#عمرو_أديب: #أردوغان بيصوت و #تركيا بتسف التراب الاسبوع دهhttps://t.co/QEO6p3n8zw هههههههههههههه حرقاك يا أقرع,1
سمعتها كتير بس اول مرة احسها وافهمها وعرف انها حلوه اووى كدا اغنية #شيرين انا كلى ملكك,0
حزب الله يدخل الحرب السورية، سعد الحريري يرشح جعجع ، سعد الحريري يرشح فرنجية، سعد الحريري يرشح عون ، اغتيال المبحوح ، انقلاب تميم,0
@amrmsalama @EGYPTAIR يا عمرو بيه اعمل زيي واركب النيل جميلة 😂😂😂,0
🔹الثقافة القرآنية🔘 رسول الله يريد لنا أن نكون أعزاء كما كان عزيزاً وأن نكون رجالاً في مواجهة أعدائنا.💚ذكرئ.المولد.النبوي.الشريف,0
- هاتف #جوجل يحتوي على أفضل كاميرا صُنعت على الإطلاق إل https://t.co/4S4Oq4Q6DC #قولي https://t.co/FFWWcSPWbu,0
تشيلسي يعمق جراح ضيفه سندرلاندhttps://t.co/QhQckpLVL2 #ريال_مدريد #برشلونة,0
"أن تكون علمانيا لا يعني أن تشتم #حسن_البنا وأن تحكم على كتب #سيد_قطب بانها ثرثرة وأن عبارة ""إني اتطبّب بالجوع ""للشيخ #ا…",0
"#باباراتزى وائل الفخرانى يكشف لإبراهيم عيسى سر تركه لمنصبه فى ""جوجل العالمية"":  حل اليوم المهندس و... https://t.co/ALPgZpmf0Y #paparazzi",0
ما هو أفضل فلم شاهدته على الأطلاق؟ - سلسة أفلام هاري بوتر   https://t.co/765mfaDtxJ,0
#Christmas By The Lake… كي لا ننسى الطابع الانساني في عجقة العيد...https://t.co/NIEhjBPT0d,0
#جْ_سِ_كِ#ابّوَقًيَسِ_الُاسِدِ_#الولايات_المتحدة#تشوركين : القوات المسلحة السورية حققت أكبر نصر معنوي لها في... https://t.co/38dBLpm98E,0
حذار يا #عدلي_منصور ان تفرج عن #دومة كما طلب منك #ممدوح_حمزه ومن وقعوا ع بيانه من المهزأين الذين يطلبون التفريط فيما لا يملكون ولاتملك انت,0
ابن مصر مفيش كلام #جدو #الاهلى #مبرووك,0
#مصر توقع اتفاقية مبادلة عملات مع #الصين بقيمة 2.6 مليار دولارhttps://t.co/KN4KWF7Upd https://t.co/FmpvdPRDzQ,0
#ميلاد_فيروز اروع ما قيل في #فيروز ... https://t.co/ImuPYSOkok,0
مراسل الميادين :جثث المختطفين  خالية الاحشاء والسبب هو الاتجار بالاعضاء البشرية قبل قتلهم على يد جبهة النصرة والزنكي  #حلب_تباد_بصمت_عربي,0
أولا: الموضوع مش فيه تفاصيل ثانيا: اللينك لا يعمل ثالثا: التعليق ع الصورة خاص بمقال مختلف تماماً الخلاصة: مفيش فايدة #22,0
#م نوينا نعشق بعض آبد كآنت سالفه 'وصرنا م نعيش من دون بعض (=|,0
#الاحتلال الاسرائيلى #يمنع_مواطنا من غزة في #حالة_غيبوبة من #العلاج لـ أسباب أمنية !https://t.co/LPr7MCpCl2 https://t.co/iRKLtJ3GqW,0
بعيدا عن ريال مدريد وعن التعصب هذه لقطه اليوم 👏🏻كبير يا ليو👍🏻 https://t.co/M9qKfpWOEx,0
#مواهب يمنية إبداع عرب ايدول #اليمن https://t.co/ayW08MwYZW #الفيديو_العربي,0
#مليارات_العمره_علي_هوي_مصرليس أشد علينامن كربة الشام ،ومايجري في العراق ،ومايخطط له في اليمن ،ومايراد ببلاد الحرمين ،تكالبوا علينا,0
#واشنطن تحدد أسماء ضباط #سوريين يجب ملاحقتهم لارتكابهم جرائم #حربhttps://t.co/77IhB6RnXx https://t.co/d5qA7oPjVJ,0
#beINmatchpoint  ما أحب اغرّد خارج عن ميلان بس يأخي والله مفتقدين #فيدرر ومفتقدين تعليقك على مبارياته يالشطي ما نقدر نتخيل التنس بدونكم,0
لما يبقى اللي بينقلوا الأخبار للناس بالعقلية دي إزاي ممكن تثق في شبكة رصد دي وتسلمها عقلك قدرة مدهشة على خداع النفس,0
37 ماتعلمش من أداء جده القديم اللي قرب من الحاكم واستفاد منه وفاد الناس بذكاء وما اتعاصش بدم على الأقل,0
RT @Reno246R3: #حملة_امن_وطني_امني_انا من الحقوق الشرعية للمواطنة تجاه وطنناالحبيب نشرالخيروالتكاتف بين أفراده والدفاع عنه ضدأعداء الإسلام…,0
#عيد_ميلاد_سعيد_يا_سيسي#اعترف_اني#السعوديات_ثالث_اجمل_نساء_الكون#ثايرون_لن_نستسلم#هل_تتزوج_وحده_تكشف_وجههاالنهارده الخميساحمد الشيخ,0
قتلوا وحرقوا وأصابوا واعتقلوا ولاحقوا وطردوا واهانوا وشوهوا كل الشرفاء، كلنا غداً في الشارع احشد ٣٠ أغسطس لإسقاط الانقلاب,0
هما لغوا خاصية switch account في تحديثات فيسبوك ماسينجر الجديدة عند كل الناس؟ ولا ده غباء من الأبليكيشن اللي معايا بس ولا ايه اللي بيحصل؟,1
RT @AlwaghtNews: منظمة أوكسفام: #السعودية_ارتكبت_مذبحة بالمدنيين في #صنعاءhttps://t.co/62RSkL3JXB,0
@NI3NA3 اقلها اليمن مستقره نوعاً ما ،اما حلب فكم دوله تحارب سوريا ولا زال السوريين يدافعون عن بلادهم اللتي تدمرت بسبب روسيا,0
لا إله إلا الله#غرد_بالخير#غرد_بذكر_الله#تلاوة#القرآن_الكريم#السعودية#حائل#عقده#الهلال#ترمب#ترامب#واشنطن… https://t.co/zfKR350LIs,0
"انا لست روميو""?يرونا""اقف مشدوها عاجزا و انت تطلين علي من شرفة،انا أحبك و لن اذهب،انا أحبك و سأمد يدي اتلمسك لنبقى فلقد خلقنا لأحبك #مصر",0
RT @alahmarim: لا فرق بين بشار و #السيسي إلا أن أحرار مصر أُبيدوا بسرعة وخُدعت الأكثرية،أما السوريون فيعرفون الجزار فصبروا رغم فظاعة الإرها…,0
ما ظل غير يقول اتفاقية الغاز عمل مقاوم للاحتلال كمان! https://t.co/k0yLXywgVZ,0
@CBCDrama @AhlamAlShamsi فنانة العرب تلميذة ارزة لبنان #فيروز .. مو غريييب عليها الاصيله 😴😴💜💜,0
عن الذين ورثوا الهرم المقلوب للظلم الاجتماعي اعدلوا !,0
السيسي منع الاذان في #القدس لانه يسبب الازعاج اقصد الصهاينة ولكن السيسي اعطاهم الجرأة,1
#خلود_بنت_مسفر_تحب_طلال_بن_مشعل اللي من الدمام ويبي توصيل ينط خاص ططفران والله #كريم #أوبر. #الدمام #الرياض #الراشد #الخبر #توصيل #مشاوير,0
"#تركيا تدرس شراء ""#إس_400""__#الناتو #روسياhttps://t.co/WOtAYHbgIe",0
عاجل|| #حلب: حتى اللحظة 120 حافلة تقل المسلحين وعوائلهم خرجت من #الأحياء_الشرقية باتجاه #الراشدين غرب حلب. https://t.co/aRzntT7lgg,0
ابتسم في وجه الناس فإنها صدقة,0
@alartboon امازون يستعد للصعود,0
الارهابي #لافروف مااوقحك انت ومعلمك والبهايم اللي جابتك على بلدنا #حلب #سوريا #روسيا,1
لاعبي الاسبوع : من الشرق لاعب شيكاغو بولز جيمي باتلركن الغرب لاعب نيو أورلينز بيليكانز انتوني ديفيس https://t.co/rKoduJy8Pl,0
#يانبى سلام عليك #ماهر زين,0
RT @AkhbarElNoujoum: @Saad_Ramadan @wissammawla عشرة الاف شخص حضروا زفاف سعد رمضان في برجا https://t.co/5VPnINIymJ #Saad #Ramadan,0
مستشار سابق في #البعثة_الإيرانية لدى #الأمم_المتحدة يقر بتقديمه إقراراً ضريبياً كاذباً يخفض حجم راتبه وبالتآمر لانتهاك قانون أمريكي للعقوبات,0
الناس في حلب الشرقيه تتهجر والان سكان حلب الغربيه يحتفلو في الشوارع #حلب #حلب_تباد#الغضب_لحلب,0
أي قانون إنتخابي ممكن أن يحقق تغيير حقيقي في الطبقة السياسية؟تابعونا بعد الفاصل مع النائب #كاظم_الخير والصحافية… https://t.co/IwD5zwwxY1,0
#بوابة_الوفدشاهد.. #بيونسيه تنهى أحدى أكبر جولتها فى #نيو_جيرسىhttps://t.co/Hkjq0GQm7J https://t.co/THpG4bBwet,0
#سيناء المهمشة على مدار العصور السابقة واحتمال تكون القادمة,0
منتخب مصر لازم يغير الفانلة بتاعتو عشان مش لايقة على شيكابالا,0
ترامب يهاجم رئيس مجلس النواب ويصفه بالضعيف - مرشح الحزب الجمهوري الأمريكي دونالد ترامب يصف رئيس مجلس النواب بول... https://t.co/PaADeu38bi,1
#كشف_المستورعندما ارادت بريطانيا تعويض الاخوان قررت ان تمنحهم امارة قطر لكى يملكوها وتدار بواسطة اسرة عميلة لحسابهم وتكون خنجر فى ظهر الامة,0
RT @alturifi1: الخاطرة الثالثة / إقرار موضوع كفاءة النسب وتبريره شرعا يعطي مستمسكا لمن أراد الطعن على الإسلام بحيث يكون أحد الشبهات للتنفير…,0
موقع طقس العرب مش مسترجي يحط حالة الطقس لعشرة أيام 😂😂,1
#اغبي_سوال_كتبته_بقوقل  شو هو رقم جستن بيبر ؟كنت احبه قبل ههههههههههه,1
@s8nscookie @ilxne الله معاي ياكوكي ومعاي تعاويذ هاري بوتر السحريه ,1
@malak_alhusaini ☹️💔💔💔من زمان اشارك بمسابقات من رمضان مو الي راح الي قبله وكان كلي امل افوز معك ب ايفوت ياتي بعا ان الله لطيف خبير,0
"تدشين حملة ضد "" #أوبر "" و""كريم"" في #الأردن نتيجة الازدحام الشديد @almaghribtoday https://t.co/E0lBu5jEi7",0
#غرد_كانك_في_التسعينياتكانتْ نوال الزٌغبي عمْ بيشلٌوها بالسيارة 💖,0
@jamalsaad402 سبحان الله. إذا الحيوان لم يتحمل شدة البرد وتجمد. فكيف هو حال اخوتنا النازحين في الخيام من  السوريين والعراقيين.اليمنيين.تصدق,0
عميل أمريكي تطوع لاغتيال #كاسترو!#سبوتنيك #امريكاhttps://t.co/xSFddDg1Cl https://t.co/nvnOdNgnVc,0
كودخصم من اوبر لاول مشوار واعتبر رحلتك مجانية FyFW4YY9UE #ما_احب_اكون #رساله_لمن_غاب_عنك #اوبر… https://t.co/Jj69eKEEsv,0
المرحلة اللي تمر فيها مصر محتاجة رجل مثل #أحمد_شفيق,0
البنات اللى بيقولو ألفاظ خارجه دول خصاره فيهم يتسموا بنات اصلاً!!,0
ال ع الشمال ده زييت #باسم_عودة الإرهابي أما اللي على اليمين ده زيت الإستقرار هل عرفتم الفرق ؟,1
RT @RF_BT_: @3beer_RMA #افضل_طقم_لروجر_فيدررككل طقم ينافس الثاني😌👑بس الاسود والأبيض فخاامه ما بعدها فخامه👑❤😌👌 https://t.co/ZU8jKETxqk,0
#عمر_مدنية: الوضع في #حلب مأساوي..ولعنة المدينة ستلاحق هؤلاء!!https://t.co/ej2KkC2eNC!!#سوريا #روسيا #الصين #مصر… https://t.co/98ESywz4Q1,0
RT @FCBW_A7: الكاسير : الاتلتيكو في الفترة الأخيرة يؤدي بشكل أفضل من ريال مدريد ، ومن الصعب الفوز على طريقة لعبهم,0
حرب مغردا: صديقي جبران تويني ١١ سنة على غيابك وما زلت ملتزما بالمبادئ التي استشهدت من اجلها، والوطن الذي حلمت به هو الوطن الذي نعمل من اجله,0
#أحمد_حلمى يشكر #مهرجان_القاهرة_السينمائى على تكريمه:سأفتخر به طيلة حياتىCBC الراعى الإعلامي الرسمي لمهرجان القاهر… https://t.co/8jI59ED6Tf,0
#خالد_بن_الوليد قتل رجل مسلم وتزوج امراته في نفس اليوم بلا عدة بلا بطيخ,0
#اغلاق_قناه_العربيه_مطلب_شعب مساعد لترامب يقول ان الخليج سيدفع ثمن اي مشروع يخص النازحين واللاجئين السوريين سرا او علناالسيسي مش احسن منهم,0
#مصر_القوية |10-لقد حذرنا في حزب مصر القوية ولا زلنا نحذر من خطورة تحول سلطات الدولة إلى مجرد سند لسلطة عسكرية لا تفهم الس…,0
شبكة #شام الإخبارية|| في ظل القصف الهمجي ... #الأمم_المتحدة تدعو لتأمين وصول فوري إلى #حلب https://t.co/dMH2CEa6Zw,0
@A7md_Qtr22 بيونسيه🤔,0
مناورةبمناسبة #المولد_النبوي_الشريف#قووووووووووه_ياجند_ربي  https://t.co/IXpUePx4gq,0
RT @ABakly: لو كان هناك جانب إيجابي واحد لترشح دونالد ترامب، فسيكون إبطال القناعة العربية السطحية التي تقول بأن مرشحى الحزبين شئ واحد ولا ف…,1
بيصرخ لوصول الدولار ل 15 جنيه: مصر اتنيلت وبتنهار يا سيسى https://t.co/oLvjUpK7ut,1
RT @caba000: عندما نردد ان الاٍرهاب وداعش صناعة إسرائيليه وامريكيه..فهذا لن يبرئنا من الاٍرهاب المستند لآيات القران..بل سيضيف إلينا الغبا…,0
RT @dalal_ali96: يسألونك عن الأرهاب هاهم الأرهابيون الذين أخافوا جميع المنظمات وحقوق الإنسانأنهم ارهابيون بنظر #الاسد و#بوتين. https://t.c…,1
هيا كيف الوضع..!؟ ايا اين سار ولد الشيخ ...!؟وأين جاء #كيري من ركن عليهم سلي..!؟ووووو محمد عبدالسلام كيف... https://t.co/Zi5DgtVhmJ,0
ملاعبية ليتوال اليوم بعد ماتش أولمبيك سيدي بوزيد :D#mannequinchallenge https://t.co/71iHQAU3Lw,0
#طلعت_زكريا يطالب بوليس الآداب بتنظيم حفلة افتتاح #مهرجان_القاهرة_السينمائي! https://t.co/k7nYD5kq8c https://t.co/vVpXre3JJE,1
يُقدم تطبيق 24 hDone تجربة مميزة لإدارة المهام اليومية بفاعلية على أجهزة #أندرويد#نصائح_تقنيةhttps://t.co/LWGlR81bL3,0
يوم 7/7، يوم هام في مشروع (العلم قوة) وهدفه جذب وتسكين 100 ألف أمي داخل الفصول، في يوم واحد، عن طريق 10 ألاف,0
تقول هيلاري كلنتون: إسقاط الأسد اولوية لي. https://t.co/8qioYxkNYp,0
@12Looshi يالبيه بس غوتشي غوتشي,0
@OmawiLive لو نفذوله مطالبه اذلهم وألب العالم عليهم وفقد ثقت المجتمع الدولي لانه لن يستقر شأن اي مجتمع ولادولة بتقييم المجتمع الدولي لك بأنك,0
RT @ufmradio: #جمعتنا#POP_ART- تدريس ألبومات #بيونسيه في الجامعات.- بعد ٦ سنوات #راشد_الفارس يرجع للجمهور.- اتهام #ليوناردو_دي_كابريو ب…,0
شكرا لدعمك,0
بيان تعزية ورثاء من مجلس شوري مجاهدي درنة فى الشيخ نادر العمراني#درنة#طرابلس#ليبيا#اغتيال_الشيخ_نادر_العمراني https://t.co/4Wz7uO1Jfq,0
ضبط 98 طن سكر فى مخزن يمتلكه 'سورى' بقصد الاحتكار فى العاشر من رمضان https://t.co/8mnEeuTgNG,0
اوغلو غادر بيت الوسط من دون الإدلاء بأي تصريح https://t.co/uaxSRFHWjJ https://t.co/bJwO4oICLC,0
#احمد_شفيق هو الوحيد القادر علي تحريك الركود السياسي في البلاد و مواجهة #السيسي في 2018 ..ده واقع سواء بتكرهه او بتحبه,0
وداعاً حلب الشرقية،الضمير والإنسانية في ذمة الله ..,0
سارة عثمان دخلت على موقع جامعة كولومبيا التي زعم الخبر أن المحاضرة ألقيت بها فلم تجد شيئاوهكذا انفضحت الفبركة الإخوانية البلهاء شر فضيحة,0
توصيل مجاني #petitpapatopachat #christmas #MAMARedCarpet #markasaat #shopping #gifts #fashion #bags #makeup #purse… https://t.co/CrU6hCS3W8,0
جريدة الموجز elmogazننشر أسباب إعتراض #روسيا و #الصين على هدنة 7 أيام فى #حلب السوريةالتفاصيل عبر الرابط :... https://t.co/9jLCHfd1oc,0
RT @omvr_x: سحب على ايفون 7 بعد اسبوع اسحب ،الشروط رتويت + فولو هنا : @xOmvr https://t.co/lSdY3SXSGp,0
#القدس-شرطة #الاحتلال تعترف بإطلاق نار على قواتها قرب #معبر_الزيتون فجر اليوم ووقوع أضرار دون إصابات,0
@Egypt_bird @petshpe  الموضوعية دائماً بتحرج المتطرفين والغلاة من الايديلوجيين وغيرهم من اليمين المتطرف او اليساريين !,0
@Q8Pro طبعا هذول خرفان شهرةيعني تلاقيه يلعب بوكيمونيتكلم عن طلاق براد بيت وانجلينايعني مواكبين الاحداث التافه 💦,1
#الأمم_المتحدة الحقوق الانسان   #BBC ترامب  https://t.co/dvZOJe4TYg,0
هل ممكن يكون مرسي مختفي الفترة دي عشان مش لاقي شاحن هو راخر؟ آه يادولة العكاكين,1
@30y_gentle @mtd441 جستن بيبر خف علينا,0
#الاحتلال يعتقل 9 مواطنين بالضّفة المحتلة https://t.co/1ffyGNpc75 via,0
@othman777 لو شخصية اطلبها من امازون . . . لكن كنت اوفرها للمتاجر سواء الكترونية او محلات بالاسواق وعندي متجري الخاص . . . لكن حاليا متوقفة,0
@icyfits أمزح اسمه غوتشي الجينز,0
مافيش شخصية بيهاجمها الإخوان دلوقتي إلا ورئيسهم ليه فيديو بيمدح فيها حتى الزند وعكاشةالعدو الأول لمرسي بعد نفسه وخيرت هو اليوتيوب حفظه الله,1
@MahoPalmer @TMZinArabic كانه هاري بوتر😂💔💔,0
RT @alosefer: الدليل الكامل لجميع لغات البرمجة، ومهارات الحاسب والعلوم التي يجب إتقانها حتى تصبح موظف في جوجل邏 دليل مهم لأي تقنيhttps://t…,0
لمن فاتته مشاهدة حلقة النجمة #نادين_نسيب_نجيم من برنامج #في_بيتنا_ضيف الرابط على اليوتيوب👇 https://t.co/jYULDmemaa… https://t.co/YabI9ecoqt,0
https://t.co/0VKmmkyDWR باستخدام تطبيق اشحن تستطيع شحن رصيدك، التحقق من الرصيد! #مهرجان_القاهره_السينمايي https://t.co/2pvy2F0YW9,0
@A_ALTIMYAT @hewedy_mohamed لا هما عاوزين يقضوا علي المعارضه الحقيقيه او المندسة والمليشيات داعش الي دستها امريكا ضد نظام بشار,1
@amrmsalama @EGYPTAIRحد يرد عليه لانه مصدعنه من امبارح وياريت تريحونا منه وترجعوا له التذكره وميسافرش تاني عندكم لانه بجد مقرف ومحدث,0
@najahmali اهل الكفر والزندقة في خندق واحد لقتال المسلمينمسيرة البراءة من المشركين ولا ادري هل بوتن مسلم ؟!#بوتين_روحاني,1
"""السيسي مش رئيسي ، اقرأ بهدوء و تعقل قبل ان تأخذك عواطفك لسب الكاتب او مدحه #مصر #فلسطين #الإمارات #السعودية #لبنان",0
RT @azizeyah: شاهدت جزاءًمن المناظرة بين المترشحين للرئاسةالأمريكية:الديمواقراطية هيلاري كلنتون والجمهوري دونالد ترامب، وبغض النظرعمن سيفوز…,0
@tishallaa @DAVIDOFF565 الكاثوليك عيدهم ١/٦ 😝الجماعة غير هذيل قوم بوتن 😝😝😝,0
وليد السويركي: بوب ديلان يقاوم الزمن بشعرية جديدة وليد السويركيhttps://t.co/B18Uxq3UHH https://t.co/YhX4KslaA5,0
موقف بريطانيا من التدخل الإيراني والروسي في #حلب في هذا التقرير على مدونة الحكومة البريطانية باللغة العربية https://t.co/0claoC4eer #سوريا,0
"RT @WajdWaqfi: عفوا؟ اوباما سحب هيلاري كلنتون معاه""؟! هههههه هيلاري لم تذهب لجنازة بيريز. عن جد كاذب و مضلل https://t.co/uDU3xXoWEY""",1
الكراهية بتعمينا عن كل الحقيقة 👌 والحب بيعمينا عن الاخطاء 👌#مشتاق_اسمع_جمله#عادل_امام#كلمه_لحبيب_قلبك#حب_أعمى,0
جديد “غوغل”.. جزيئات “نانو” لتشخيص أمراض السرطان https://t.co/isFdThmvo0,0
RT @TustarNet: إيران تلوث بيئة الأحواز ، وإصابة ٢٧ الف بالسرطان خلال شهرين -... https://t.co/zZAxt7ILbF,0
@rKHklxpUJYbZVVw @a4EaA6ogaKArvKT @hjab2030 @a_1k2 نعم السعوديةمعلنة ان جبهة النصرة ارهابية و تحارب جبهة النصرة الارهابيةفرع القاعدةفي الشام,0
ألغيت المسيرات للميادين الخطرة كالتحرير و رمسيس فإذا بهم يقتلون الأطفال بالرصاص الحي في عباس العقاد و يدهسونهم بالمدرعات …,0
RT @sabqorg: إقبال كبير على تذاكر السعودية أمام الإمارات Via @sabqorg https://t.co/uv1snXiXHR,0
الخازوق الإسبرطى,1
#بنغازي - https://t.co/uJzCYjnrHh اللجنة الوطنية لحقوق الإنسان تدين انفجار بنغازي,0
@u7b9e اجتماع يوم في موسكو بين ايران تركيا روسيا لوضع نقاط على حروف لتفعيل جيش موحد من معارضه ونظام وحكومه موسعه براس الاسد وقتال الدوله,0
5 أسئلة احذر أن تسأل غوغل عنها !!!! HDhttps://t.co/t4l7QKNFXP,0
غوتشي فلورا الأسود فخم  💕💕💕💕 https://t.co/PPbGl9BVgF,0
احمد الشيخ يندم عشان مرحش الزمالك: https://t.co/sdlj1E2naa via @YouTube,0
RT @AliHarbiF15: #شرك_الرافضه_في_عاشورا#شيعي_يحرق_اخوانه الحمد لله على نعمة الاسلام https://t.co/MvP1VPkstZ,0
جوجل: لهذا السبب لن نسد ثغرة أندرويد https://t.co/pM4BgiHCux,0
اخر صيحات الموضة حقائب غوتشي لربيع 2017 https://t.co/qj3ypzjeXY https://t.co/2sw8IlYMau,0
الحريري يستقبل الشيخ الجوهري في بيت الوسطhttps://t.co/n6c7azHZhS,0
رغم ان الخلايجة بيقولو بريكينغ و انستقرام و غوغل بس اكتر ناس بيكونو مغطيين المسلسلات و معلوماتهم حاضرة و عاملين لجان شعبية لوالتر وايت,0
إغلاق حسابين على تويتر ينشران فضائح الفساد بسبب #أردوغان #الاخوان_جماعة_ارهابية #تركيا #قمع,0
ما طريقة إيقاف ميزة «التعرف عليك» في ويندوز 10 ؟ - https://t.co/sA75F1nXdQ https://t.co/3ic864d1E6,0
هل الرئيس مرسي شرعي ومنتخب هل الشعب قادر على اختيار ما يفيده هل هدف الثورة ان نتخلص من حكم العسكر اذا الاجابة بالنفى فلماذا قمنا بثورة,0
الإخوان اختاروا رضا الأمريكان خلاص، بانت من زمان وده اللي هيعمق خلافهم مع السلفيين ومش بعيد تلاقيهم بيعايروا السلفيين بعلاقة بعضهم بالأمن,0
#فودافون رايحة بينا علي مصنع الكراسي ودة قمة الاستهبال العلمي,1
#مليارات_العمره_على_هوى_مصرالشعب المصري النبيل الشقيق صاحب الموافق العظيمة إخوتنا وأشقائناأما سيسي فهو زائل قريباً قريباًبإذن الله ...,0
#ستولتنبرغ| #الناتو يعني تماماً خطر المقاتلين الأجانب الذين يتسللون إلى #أوربا #مباشر #تركيا,0
لا لا مو جذي هههههههههههههههههههههههههههههههههههههههههههههههههههههههههههههههههههههههههههههههههههههههههه… https://t.co/wu3GYWxUM6,0
RT @nouurie_: ١٠.شارة بوكيمون😍 https://t.co/xSUDqtXlFG,0
انا قد قلت لكم ان غوتشي بدت تستهبل قلت والا ماقلت ماش ضاعت هيبتها 🚶🏿 https://t.co/UmoEQlZrTf,1
#ميريام_فارس تطل بـ”لوك” جديد يظهر ذوقها الرفيعhttps://t.co/Wgc6R3OKFE#فوشيا #مشاهير #إطلالات_النجمات… https://t.co/L938bMF9GI,0
بيونسيه دي حلوه فاهشخ يا ديني,0
@zaranandos @Sama7ti @mujtahidd فعلا هذه المعرفات من خارج السعودية واغلبها يديرها روافض في ايران و  لبنان وغيرها..تحياتي لك..وآسف,0
@ibrahim_ghassan أردوغان المصلحة قبل كل شيء ووقوفه من قبل مع الثورة السورية وقوف تجاري محض فلما رأى المصلحة مع الرروس باع الثوار وثورتهم,1
@Aflatoniaa و مو مجرد استغراب احيانا يوصل فيني اني ادخل غوغل و ابحث عن كل شيء 😝 مثلا بعطيج سوال و روحي شوفي جوابه,0
RT @GonenYonatan: #إسرائيل تبتكر مولّداً للمياه باستخدام الهواء - مقالة على موقع المصريونhttps://t.co/j7P7mERCil https://t.co/DnXNpm3Dv1,0
الحكومة تقدم وثائق بريطانية تؤكد ان #تيران_وصنافير_سعودية وهو احنا هنعرف اكتر من بريطانيا 😂,0
@ahmedyammahi @almarieibrahim اتمنى التحرك دامنا نعرف نوايا المجتمع الدولي,0
RT @ajmubasher: #أوباما : إهانة #ترامب للمسلمين والأقليات مرفوضة تماما,0
كارثة/اوباما يطالب السيسى تسليمه وثيقة بيع سينا للإعتراف بعزل مرسى' https://t.co/rHVcegU7j0 via @sharethis بينما ومصر تصر علي عرضهاعلي الشعب,0
سولانج شقيقة بيونسيه تتصدر «بيلبورد» الأميركية https://t.co/vBIYJYhXIa https://t.co/5g4DyYyqOq,0
RT @aqab7: اتمنى رجوع الهيئه وأعطاهم كافه الصلاحيات هذا ركن من اركان الاسلام  #تكفي_يابو_فهد_نحتاج_للهييه,0
@TrG___1M @211Isis أنا متأكدة أن جماعة #داعش ليسوا على منهاج النبوة كما يدعون. وأنت؟,0
غالبا كل الاخونجية والاسلاميين يؤيد هيلاري كلنتون وينقولون أخبار تفوقها بالاستطلاعات مثل منظمة كير الاخوانية@CAIRNational,1
#بنغازياطلاق قديفة من قبل خوارج الصابري باتجاه ارض زواوة وسمع صداها في بعض احياء المدينة .,0
#تقرير حقوقي: 11 ألف #طفل سوري قتلوا على يد قوات #بشار_الأسدhttps://t.co/XQzraSnoUm,0
26- لم يغرّر أوباما بالمعارضة السورية وحسب، بل فاجأها بتفرجه على تدخل حزب الله اللبناني والحرس الثوري الإيراني ثم المليشيات العراقية وغيرها.,0
#فيروزعيد ميلاد سعيد أيتها القديسة العظيمة اعشقك,0
تَحَدَثوآ عَن أيْ شَيء ~ — #المدارس بالمجموع #والكليات بالواسطة #والجواز بالفلوس # والصحوبية بالمصلحة #,0
ارمــــــــــــــلة جاده عاطفية حنونة تبحث عن زوج جاد  https://t.co/suM6ADGof5,0
RT @zaidbenjamin: جوش إيرنست: العراق دولة ذات سيادة وهذه أراضي ذات سيادة والتحالف ضد داعش يعمل هناك بدعوة منهم وسنواصل العمل بالتنسيق مع ال…,0
RT @malarab1: مع اخي مايكل واخي ديمتري وهم من المسلمين الجدد في البحرين بعد تعرفهم على الاسلام من خلال مركز رحمة بيض الله وجوهكم يا أهل #ال…,0
#الحب_هو اهتمام، تنازل، كلام، احترام، فعل، دعاء، تغاضي، عتاب، تسامح !,0
#الناتو يسعى لضم #السعودية وعُمان إلى مبادرة #إسطنبولhttps://t.co/fp7X62HSTz,0
@_wajood_ هاري بوتر؟,0
RT @AH3107: قالوا قديماً إنْ بقيْتَ إلى رجبْسترى من الأحداثِ أصنافَ العَجَبْولقد رأيتُ من العجائب قَبْلَهُ مِصْرٌ تحابي الرُّوسَ ضدّكِ ي…,0
#ريكي_مارتن يعلن خطوبته من فنان سوري | الموجز https://t.co/9U6fCICWHq via @Almogaz#منوعات https://t.co/SkMw1Fblm2,0
بهذه الخطوات تطبقين #مكياج #غوتشي لموسم خريف شتاء 2016 / 2017موقع #حياتيhttps://t.co/rnIJwyeuX4#راح_نفلسكم_٢… https://t.co/KjOQDBF6oJ,0
2050 البرادعي مواقفه انضف بكثير من بتوع أكبر قيادي إخواني أو سلفي ده تاريخ ومش هتعرفوا تغيروه الراجل ما بيريلش ع الكرسي,0
أرمـــــلة سورية شابه ب الرياض تـــــــبحث عن زوج وتـــــقبل التعدد  https://t.co/5Uhl6SJOid,0
RT @AqabaKh: ﺍﻵﻥ ﻳﻨﻬﺾ ﺗﺤﺪﻱ ﺇﻳﺮﺍﻥ، ﻭﻓﻴﻤﺎ ﻛﺎﻥ ﺍﻟﻄﺒﻴﻌﻲ ﺃﻥ ﺗﻘﻮﺩ ﻣﺼﺮ ﺍﻟﻤﻮﺍﺟﻬﺔ ﺑﺠﺎﻧﺐ ﺍﻟﺴﻌﻮﺩﻳﺔ، ﺃﺧﺬ ﺍﻟﺴﻴﺴﻲ ﻣﻮﻗﻔﺎ ﺁﺧﺮ ﻻﻋﺘﺒﺎﺭﺍﺕ ﺗﺨﺼﻪ ﺷﺨﺼﻴﺎ ﺃﻛﺜﺮ ﻣﻦ…,0
@f5jtt @IBENALNAJAF دعك من هذا السفيه اخي الحبيب. فوالله حججه لاوهن من الجامعة العربية. كل العلماء و الادباء المسلمين عبر التاريخ من السنة,1
@MusicArabi اسلوب جستن بيبر ؟؟؟,0
"مقتل سعيد فضة أكبر مورد بلطجية فى #شبرا_الخيمة وعميل أمن الدولة """,0
مفاجأة رد الشيخ حازم على فتوى برهامى الاخيره: فك الله أسرك يا إمام يا من علمتناكيف نحياكراما #سنحيا_كراما بإذن الله,0
مسؤول بوزارة الخارجية التركية: وزراء خارجية روسيا وإيران وتركيا يجرون محادثات الثلاثاء بشأن حلب… https://t.co/jVm3Lsf2m1,0
@Ask_Jeddah1قدم هنا أحوي الان إنضم الى فريق #أوبر السعودية وأبدأ في جني الأموال يمكنك التسجيل في #اوبر على https://t.co/mg3EkOEMpO لا يشترط,0
سعد في ذكرى جبران تويني: العدالة ستتحقق مهما اشتد بطش انظمة الجريمة - https://t.co/sOHnrd8S0L https://t.co/FIAkbO0bXM,0
I liked a @YouTube video from @sgtdhmas https://t.co/hLnNiDIKj7 شرح تثبيت نظام ويندوز 10 (الفورمات) +,0
@lioahmed7 @pesar711 @_966_911 @2FghFJPLdzhcIU5 @aashsh66774 هؤلاء صناعة المخابرات الامريكيه كما ذكرت هيلاري كلنتون !! وداعش ايرانيه !!,0
Retweeted مقاومة 2016 (@qpress2016):خبير صهيوني: صواريخ #حماس قادرة على ضرب أهداف استراتيجية... https://t.co/afAN2DQQtL,0
سورية تثير تساؤلات الأميركيين عن قوتهم الاستثنائية #السعودية https://t.co/WVaoBNva3d,0
"روجر فيدرر هو اعظم لاعب تنس ف التاريخ لاشك ف هذا ! من اسباب تميزه ايضا "" اخلاقه ""روجر قبل 5 سنوات يعطى درسا فى... https://t.co/5zHG9tOn9w",0
مقولة ان #ميشال_عون بات بعد انتخابه #بي_الكل، تتساقط لانه يمارس #الكيدية لا #الابوة ويستغل منصبه في تصفية حسابات سابقة مع معارضيه سياسيا.,0
RT @12soondos: الاسلام دين الرحمة وإكرام النفس ولم يأمر بهذه الأفعال التي لايفعلها إلا مجنون#شرك_الرافضه_في_عاشورا  https://t.co/ENQ1sPQ…,0
7_ مش أنا اللي لسه بيهري هم بيعملوا كده وطالعين نازلين كذب أسطوري والمفروض يعني أصدقهم لما يبقى فيه دليل بالشكل ده؟ ولا أطنش؟,1
@iDexAli جوني كاش وهان ويليمز بوب ديلان ناس تصنفه روك وناس كانتري بس اقول هو بينهم,0
إن كان من عادوا للتأسيسية يرون في هذا عملا وطنيا فهذا لهم ولا يحق لا لي ولا لغيري رغم اختلاف الموقف والتقدير المزايدة على وطنيتهم,0
#أمريكي يمارس #العنصرية على #عربي سائق #اوبر يسبه ويشتمه #عنصري #ترامب #أمريكا_تركع_وتعتذر_عن_تصريحات_كيري  #امريكا https://t.co/zOAjaVDCDb,1
#السعودية أكدت لـ #أبو_فاعور أنها لن تتدخّل في الشؤون اللبنانية الداخليةhttps://t.co/qKQP2nHjVk,0
#انتخبوا_العرص المفوضية الأفريقية تقبل دعوى ترفض أحكام إعدام بمصر #مصر,1
الأحمري المتجنس في #قطر يستمر في #تحريض الفتنة في #مصر، ويشبه قواتها الباسلة بجيش الاحتلال الفرنسي!!! …,1
الله يسامحه #حسني_مبارك اكبر غلطة عملها فينا كشعب هو كمية الجهل الرهيب اللي اتسبب فيه!!,1
@elissakh عايشه حالة حب معاك واخدانيوصعب انها تتكرر تانيوبعيشها لو انت بعيد او قداميواخيرا الايام رضيو عليا… https://t.co/iyOpl4gkld,0
"أوّل فيديو لـ""جايدن"" إبن ميريام فارس https://t.co/Y4wVWfCf8q https://t.co/ga2RASY3fG",0
كيف يسمح الشعب الامريكي بانتخاب رئيس مثل ترامب ، بعد ان هدد هيلاري كلنتون بالسجن اذا انتخب رئيس ، يجب ان يحاكم ...!.,0
مترجم: غوغل تعتزم بناء حاسوب خارق يفوق قدرات الحواسيب الحالية 100 مليون مرة #ساسة_بوستhttps://t.co/WIgvAS3O6J,0
ابي حساب شخص يوصل من امازون الامريكي وانتم شخصيا ضامنينه,0
@Roation غوتشي .. صباح النور,0
@Counselkremlin تحيا بوتن,0
البحرين: دول الخليج جادة بشأن مواجهة إيران: دبي - رويترز: قال وزير الخارجية البحريني الشيخ خالد بن أحمد آل خ... https://t.co/Tyd755MBMP,0
"#مصر_العربية |مقالات| مروة رخا تكتب: مونتيسوري مصر ""4"" لقراءة المقال من هنا",0
RT @RTarabic: عاصفة غضب يمنية في وجه #السعوديةhttps://t.co/d9rf6UL6FS#اسأل_أكثر,0
@amorah_00 السبري متوفر بكل بيت مكوناته وتقدري تشترينه من امازون .,0
مصر دولة بس مش أوي #المادة_الأولى,1
RT @alhumaidan110: #مسابقة_مصنع_الحميدانسؤال المسابقه 2 👇🏻كم عدد الوان المكعب الذكي ؟السحب على ايفون 7 بالتوفيق للجميع 🌹 فولو + رتويت,0
#عادل_امام واحد ابن ستين كلب 🐕 كل حياته قلة ادب وتقلب في احضان البغايا بتعملولو هاشتاج على ايه ويل لأمة يقودها التافهون,1
"#الصرخي_يقتص_من_المارقةيا دولة النواصب ابليس مُنظرٌ إلى ظهور قائم آل محمد! بحث ""#الدولة.المارقة. #SuperMarioRun  https://t.co/1IuHcbGzrf",0
لن أمل من تكرارها: أيام كان رئيسكم مرسي يحسن أحسنت أنا وغيري إليهلكنه منذ أن بدأ الكذب وإخلاف الوعود وتسبب في إسالة الدماء لا يستحق الإحسان,1
"قرارات مرسي ""انتقامية""",0
هافانا بعد رحيل #فيديل_كاسترو ليست كما قبله،، ✌- مليون شخص يشاركون في وداع رماد فيديل كاسترو،، وداعاً #كاسترو..,0
حاسب ArtPC Pulse يظهر الآن في أمازون بسعر يبدأ من 1200$ https://t.co/10iERfcmFZ,0
شكرا للكاتبه الجميله بشاير العازمي ع كلامها في سناب عن روايتي ،،، وبانتظار ابداعاتها السنه الجايه في معرض الكتاب… https://t.co/6ZafH2zRK9,0
"RT @almdrrj: ""القطرية "" تلزم برشلونة باللعب أمام الأهلي .. التفاصيل  :  https://t.co/d3F1F4fkFb https://t.co/UfHnE241zx",0
RT @France24_ar: فيديو: وصول أول دفعة من المهاجرين الإثيوبيين إلى إسرائيل https://t.co/L0VLQK8Rxm https://t.co/Xdz1ZbG4iI,0
"RT @nja7_sunnh: ""مارأيتهﷺيتحرى صيام يوم فضّله على غيره إلاهذااليوم يوم #عاشورا وهذاالشهر يعني شهر رمضان""ابن عباسيتحرى:أي يقصد صومه لتحصيل…",0
شاهد دقة الـ 4K  مع كاميرا هاتف غوغل بيكسلhttps://t.co/9zHTOLtWEn,0
RT @Yzdcc: متجر #امازون يتصدر قائمة اكبر المتاجر الالكترونية من حيث المبيعات السنوية في أمريكا لعام 2015 و #ابل تأتي ثانيا.#التجارة_الالك…,0
"RT @AlArabiya: تكريم ""نووي"" لبيريز في إسرائيل https://t.co/VWAekrZ2yR #العربية",0
استقبل الرئيس سعد الحريري في بيت الوسط وزير الخارجية الألماني فرانك فالتر شتاينماير، يرافقه السفير الألماني في... https://t.co/oTXvzCr6BK,0
"RT @aa_arabic: #روسيا تعلن عن تنفيذ تدريبات عسكرية مع #مصر لمكافحة ""الإرهاب""https://t.co/eBjTz49D37 https://t.co/MyYMCpT0fg",0
#أوقفوا_الفحم :),0
جامعة المستقبل شريكة فى سي بي سي الانقلاب اعادت امتحانا لطالب ساقط بتوصية من الانقلاب ونجحوه,0
"#بوب_ديلان يحيي حفلاً في السويد بعد اعتذاره عن حفل ""نوبل"" https://t.co/TaAMDxNz77#جائزة_نوبل #Bob_Dylan #حفلات… https://t.co/rgljkwg9DS",0
@osam_2008 @sehammokthar99 @kalednor7r7 أخلاقك تقول انك اخوانجي ايامالاخوانالبارات مشغلينهافي رمضان  السيسي لبسهم طرح وقفلها ف رمضانبلوك🐑,1
#سورياباقي القليل جدأ من العصابات داخل احياء #حلب الشرقية..ساعات قليلة ويعلن عن تحرير حلب وتصبح المدينة آمنة بالكا… https://t.co/YL9wnsZTIN,0
#انتخبوا_البرص مشكلة,1
#الكتائب تحمّل #عون و #الحريري مسـؤولية بقائها خارج الحكومة- https://t.co/JigiFDUaUy #لبنان https://t.co/GrmKU6rJIo,0
حفيد السلطان عبدالحميد مرشح للبرلمان التركي القادم ، بشعار رابعة تحية لك #مرسى_رئيسى #تركيا #كلنا_قطر,0
#علاء_عبد_الفتاح زعلان أنى الميسيحين #بيصقفو #للسيسى وبيفكر #الميسيحين بى #ماسبيرو علاء #وشلتو #الدم هو #تجارتهم_الرابحة لى…,1
7 مبدئيا عشان نتفق مافيش أحلى من سمك مصر بشكل عاموالله السمك في نيويورك ولا بريطانيا ولا تركيا ماليه لازمة جنب سمكناعاش سمكنا,0
RT @warodhan: مؤسس موقع ويكيليكس (جوليان أسانج):هدفنا المقبل.. جوجل!https://t.co/25qb4t0VqL,0
فيروس الفيفا يضرب لاعب جديد من برشلونة - كورابيا https://t.co/AoYVzLiJvW #برشلونة,0
RT @DrOmaralmohamma: في معرض فرص العمل فن من فنون جذب العمالة .. كما لو كنت مع شركة غوغل في سابق عهدها #د_عمر_المحمد  #تدريب #استشارات #ت…,0
لن يأتى عام 2014 الا وديون مصر تسجل رقما عالميا لم تصل اليه اى دولة ولن ينفعنا مليارات الخليج الملوثة بدماء اولادنا,0
أي خروف يشوف أعداد النهاردة لازم يتواضع ويهز ليِّته خاصةً ان العيد على الأبواب,1
انا قد قلت لكم ان غوتشي بدت تستهبل قلت والا ماقلت ماش ضاعت هيبتها 🚶🏿 https://t.co/UmoEQlZrTf,0
@_NOLE1 اللي اعرفه يقدر فيدرر على نادال,0
@alsinani35 @FouadKh5 @linazahreddine جبهة النصره داعش حزب الشيطان مصنفه من قبل المملكه ومجلس الأمن منضمات ارهابيه بندعيلكم اتفيئو الله معكم,0
بمناسبة إنّي مروحة قريبًا،مافيش حدّ يعرف وين يبيعو في رداء التخفّي متاع هاري بوتر،نبي نلبسه أول يومين فالكلية باش مايضيعش الوقت فالسّلام :/,0
@iomanitech مرحبا ، عندي ويندوز 10 واريد اغيره من اللغه العربيه الى الانجليزيه ويش الطريقه حاولت اكثر من مره بس ما صار,0
سيناتور أميركي: على أوباما الانتقام من الحوثيين وإيران سريعا.. جعلتهم كابوسا بالمنطقة https://t.co/IjUTMhgO33 https://t.co/tsyQOYCGa5,0
@Mwashali2 @Emirates_now الشكر وكل الشكر لمصر على تعقلها وتبرأها من داعمي الإرهاب بالمال والفتاوي والسلاح والإعلام,0
فويسUSAاليوم الجمعةأتهام ميليشيات أيرانية موالية لبشار بقتل3 وأصابة4 رجال سوريينوتفتش النازحين السوريين الرجال و… https://t.co/PYAv7MaHwL,0
القبض على المتحدث باسم حزب #الحرية_والعدالة #محمد_ع,0
@almthdt @naji1290 بريطانيا تعترف ومصره على بيع الأسلحه والصواريخ للسعودية !!!!!! ماذا نرتجي اذا؟,0
اخبار برشلونة اليوم Sunday 9/10/2016 : موعد الكشف عن قائمة الكرة الذهبية https://t.co/bnpbkYSe8B,0
الوزير #كيري: أرحب بإعلان كافة الأطراف في #اليمن التزامها بتجديد وقف الأعمال العدائية الذي كان قد بدأ السبت لفترة أولية قدرها 48 ساعة. 1/4,0
#عاجل  تحطم طائرة نقل عسكرية #روسية شمال روسيا  ومقتل 33 #جندي كانوا على #متنها https://t.co/FwfHa4Eeh3,0
RT @Moka__7: و دا واحد باع كليته عشان ايفون 7 https://t.co/OcQtJr5WF0,0
https://t.co/8XKqSZJf3R مطلوب موظفات سوشل ميديا 0556882503 7q #الصرافات_الاليه #EgyptAir #América,0
@Mrbrary @Abdulkhaleq_UAE يا اخي ده لو بوتن نفسه اللي بيغرد مش هيقول اللي بتقوله ده. للتصهين اوجه كثيره,1
@seurina11 @noof_shopping امازون,0
نحن في اليمن لا يشتي لنا حكومة انقاد يشتي لنا واحد سع بوتن انقد روسيا بعد تفكك الاتحاد السوفيتي هل بنحصل بوتن اليمن ام لا,0
التاريخ حافل برؤساء استقالوا وانتهت حياتهم السياسية تماما بسبب واقعة فساد واحدة وفي مصر يدفعون بمرشح ضده 35 واقعة فساد لم يحقق فيها احد,1
غدًا.. الحكم فى طعن #مرسى و 21 آخرين فى قضية #التخابر مع #حماس | اخبارنا اليوم... https://t.co/lYBZNKTql8,0
"نتيجة الانقسامات وتدهور الاقتصاد.. "" #الأمم_المتحدة "" تحذر من حرب أهلية بـ #جنوب_السودان#مصريات https://t.co/thJU8WvIWp",0
@nojoom19 @CyrineAbdlNour @NESREENTAFESH @nadinenjeim نادين نسيب نجيم😌😍😍,0
@adeelaofficial ولو لك في حد غير أكيد نوال الزغبي,0
@Bo3bdulla_10 الفرق بين بريطانيا والسعوديه ثلاث ساعات يا سارق,1
@SsAaLlEeH اليوم قضينا على جبهة النصرة على أسوار حلب وغدا نقضي على داعش على أسوار تدمر إذا لم تفر والأيام بيننا وتذكر كلامي ده جيدا 😏 إنتهى,1
@qussady بوتن وأعوانه من حزب الدجال,1
@misharialbaghliإصداري الأول -كتاب مع سيدي قرآن- متوفر في #معرض_الكويت_الدولي_للكتاب للطلب من جميع أنحاء العالم:… https://t.co/oDjpL8mcVQ,0
تبرعات الهلال الاحمر الكويتي لن تسلم للهلال الأحمر السوري وإنما لبعض المنظمات الدولية الداعمة للمسلحين وللهلال الأحمر القطري أي(جبهة النصرة),0
_ع منطق حقير ولا يتبعه سوى الجبناء هذه نفس تقتل عارف يعني ايه؟ يمكن لو أخوك أو أمك كنت تفهم,0
توران: رفض برشلونة عرضاً بقيمة 50 مليون يورو من أجلي https://t.co/qli4kamWnS #برشلونة #توران #تركيا,0
@MohamedGaduo @elmamatter اه انا وقتها لقيت واحده من فانز هايدي عامله بيونسيه حاجه نضيفه كده 😂,0
اوساط قريبة من “بيت الوسط”: عيديّة في الأيام المقبلة  https://t.co/y4bWzmeUzT,0
@RamyAyach @assaadrechdan  انتو الاتنين عمالقه ياخليلي اذوق ياناس ياليت الناس تتعلم بس لوربع ذوق رامي عياش,0
لا اله الا الله💜#أيفون_البروفيسور https://t.co/mKQFUkOWvN,0
ﻟﻴﻪ ﺍﻟﺒﻨﺖ ﺍﻟﻠﻰ #ﺗﺤﺐ ﻓﻰ ﻣﺠﺘﻤﻌﻨﺂ ﺑﻴﻌﺎﻣﻠﻮﻫﺎ ﺍﻧﻬﺎ ﻋﻤﻠﺖ #ﺟﺮﻳﻤﻪ ﻭﺑﺘﺒﻘﺎ ﺑﻨﺖ ﻣﺶ #ﻣﺤﺘﺮﻣﻪ ; :: #حوكا,1
RT @Lionel__FCB: في تكتيك لو يستخدمه الشايب العايب باوزا اضمن انهم بيفوزون بالراحة ، يوريهم بين الشوطين الصورة اللي نزلها ميسي و شف الحماس…,0
#الاحتلال يعتقل 16 فلسطينياً https://t.co/BBvhGzHBRQ,0
الراجل بتاع الامن بينف بمعدل نفتين كل ٧ دقايق فتحنا الشبابيك عشان السقعة راحت واشتكينا مراراً وتكراراً ليه عموم الشعب معفن #…,1
قصة شاب اشترى محرك #جوجل بـ 12 دولاراً فقط.. ليعيد بيعه بسعر مذهل!اكتشفوه عبرالرابط https://t.co/PeJMdBqH5p https://t.co/aoqQbmZccS,0
@malak_alhusaini جوالي ايفون ٤والله امنيتي اغيره بتكسبين فيني اجر💔,0
"RT @falshi777a: ""احلم دوما أن اكون "" 👱🏻""الأفضل بين الجميع "" 👩🏼"" لذا اجمع البوكيمون "" 👱🏻"" سلاحي المنيع "" 👩🏼""بوكيمون سأجمعها الان "" 👩🏼👱🏻…",0
بعد خسارة اليمين المتطرف في النمسا.. أوروبا تتنفس الصعداء https://t.co/8BPiACZ1B5 https://t.co/AfhA9nktvs,0
بوب ديلان يغني في السويد بعد غيابه عن «نوبل» https://t.co/Fld3wmKWH2,0
متخترش حد إنت مش كل حياته ✋ #مشتاق_اسمع_جمله#عادل_امام#كلمه_لحبيب_قلبك#حب_أعمى,0
هي حلوه بس الله يعين ع حزب لابس الورد يبي يبثروننا 😂😂#زد_رصيدك35 https://t.co/dST9gl1w7V,1
مقتل 3 أطفال وإصابة 20 في انفجار سيارة ملغومة في مدينة #بنغازي الليبية https://t.co/YqynbwgtvR,0
اللهم فرج همهم اللهم اهلك عدوهماللهم نفس كربهم اللهم انصرهم#اللهم_امين🌷#ستبقي_حلب شامخة✌️ #الدعاء_لك_ياحلب,0
تطبيق خرائط غوغل Google maps للايفون برابط مباشر - #السعودية #قطر... https://t.co/8duBSwmqOX,0
شفت سلسلة افلام هارى بوتر كلها ف يوم واحد وهشوفها تانى انهاردا#عااااااااش,0
🔴عاجل عناصر حزب الله تنتشل المصوغات  الذهبية والأموال والموبايلات  من النازحين السوريين #شرق_حلب https://t.co/YpS1iMURSC,0
#نون_أون_لاين#الأمم_المتحدة: مليون شخص #محاصرون بسوريا https://t.co/dLByIEQjrO,0
@MahboulDZ4 واشبيك انت عمي غوغل وما قدرش يجاوب على هذا السؤال,1
أرشح صاحب هذا الحساب كأفضل مغرد لإفادتي في مجال ( لعبة 14) #تدوين,0
عليك نور !,0
#لافروف :حقوق الإنسان ليست وسيلة لتحقيق المصالح الخاصة..!! | Rassed https://t.co/VCPIUsylTg https://t.co/bsT5W6H4OQ,0
"RT @IranObs_ar: #المرصد_الايراني#اقتصاد | هجر 40 ألف قرية في إيران يهدد الأمن الغذائي المحلي""ترجمة خاصة""https://t.co/w2oA7GWeXI",0
الحمد لله الذي أطعمنا وسقانا وكفانا وآوانا فكم ممن لا كافي له ولا مؤوي #ريال_مدريد,0
لعبة #SuperMarioRun  تتصدر قائمة أكثر التطبيقات تحميل في ٦٢ دولة #Ment_Techn_news https://t.co/XpxJ0Stglw,0
@HichamHaddad57 @bisara7a @nadinenjeim ولعانه الحلقة أكيد على نار منتظرين♥♡ #نادين_نسيب_نجيم,0
في أول لقاء تليفزيوني له، حسن هيكل يتنصل من جمال مبارك ويدافع عن هيرميس ويشرح رؤيته لاقتصاد مصر آخر كلام ١١م,0
كل هذا عشان جستن بيبر 😒 https://t.co/lbTPsvROIi,0
‏ الأسواني:ماذا فعلوا الأخوان رداًعلى سحل فتاة وتعريتها وقتل العشرات من قبل العسكر الذين كانوا متحالفين معهم آنذاك؟>,0
حلو لما تتحرق مقراتكم بقى حيبقى ده رد فعلك على التويبس اللي بيعارضوا العنف برضه؟,1
_ ولو قرأتي ما كتبت هتلاقيني قولت إخلاء سبيل ومش براءة باين عليكي مناضلة جامدة,0
#مبتدا #الأمم_المتحدة: عدد مصابى #الموصل يفوق جهود الإغاثةللتفاصيل ... https://t.co/yIuni5yZpH,0
#اليمنية| #الاتحاد_الأوروبي يدعو إلى تمديد وقف إطلاق النار في #اليمن واستئناف المفاوضاتhttps://t.co/KxWSUqmNmG#التحالف_العربي_سند_اليمن,0
يستقبل  #الحريري في بيت الوسط وزير خارجية #كندا ستيفان ديون مساء ويعرض معه آخر المستجدات السياسية في لبنان والمنطقة https://t.co/uc1A6SGVmB,0
هذا الإعلان لصالح مجموعة وسيعرض بالفواصل في رمضان ان شاء الله صوره من الإعلان # #رمضان,0
على خطى أيفون.. هواتف أندرويد قد تخلو من منفذ سماعات الرأس https://t.co/LHy2Aw4fid https://t.co/OXW5jvMoIL,0
الصورة  من #ليبيا عام 1930م..... لمؤيدين ليبيين للإستعمار الإيطالي ضد نضال البطل #عمر_المختار.... الذي يحارب الإستع… https://t.co/swc6giRJfc,0
@Fatmah_slman @MousaAlomar انا قلت الخليج قطر والكويت ما فيها؟ و السعودية كمان فيها يا جاهلة يلا على النكاح ولك!!! يلا طوبزي ينكحك أوباما!!,1
روسيا تهدد: سندمر المسلحين إذا رفضوا الخروج من حلبhttps://t.co/fOr76vV1d0#روسيا#حلب#لافروف#المعارضة_السورية https://t.co/p9llfKoEwW,0
@TOFFEE_2 @ladyattorny حاسباني شكون ؟شي بوكيمونألف مليونوحدة ليا تتمنى,0
حكيك يخلق من العدم فرحه ♡' #م,0
"RT @AleradaNews: شاهد بالفيديو: رد #أردوغان على #حيدر_العبادي ""لست بمستوانا ولست بقدرنا .. وإننا نفعل مانريد"" https://t.co/2s3mWhnT1G",0
@QablQalel كاني شفته في سكن الجامعة قبل سنوات وأتوقع انه يدرس في معهد اللغة العربية في نفس الجامعة الله يوفقه يارب,0
#يوم_اللغه_العربيه#الجامعة_السعودية_الالكترونيةعندك واجبات ماث!!!!عندك واجب ومشغول وموقادرتحقق 100%...نحنا انحلها 0507797125,0
المزيد من الصور من حفل النجمة الذهبية #نوال_الزغبي بالريفيرا ببيروت #لبنان 😍 https://t.co/erDLdXdUCO,0
نصيحة لأتباع مرسي ، كفوا عن النواح والهجوم على كل مخالف ،، كنتم سببا في تحويله لديكتاتور بتاييدكم الاعمي له ، فلا تزيدوا من ك…,0
صندوق التلفاز YOKATV KB2 بنظام أندرويد 6 وجودة 4K - https://t.co/oyGkb4apiC#اندرويد #android https://t.co/jolp2m4RtF,0
درس العربي في الأرياف بيدعيلكوا #محمد_محسن ومستر ممدوح بييدعيلكوا برده :) :),0
@majed7aa مرحبا اخي. أنا آسف ولكن لم أتمكن من ترجمة ذلك سقسقة مع مترجم جوجل وأنا لا أعرف العربية.   @yemeni_mhenk,0
الجنايات تلغى قرار وضع الفريق #احمد_شفيق على قوائم ترقب الوصول . حمدلله على السلامة ياحج احمد عمرة مقبولة ان شاءالله #مصر المنكوبة,1
#مصر_لن_تركعربنا يعوض عليك يا سيسى فى واحدة من الدول اللى كانت بتدعمكالرز خﻻص بح يا سيسو,1
RT @Dotmsr: تسريبات ويكيليكس| هيلاري #كلنتون: #قطر تدعم #داعش وهذه خطة المواجهة لتفاصيل أكثر  https://t.co/iP2OnsIpui https://t.co/DwfAu93…,0
شفيق مين ده مش هيجيب أصوات عيلته وبعدين #فسسسسسسس,1
#اتفرج| بالصور.. وصول أبطال فيلم «يوم للستات» لحضور #مهرجان_القاهرة_السينمائيhttps://t.co/kaCk9CToMr,0
اطلقوا اسم رابعة العدوية على مدرسة بالمغرب وحديقة بتركيا والانقلاب يطمسها مع اشارتها ليخفوا اكبر مذبحة فى تاريخ مصر,0
لو كان الأمن هيحل فشل السياسة كان حل فشل مبارك وفشل طنطاوي فشل السياسة لا يحله إلا سياسة ناجحة وذكية وغير كده نزيف دم إن كنتم تعقلون,0
@almasryalyoum بنهدد السعودية بالتوجه لايران..متناسين ان هذا التوجه سيحول مصر لعراق جديدة كما سوريا واليمن..عند وصول ايران لديهم😱😱,0
قالتها #اليسا عااادي عادي انو عادي 😂😂👊🏻 https://t.co/okSlmzF1z9,1
أبل، أمازون وجوجل أكثر الشركات إثارة للإعجاب في العالم https://t.co/GytRrZK2om,0
افضل تحدي شفته ❤️❤️ 😍#MannequinChallenge  https://t.co/WmEdJOtaVr,0
المستشار  #يحيى_قدري يكشف خطوات الفريق #أحمد_شفيق  القادمة بعد العودة لمصر https://t.co/9nKHxavcZL,0
لقب برنس الاسبوع يذهب الي محمد يسري سلامة,0
جملة قالها السادات أنهت حربا كانت تعد لها إسرائيل   @AlArabiya ـ https://t.co/Jt6pxGjM9D https://t.co/7nnTCjfif0,0
RT @waqf_9_: من ثالث يوم رمضان والسفاره والوزاره مايدرون عنه https://t.co/CocJ7rg7qM #طالب_سعودي_مصاب_بامريكا_يحتاج_امر_علاج,0
مستثمرين ورجال أعمال من #فلسطين و #اليمن و #السعودية و #تركيا في معرض #العقار والاستثمار في #اسطنبول https://t.co/5Ce8soJgS7,0
"يا حكومة البطىء ""أرجوكم سرعوا (المارش) شوية #يوسف_الحسيني",0
حملة التطهير تدفع ضباطا أتراكا في #الناتو لطلب اللجوء - للتفاصيل اضغط الرابط https://t.co/XLMOWCbZo6 #الوطن_العربى https://t.co/AsHa7sLjP7,0
@naizaktv وصف الإعلام الغربي لسوريا2011 ثورة2012 حرب أهلية2013 بعد إعلان جبهة النصرة تبعيتها للقاعدة أصبح الوضع حرب على الإرهاب,0
6 خصائص ستحبها وتكرهها في هاتف أيفون 6 https://t.co/NSpKLVIn7H,0
#ايران.. اضراب لبناني عن الطعام في سجن ايفين.#لبنان #الشرق_الاوسط #حقوق_الانسان https://t.co/tJQWqNhhZb https://t.co/HBRaSDkWum,0
وزراء الخارجية روسيا وتركيا وإيران يجتمعون في #موسكو يوم غد لاستئناف المحادثات بشأن #حلب https://t.co/1bcX1vKFuq,0
شكرًا سعادة الملحق الثقافي في بريطانيا الدكتور فهد النعيم على الحضور والدعم الدائم،،,0
هي #سما_المصري تتحسب مع البني ادمين ولا ايه النظام ؟ -_- #ارف,1
#الاحتلال يقتحم حرم #جامعة_القدس ويحطم محتويات معرض طلابيhttps://t.co/QCrD0ETR9w,0
لماذا قمتم بتدمير هذا العتاد؟ لا يمكن لنا إخفائه. همممممممن تمكن من السيطرة على ريف حلبعجز عن إخفاء كابينة فولغا! #جاوب_كسطل#هندي_أسمر,0
"صحيفة الفجر/ بيان رسمى""#وايت_نايتس"" تهاجم ""#مرتضى"" : جعلت #الزمالك عزبة لفساد - عبر تطبيق نبض",0
خاطره: هي امرأة تنعش فيك قابلية الانتظارلمزيد من العشق ومزيد من الود والحنان..هي امرأة تروي صحراء قلبك لتصبح روابي وواحات خضراء#عرب #فلسطين,0
RT @KSA_620: #بانكي_مون يستأسد للدفاع عن الحوثي باليمن، ويخنَس أمام أبشع جرائم الإبادة في #سوريا!لن نعود أعزّه إلا بإيقاف مسلسل التنازلات.…,0
https://t.co/kbo17CiEgYميريام فارس💕 غافي💕 وتصبحون على خير https://t.co/MZCZQvfm4D,0
كود رحلة مجانية ل اوبر بقيمة ٣٠ ريالgfm58vpmue#اوبر #UBER,0
في #يوم_المرأة_العالمي نتذكر ليلى خالد ، فلسطينية مناضلة ضد الإحتلال الإسرائيلي وأول إمرأة تقوم بخطف أكثر من طائرة …,0
شاهد: خبير قانوني يشرح الخطة الفرنسية لرمي بشار الأسد خلف قضبان محكمة الجنائية الدولية-تفاصيل https://t.co/xQZqX8CcQS,0
تتوفر رواية شبابيك في بلاد حزينة في #معرض_جدة_الدولي_للكتاب جناح مؤسسة الانتشار العربي (لبنان - جناح ٥٤٠) https://t.co/y02S4pf3LI,0
@CyberRakan @jawadoh_23 @lLDON10  حقت Niko من امازون وثاني شي شوف نظام بلايستيشن يازينه مو الاكسبوكس تقعيد ،، الاكسبوكس حصريات بسس,0
الاف من أهالي نينوى سيشاركون في تحرير الموصل من داعش  ولاية #كركوك  https://t.co/aWmdpOXcJy ;,0
سيذكر التاريخ أن الرئيس #محمد_مرسي قاد ودعم #رواد_المساجد وأن #العرص قاد ودعم #رواد_الديسكو و #الخنازير_خائنين,1
RT @BassamJaara: ترامب : ايران تدعم الاسد بالاموال التي افرج عنها اوباما,0
مواليد برج #الأسد تعجبك صداقتهم كثيراً,0
إبتسامتك سماء من الفرح ،، تخلق في قلبي ألف نبضه من السعادة ♡♥ الله يديم هاﻹبتسامه الحلوه على هالوجه الحلوو 😘😘… https://t.co/wEg2ScJ1oP,0
"النوم لا يجافيني . جميع افكار وتخيلات "" هاري بوتر "" تقبع الآن في دماغي !!",0
ذمار : عدد من مدارس المحافظة تحتفي بذكرى المولد النبوي الشريف - #الزوايا_نتhttps://t.co/KqjV4aah34,0
"الانقلاب يجمع عددا من الفاسدين ليقدمهم لاشتون على انهم المفاوضون من جماعة الاخوان, فضائحهم لم ولن تنتهى",1
اخترنا لكم ::: انفصال أنجلينا جولي عن زوجها يسحق الجنس في غوغل https://t.co/xw1O7PB38B,0
#روسيا_تقضي_على_حلب المجرم بوتن وحلفائه استماتوا بالباطل استخدموا كل مايملكون اموال الة عسكرية نفط وغاز و فيتو لابادة اهلنا.. ماذا فعلنانحن,1
https://t.co/X6fpxzUSo1 أفضل تطبيق من نوعه لشحن الرصيد والمزيد من الخدمات! #مهرجان_القاهره_السينمايي https://t.co/v6Upucyf8q,0
بوابة #اليمن الاخبارية | تعز اشتباكات هي الاعنف بالاسلحه المتوسطه والمدفعيه في مديرية الصلو .اللهم احفظ الابرياء والمواطنين.,0
انا #مسلم وبفتخر,0
أردوغان يقنع شاباً بعدم محاولة الإنتحار من فوق جسر ويوجه بحل مشاكله وتقديم العون له.  - https://t.co/R7btSeE2qq https://t.co/uPTV8JgjSy,0
احد الاطفال النازحين السوريين في شمال العراق، رغم العناء والهم ترى الامل في وجهه البريء ..  ازاح الله عنهم وعنكم... https://t.co/rWM2HWKJO9,0
جستن بيييبر؟؟؟؟؟؟ اهاااااااااا اوكي https://t.co/OFRQyLn4wi,0
عقيلة صالح يشكل لجنة من عمد ومشايخ وحكماء برقة لتتجه الى مدينة #سبها بشكل عاجل للمساهمة بفض النزاع المسلح في المدينة. #ليبيا #المرصد,0
RT @AlAhly: عبد الله السعيد : أفتقد #رمضان_صبحي في #الأهليhttps://t.co/7XaeNBGuaL https://t.co/dAF7IfyAco,0
اليمين المتطرف خسر ف النمسا يلا :D @ebrahimo_,0
المادة العاشرة فى الدستور المصري ان الأهلى يتحسبله ضربات جزاء ظلم .. احنا لازم نحترم الدستور برضوه 😂😂 #عمرو_اديب,1
@hjajeh57 دفعة أولى !!ماذا فعل الجند في الأحرار!!ماذا يحصل في الساحة!!هل الورع البارد هو السببكما أثخنت فيهم داعش من قبل لنفس السبب؟!,0
المبعوث الصيني الى #سوريا من بيت الوسط: لضرب المنظمات الإرهاب ... : https://t.co/HZkCbh6cQi - #الحريري #سوريا https://t.co/JsOELn2W0P,0
@HAMED25771 يمكن راح #لبنان يحضرحفل زفاف الدعاههذاإذالم يكن عسيري أحدالعرسانأماقصف #اليمن أعتبرهاألعاب ناريه فرح #زواج_١٦داعية_من_روسيات,1
ومع ذلك سقطت بالأمس وإلى الأبد مقولة أن التيارات الديمقراطية لا شعبية لها وأن للإخوان ولحلفائهم احتكار الارادة الشعبية وتوكيل الصناديق,0
#اليمنية| قيادي عسكري بـ #تعز: #الحوثيون يواصلون القصف المدفعي على الأحياء السكنيةhttps://t.co/vQltBMfZid#التحالف_العربي_سند_اليمن,0
برشلونة رفض التخلي عن توران مقابل مبلغ كبير من الصين https://t.co/rWDBFvyQ2z https://t.co/1ctMiiB0Et,0
#بتوقيت_دمشق #حمصوحدات من #الجيش_السوري  يستهدف مقراً للمجموعات المسلحة في محيط مدينة #الرستن,0
بس حضرت الحلقة تمنيت اكون ربيع معذور من جمال نادين مش عارف يركز 😂😂 @nadinenjeim  #نادين_نسيب_نجيم,0
مناسبة المولد النبوي الشريف برعاية:الشيخ أحمد بن علي بن سالمين النقبي https://t.co/JzOw2PSjie,0
المغامر المجنون غراهام ديكنسون والمصور داريو يقومان بقفزة مدهشة بإستخدام زي الجناح أو السنجاب الطائر في منطقة شامون… https://t.co/G0n1P5SQSL,0
_ #_ #اكتوبر #الاخوان_جماعة_ارهابية خرائر الاخوان,1
ع سبيل النكد #باسم مش جاى النهاردة :(,0
ميريام فارس تحيي حفلا غنائيا في دبي 6 ديسمبر https://t.co/LRARDsTFoP https://t.co/9PFzzXaBLz,0
ﻻ تحلموا بوطن سعيد فخلف كل #مبارك #مبارك جديد وخلف كل شهيد شهيد جديد فكلهم #حسني_مبارك وكلنا #خالد_سعيد,1
الناتو: سنزيد من تدريبنا للقوات العراقية في يناير https://t.co/o0LlRKY208,0
#اليمن #مجزرة_القاعة_الكبرى وقل جاء الحق وزهق الباطل أن الباطل كان زهوقا..صدق الله العظيم#اليمن_فتاكة... https://t.co/AzVeG4dzQD,0
للمحافظة على جمال شعرك ينصح بغسل الشعر مره واحده عند الإستحمام، وتخفيف الشامبو بالماء قبل وضعه على الشعر #ريال_مدريد,0
RT @abdulaziztarefe: الإسلام جاء بإصلاح الدين والدنيا، قَصْره على الدين إفساد للدنيا، وقَصْره على الدنيا إفساد للدين .,0
سقوط الانقلاب وشيك لكن انصاره سقطوا فعلا فى عيون كل الاحرار,0
للاهلاويين حــطوا هالصوره خلفيــه لجوالاتكم راح تحس بفخامة غير مسبوقه حتى لو جوالك جالكسي S2محدثكم رازها في نوت 2 و… https://t.co/NxU6V9877p,0
بين نوال الزغبي وعاصي الحلاني.. منافسة محتدمة https://t.co/0stPzN9tcl,0
#الاتحاد_الاوروبي يمدد رسميا العقوبات الاقتصادية على #روسيا لمدة ستة أشهر جديدة لتاريخ ٣١ تموز يوليو ٢٠١٧ #موسكو #بروكسل #عاجل,0
"فيفا يعاقب منتخبات بريطانيا على ""الوردة الحمراء"" https://t.co/6EjIsfONCW https://t.co/iKKPZnNGnN",0
RT @raedsyrian002: #التغطية_مستمرة عاجل حلب استمرار الاشتباكات على محاور المدينة القديمة وسط استهداف بالطيران الحربي لمواقع الارهابيين و…,0
اكتشفت اني ما آخق على المزز مره من الأولاد.. احب اللي لهم ستايل محدد ويجوز لي مثل بوب ديلان https://t.co/bWB3yXpcS0,0
الفرد هو الركيزة الأساسية التي تقوم عليها عملية التغيير والإصلاح والتي و إن بدت صعبة إلا أنها ليست مستحيلة ، بل,0
2008 بعد ان عرفنا من ابو الفتوح حزب النور مش حزب ديني والاخوان مجرد جمعية سلمية تأكدت ان بن لادن كان مجرد كابتن فري,1
#اليمنية| #التحالف_العربي يدرب 12 ألف عنصر من المقاومة لضمهم إلى الجيشhttps://t.co/PviOCpuqKU… https://t.co/JKTfpxFI3d,0
وهل نسيت روسيا #هزيمتها في أفغانستان على يد أهل السنة المجاهدين الأفغانأم أرادت أن تثأر من المستضعفين في #حلب#ستبقى_حلب#ستنتصر_حلب#Alep,0
شفت فيديو موتني من الضحك في قناة الحافظ المذيع بيقول بلال فضل كاتب القافلة تبكي والخرفان تسيرواخد بالك قصده إيه فالشيخ رد يقصد الإخوان طبعا,1
@Nor_Alturki @AliAldafiri @salsaeedi هههه داعش تنصر المضلوم لو الجيش الحر لو جبهة النصرة كلهم مدعومين من السعودية الي تقصف شعب اليمن المضلوم,0
#ليبيا #عاجل #218TV #وليد_بكاكو- مراسل قناة 218 في ##سبها: وصل ظهر اليوم وفد من مجلس أعيان… https://t.co/Ul66MqMYSs,0
#رصداجتماع تركي روسي إيراني غداً في موسكو من أجل حلبhttps://t.co/nkHiCmMqCR https://t.co/Jq6Dgp7oAB,0
RT @KingSalman: مجزرة باريس الشنعاء لا يقرها دين ولا عقل.الإسلام بريء من هذه التصرفات.أعزي الشعب الفرنسي وندعو العالم مجدداً لتكثيف الجهود…,0
احمد الشيخ احسن لاعب فـ الدورى و المصرى احسن كوره لحد دلوقتى .,0
إيران تحذر الإمارات https://t.co/Qme1HO0NQT,0
#الداخلية_بلطجية #تعذيب المهندسة داليا رضوان تم الاعتداء عليها بالضرب الخميس الماضي في أحد الكمائن بالعجمي وتم,0
"RT @s3odicoouplex: عاجل:مجلس الأمن يطالب ""منى بالخروج من تويتر فوراً..و بوكيمون يدعو إلى التهدئه ويعزمها بالبار الي تحت!!والاتصالات تهديه…",1
#دعوة_الصائم_لاترد اللهم طمئن قلب #امي واشفها مما تعاني وارفع عنها ماألم بها اللهم فرج هم #أمي ويسر امرها واكتبها في علي,0
@i_FHD0 مو اعلان حتى، كده سلفي,0
ما ان اذكر المرشد او شفيق او مبارك بنقد حتى تنفتح صفائح القمامة وتنهمر شتائم مقذعة هل يوجد تشابه في طريقة التفكير بين الاخوان والفلول,0
#خريجات_جامعيات_قديمات_عاطلات #ظلم #حرمان #طموح #الم #قهر #معلمات,0
لدي رغبة عارمة في الانتقام لو جاءتني الفرصة سأكون اكثر شراسة منهم #اعترافات_ليلية,0
تباً لكم فما اردتم بنا خيراً يوماً #ليبيا #بنغازي #تفجير_الجلاء https://t.co/6N0len1ciM,0
أخي العزيز: إياك أن تتخيل إني لما أعملك بلوك يعني عدم إيماني بحرية الرأيبالعكس أنا بأميط الأذى عن طريقي وإماطة الأذى عن الطريق صدقة,0
الفرق بين مليونية اليوم ومليونية غيرها ، إن المحلات كانت فاتحة وبتبيع وتكسب فى محيط رابعة العدوية ، بخلاف المحلات,0
#بوابة_الوفدمحامي #أحمد_شفيق: لا يوجد قضايا ضد موكليhttps://t.co/5yEqAnaUuU https://t.co/6s5Hh5myaM,0
RT @egyforever1: البرنامج العملاق لتسريع وصيانه ويندوز 10 الجديد واصلاح اخطاؤه ' Windows 10 Manager 1. - لايف https://t.co/GePXpkgyWz,0
"قال الرئيس المتصهين #محمود_عباس إن ما حدث لـ #اليهود في ""#الهولوكوست"" هو أبشع جريمة عرفتها البشرية في العصر الحديث #أخبار #ف…",0
@M7mdSht  برجاء ارسال رسالة بتفاصيل الحجز الى webbookingsupport@egyptair.com و الفريق المختص هيتابع مع حضرتك.,0
المباراة القادمة :كأس العالم للأندية ريال مدريد x كلوب امريكا الخميس 15 ديسمبر 1:30 ظهرا بتوقيت مكة 🎤 حفيظ ال… https://t.co/CFAxx1rHUT,0
لما قلبنا جمد عليهم معرفوش ان السبب فيهم 👌#مشتاق_اسمع_جمله#عادل_امام#كلمه_لحبيب_قلبك#حب_أعمى#ولسه_يامصر_هشوف_فيكي#علي_هوي_مصر,0
RT @News_F_S: معادله بسيطه يجب أن تفهمها.سقوط سوريا يعني سقوط مصر يعني سقوط السعوديه .ما فعلته مصر صائب ١٠٠٪الأمن القومي المصري = الأمن…,0
@khale3030تكون مع(#بشار/#بوتن/ملالي ايران/بتاع حزب الله/الصين)قتلةاطفال/شيوخ/نساء #سوريا راجع لك.انا اعرفك، بس أنت لوشجاع تخبر الناس باسمك!,0
"أوباما يعلن الطوارئ في ساوث كارولينا مع اقتراب الإعصار ""ماثيو"": أعلن الرئيس الأمريكي باراك أوباما مساء الخميس... https://t.co/YCZBHH7HsV",0
مرسي موحد الفتن,1
RT @smartechdaily: تحديث كبير قادم لبرنامج Paint (الرسام) لنظام ويندوز 10مقطع لإستعراض التحديث👇🏻https://t.co/KNWrFCTRrz,0
اللهم ارزقنا نعيم الجنه آمين,0
RT @almasdarnews: صلوات جماعية في إسرائيل تضامنا مع سكان حلب https://t.co/OebETmBRPK @shivif1 https://t.co/jx5nbTjvPW,0
@Mafiname11 بعد بيختلفو اهداف اردوغان وبوتن بسوريا... اطماع بوتن ما راح يقبلها الشعب السوري بعد الثوره.,0
إيران تغيير التركيبة السكانية في بلوشستان - أحوازنا https://t.co/DzacSGjbuA#الخليج العربي #الجزاير #تونس #ليبيا #المغرب #السودان #موريتانيا,0
#شكون أنا باش #نتكبر عليك وشكون #نتا😂 ولا #نتي باش نديها#فيك أرخف😘 روحك #صاحبي 😉هذا #فيسبوك😎 ماشي #هولييود😉 👉💣💣💣#AnaSs,0
علوم الإمارات - | العثور على 3 خادمات هاربات عبر حساباتهن في فيس بوك #الإمارات #,0
سد خرقك.داعش https://t.co/vTc7r0VyIH,1
الف مبرررروك للعالمي ولجماهيرهـ  #النصر_الهلال,0
@vip999888777666 @kk_alsadi هل تعلم ان كلب بريطانيا عبدالانجليز كان يتقاضى راتب من الانجليز 🙄 باعتراف ابنه طلال على قناة الجزيرة,1
اللى واقف مع جبهة النصرة اسرائيل وقطر والسعودية ... عجبى,1
هدير طلاب الجامعة يشكل فيضانا لن توقفه سدود الانقلاب الشرعية ستعود ان شاء الله,0
@EgAntiCoup يعني حيكون زي اللورد دارث فيدرر ههههههههههههههههه,1
@Alito_NBA جواب ذكي 😂,0
مبروك ل هيلارى كلنتون للرئاسة امريكا,0
"بعد قراءة مادة 219 الصوفيين يعملوا إيه كده؟ ليه نقفلها ع ""السنة والجماعة""؟ ولا دي تمهيد للحرب مع الشيعة؟ دستور مريب ليس للمصريين",0
#ماذا_لو_المدارس_مختلطهطبعا يداومون يومي مستحيل يغيبون حتى بالاجازه يداومون ..شعب يحب الدراسه 😜,0
GTA V باعت ٦ مليون نسخة من اللعبة ببريطانيا بساكثر لعبة مبيعاً بتاريخ بريطانيا !,0
#شاهر_المؤمنين عالم رياضيات #أردني ينضم الى قائمة اهم علماء #الرياضيات #عالمياً ، نفتخر بعلمائنا مبروك للأردن #اﻷردن,0
ده #MannequinChallenge  بس بطريقه محترفه 😂😂 https://t.co/FohO57PM0t,0
واضح إن أمي دعت عليا وأنا صغير وقالتلي روح ربنا يفرّج عليك خلقو، قام ربنا طلعني مذيع #,1
_ أنا مش حارق دمى غير إن المدعو #عدلى_منصور مصدق نفسه إنه رئيس,0
عرض شقق بمساحات مختلف و متكاملة خدمات بارض اللواء المهندسين خلف ميدان لبنان شوف اتفرج من غير متدفع ولاجنيه بس الحق…… https://t.co/3x8ZRFBnPQ,0
عارفين ده ؟ طبعا كلكم حتقولوا أوباما لأ استنوا شوية إللي مع أوباما في عزاء بيريز ولابس طاقية اليهود يبقي معاذ الخطي… https://t.co/uX9FF1kxdV,1
"تسلط #نايلة_الصليبي الضوء في ""#ديجيتال"" مع الإعلامية #أوكتافيا_نصر على دور الأخبار الكاذبة في فوز ""#دونالد_ترامب""... https://t.co/o7CZZoRz6w",0
توقعات بتساقط الثلوج إن شاء الله علي مدينة #عرعر ليلة الثلاثاء وفي الصباحالله يجيب الخير #ثلوج_عرعر_١٤٣٨ #طقس… https://t.co/67y2yzj9hD,0
RT @_Yara_Alsadr: ليله مااعظمها واعظم رزيتها في الاسلاموما اقساها ع بنات الرساله.. #ليله_العاشر https://t.co/7OlKtZfeUI,0
العميد اسعد الزعبي..  اليوم هناك خسارة في المعنوية ونرى الخلاف بين الملالي وبشار الاسد وبين روسيا   #StandWithAleppo https://t.co/FxnqCGzLXK,0
@adil_emaam .....صاحب هذا الحساب ليس. هو الفنان #عادل_أمام  ولكن اشرف من الفنان نفسة على الاقل نقل رسالة صادقة وشريفة خلافا عن الفنان نفسة,1
الجو مال اتلحف بكشه ميريام فارس,0
https://t.co/9clh37ysrVتحميل ويندوز 10 عربي 32 بت iso برابط مباشر https://t.co/5fZUqQIzva,0
ڤالنتينو كيوت وناعم. الباقيين ما أخسر فيهم ريال قديم 😳تحديداً غوتشي ! ماهذا يا بيونسيه ؟ https://t.co/szjADT1gmR,1
#إليسا تتحدى جميع زميلاتها: أنا الأكثر مبيعاً فى الشرق الأوسط!https://t.co/717NkHePfb,0
حبيت كلامها وحكمتها 👌🏻😌 @nadinenjeim #في_بيتنا_ضيف #نادين_نسيب_نجيم https://t.co/e1z59k62fN,0
قلت لاختي اذا تبغين شي من امازون حطيه في السله.تفاجئت اليوم بذا المبلغ تقريبا =٧٨٧.٥ ريال😨😨الله يهديك يا اختي 😭😭😭 https://t.co/1iEochliBG,0
بهذه الخطوات تطبقين #مكياج #غوتشي لموسم خريف شتاء 2016 / 2017موقع #حياتيhttps://t.co/rnIJwyeuX4#راح_نفلسكم_٢… https://t.co/KjOQDBF6oJ,0
#واشنطنالبيت الأبيض ينذر النظام وروسيا بسبب قصفهم الهمجي على #حلب #روسيا#سوريا,0
@htlarxx1 لهم حقد ع المملكه والله لم تحقده قريش ع محمد فقد كانت تراعي فيه نبل اخلاقه وتعترف بها هؤلاء روسيا اليوم أنبل من المملكه عندهم,0
لقاء رائع اجتمعت فيه مع الشيخ #عادل #الكلباني ،وأشكره على كرم ضيافته و الفوائد العلمية التي قدمها لي,0
من ساعة أبل لهواتف سامسونج.. أجهزة يمنع السياسيون من استخدمها لإجراءات أمنية https://t.co/74bh2M60RS #البحرين #الكويت #السعودية #الإمارات …,0
@StefanJ35213889 @MousaAlomar سبب تقدمه الاخير هو ولاء ومعونة سكان حلب الغربية له وللدفاع الوثني النصيري على اهل السنة في الشرقية,0
أبل: 54% من الأجهزة تعمل بنظام التشغيل iOS 10 https://t.co/JMJeld0Je9 #البحرين #الكويت #السعودية #الإمارات #قطر #عمان #المنامة #تكنولوجيا,0
"بعد رفض ضياء رشوان (قطة النظام) تعديلات الدستور التى تجاهلت مقترحات نقابة الصحفيين, انتظروا فتح قضية قديمة لرشوان او اولاده, هتسكت ولا نذيع",0
يا سنينى اللى رحتى ارجعيلى ... ارجعيلى شى مرة ارجعيلى .. ورديلى ضحكاتى اللى راحت ..💔#فيروز,0
الأسواني:لماذا تصر الولايات المتحدة على استمرارها في دعم مرسي للنهاية رغم قتله للمصريين وقمعه للتظاهرات,0
أعطي رسول الله  المرأة مكانة عالية وجعل لها دور كبير في المجتمع شاهد لتعرف  #يوم_المرأة_العا…,0
كل سنه وانتو طيبين بمناسبة المولد النبوى الشريف https://t.co/1OmvdojHBW,0
#عمرو_اديب: البلد ديه بقلها 7000 سنة بتبتدى من أول وجديد#كل_يوم | #ON_Ehttps://t.co/ixkj5Q4dZA,0
@MeshariGhamdi ما شاء الله الاقرع فيه شبه من بوتن 🙂,1
"RT @AlkhaleejOnline: حملة سورية لجمع مليون دولار تعيد إرث #نوبل لـ""الخوذ البيضاء""https://t.co/9FXzcctQBO#سوريا #حلب https://t.co/1Wp1ho…",0
RT @Spirit_DeviiL: -مشربش عندك برتقال!؟-مين ؟؟-بوكيمون صغير كدة😂😂✋ https://t.co/zSS6uYLYwg,0
#واشنطن تحذر #موسكو ودمشق من عواقب قصف #حلبhttps://t.co/DW5XYn0E5C https://t.co/NYHD9wkekJ,0
الله أكبر الله أكبرالله أكبر لا إله إلا الله تكبيرات العيد تبعث فى الوجدان طاقة إيمانية عظيمة كل عام وأنتم بخير,0
"بنك ""أرقام"" الإماراتي: الوديعة السعودية لم تصل مصر على الأرجح https://t.co/hkwRptuGSB",0
المحنة اخرها فرحة #الاهلي_الافريقي,0
#بانوراما_اليوم على قناة #المنار: عمليات #الجيش_السوري لتحرير #حلب وتهويل الدول الغربية على #دمشق و #موسكو عبر... https://t.co/WATfmtNvBF,0
RT @sayed539842: @hidden_politics @20fourMedia يدفعون مليارات لتدمير اقتصاد #مصروايضا يدفعون مليارات لتمويل وتدربب الارهاب ويصدره لنا لعن…,1
RT @Reyhan_News: المندوب المصرى ابدى أسفه ازاء عجزمجلس الأمن عن اتخاذ قرارات فاعلة لرفع المعاناة عن الشعب السوري والقضاءعلي الارهاب نتيجة ا…,0
RT @RM4Arab: فيديو - جانب من تدريبات ريال مدريد اليوم . https://t.co/9tQIOJNivc,0
محادثات #ترامب مع الزعماء العالميين تذعر الدبلوماسيين #سبوتنيك #الولايات_المتحدة https://t.co/0oAIArvwfe https://t.co/vXKTjfPoqz,0
ابنة بيونسيه على خطى والدتها! الصور والتفاصيل داخل المقال#يومياتي #بيونسيه #مشاهير https://t.co/kNEINWNkqv,0
مندوب #السعودية في #الأمم_المتحدة يحرج مندوب #إيران في رد مفحم. https://t.co/WWhqeULoQN,0
#هناك_مكان_اسفل_الجحيم لكل واحد بيقعد يدافع عن حد لدرجة انه بيحسسك انه اله مبيغلطش #السيسي #مرسى #باسم #برهامي #يلا_نحفل_علي_احمد_ادم,1
٥ أعوام قضت من بداية الحرب في #سوريا ولو كان فيه ضمير الأمم احساس لكان أضعف الايمان هو تجهيز جيش من النازحين #السوريين ودعمهم#حلب_تباد بصمت,0
RT @almanarnews: 🔶 الخارجية الاميركية: جميع القوات الدولية الموجودة في العراق يجب ان تكون بموافقة الحكومة العراقية وتحت مظلة التحالف.,0
"#عاجل #حلباشتباكات عنيفة تجري الآن على محور حي "" بستان القصر "" و #الجيش_السوري يرد على قذائف الإرهابيين بالمدفعية الثقيلة.",0
الاهرام الراكعة للبيادة تحولت الى صحيفة صهيونية تنذر العرب بالحرب عنوان لا تجده الا فى اسرائيل,1
زوجة #ابراهيم_حسن ل #٩٠_دقيقة سائق شركة #اوبر تعدي على ابني بمطواه طالبا منه الموبايل فرفض مما ادي الي جروح قطعيه في جسده,0
أحبك الذي أحببتنى فيه :),0
#ابراهيم_عيسى ساخرا : هل يوجد علاقة واضحة بين تاريخنا #السياسي و (الراقصات) #العوالم,1
أصابع خارجية وراء خسارة مصر في قطر,0
"بوب ديلان الفائز بـ""نوبل في الأدب"" لن يحضر مراسم تسلُّم الجائزة.. ليس لديه وقت فراغ!",0
اعلام العار ادعى الوطنية عند خسارة مصر من غانا 6-1 واليوم يهاجم محمد يوسف بطل العالم للكونج فو لارتداء تيشيرت,1
مصر الآن : #ستبقي_حلب https://t.co/WDnC0lNf55,0
سنفعل كلّ ما نستطيع لإسقاط هذا الدّستور الباطل,0
مع فيدرر يا آجا والكبار 😍 https://t.co/hrBeHbkBNu,0
"RT @Syria_Breaking: سيدرا.. طفلة سورية في سن التاسعة ""مربية لطفلين"" https://t.co/15utXxJRFy",0
الحريري استقبل جعجع في بيت الوسطhttps://t.co/d9F7rWcd26,0
الذي لم يلاحظ حتى الان ان مطالب الثورة لم تتحقق اما انه لا يتابع ما يحدث وأما ان رائحة السلطة قد افقدته الرؤية وصفقاته قد أخرسته عن قول الحق,0
سامي الجميل: هذه الحكومة لا تشبهنا وسننضم إلى المعارضةhttps://t.co/kjXFULLPzW#لبنان #Lebanon https://t.co/GcU9QzR1Vt,0
الافلام الجديدة لمذبحة رابعة اقدمها للسفير ابراهيم يسرى ليعيد التفكير فى مبادرته ولكل من يفكر فى عمل مبادرة جديدة,0
@_NOLE1 اللي اعرفه يقدر فيدرر على نادال,0
للــــــــــــــــزواج المــــــسيار ارمـــــــلة سورية   https://t.co/IGvrlcFdlr,0
RT @AJArabic: #السعودية تدين استهداف الحوثيين مدمرة أميركيةhttps://t.co/glkbHp7V9u https://t.co/ubtdnjWTLF,0
RT @isharatidriss: ٣٢)#امريكا_ومحاربة_الارهاب الذي دعمتة لاشاعة الفتن  في بلاد المسلمين قال تعالي(وإن تصبروا وتتقوا لايضركم كيدهم شيئا إن ا…,0
السيسي أكثرالمسؤلين المصريين في عهدمبارك والمجلس العسكري زيارةلإسرائيل ول يوم يقدم لهم القرابين حتي يرضواعنه فهو كنزهم الإ…,0
#عاجل#سوريا نحو 5 ألاف ما بين مسلحين وعائلات تمّ اخراجهم من الاحياء الشرقية لمدينة #حلب#ادلب,0
#نبض_رابعة | #شاهد معتقلين المنيا في قاعة المحكمة يهتفون ساخرين من القاضي و من فضيحة زوجتة مع مدرب الكراتيه (,0
RT @RM4Arab: ماركا | لم ينهزم ريال مدريد في أخر 23 مباراة دون سرخيو راموس مُحققاً 20 فوز و 3 تعادلات. https://t.co/zcBpx9JNs4,0
#اليمنية| #رئيس_الجمهورية يعزي في وفاة #السلطان_علي_العبدليhttps://t.co/gqWpgmH8Dg#التحالف_العربي_سند_اليمن#جنود_التحالف_سند_لليمن,0
ماذا تحضّر #كريستينا_صوايا لـ #عيد_الميلاد؟https://t.co/1DqAjzFwmw@SawayaChristina #mtvlebanonstars #Christmas https://t.co/L5k8KrA5JZ,0
@_iRalbert ايه اقتباس من جستن بيبر الشاذ اةةة,1
ومن أمارات البلاهة الإخوانية: الفرحة بالحديث عن ضعف المعارضة وغياب البديل السياسي مع أن ذلك يستدعي الخوف لأنه يعني انفجارا عشوائيا أخطر,1
#الأمم_المتحدة : الظروف الإنسانية في #حلب أكثر من “كارثية”https://t.co/gYwTxNxAGF#وكالة #الناظر #الاخبارية https://t.co/vpqvXoMBsO,0
شرح إعدادات النظام System Settings في ويندوز 10 https://t.co/gcl3CbhHDC,0
#اردوغان وعصابتة توعدوا وهددوا بأن عدم تسليم #غولن سيلقي امريكا ثبورا ...!!! كدااااب ياخيشة هلفوت😂😂😂,1
قاتل ماجور سابق يعود الى القتل لينتقم من الذي  قتل صديقه 🔥 انسخ الرابط وضعه في جوجل كرومhttps://t.co/SFv38UzIyJ… https://t.co/IsJZ5Y4MXP,0
لا تنسوا #الجيش_العراقى و #الجيش_السورى فى دعائكم,0
مع كل يوم يمر وإخواننا في سجون #حماس المرتدة تتضاعف فاتورة الحساب التي ستدفعها الكلاب الحمساوية،،#وعد_صادق#حماس_تحتضر#حماس_تعتقل_السلفيين,1
اخبار الدوري الاسباني - توران: توصلت بعرض بقيمة 50 مليون وهذا رد برشلونة https://t.co/BFjZQRGwnc,0
#مجلة_مرايا_لبنان_الدولية : مجلة دولية ..سياسية ثقافية اجتماعية .. ومنبرللمقاومة .. https://t.co/HSSvABCXdn,0
الاعلان الدستوري ناقص : من هو القائد الأعلي؟ما هي سلطات الرئيس في وجود خطر حال حقه في حل البرلمان وحق البرلمان في سحب الثقة من الحكومة الخ,0
من أجمل ماشاهدت في حياتي أكبر نجوم هوليود وهما عالمسرح بيتجمعوا لقراية كتاب هوارد زن عن التاريخ الشعبي لتوصيله للناس,0
ريال مدريد هو نادي الكُرة الأرضية ! 😍😍#انشيلوتي ❤طبعا و الاهلي 💕 😍,0
الجعفري: ضباط استخبارات أجانب مازالوا موجودين في أحياء #حلب الشرقية ولذلك نرى هستيريا فرنسية وبريطانية وأمريكية لضمان سلامتهم,0
مؤسسة صينية تفرض ضمانات مخلة بالأدب على الفتيات للحصول على قرضhttps://t.co/ke7lgWX5DC#الصين https://t.co/SurcFMYN6o,0
@ansan_94 @t_donkeys هو صادق بكل كلمة والسوريين يشهدون على كلامه الاسرائيليين ساعدو بعلاج النازحين السوريين,0
هاشتاق الاميره 👑 #سهيله_بن_لشهب 👑متواجد بترند #لبنان 🇱🇧 @SuhilaBnLachhab#SouhilaBenLachhab https://t.co/ji15Q2beek,0
نعم حضرت جلسة استماع واحدة للدستور استمعوا لنا بكل اهتمام ثم ضربوا بملاحظاتنا عرض الحائط لا للدستور,0
كوبـر : نضـع اعيننا علي أحمـد الشيـخ وسيكــون له دور مهـم في بطولـة الامــم الافريقيــة بالجابــون☺تستاهل يا شيخ☺❤#F_E_G,0
"#القرموطي لـ""#المملكة"":حذاري من محاولة الحديث عن #مصر وموقفكم في مصلحة لـ #إسرائيل#السعودية… https://t.co/q3Eq89iSeB",0
RT @FCBW_A7: غوميز : قادة الفريق (ميسي وإنييستا و بوسكيتس) ساعدوني كثيراً منذ يومي الأول في التدريبات، و فهم التكتيك و ايضاً التقرب الي باق…,0
خالص العزاء فى الشهيد جندى القوات المسلحة وفى الشهداء المعتصمين سلميا سلامة أرواح وضمان حريات المصريين مسئولية من يديرون البلاد,0
اسألوا #البرادعي عما فعله في #العراق #البرادعى_طلع_جاسوس #باسم_طلع_حرامي …,1
"ريكي مارتن خطب واحد ""سوري"" 😂😂😂يا فرحه امك بيك والله 🙈",1
الوفاء الشهامة العفو قصة من روائع الحضارة الإسلامية - استمع لحلقة جديدة من حلقات بسمة أمل,0
ارتفاع العجز التجاري في «إسرائيل»https://t.co/B4E0YSjHDd#الاحتلال #اقتصاد https://t.co/nuhb9nj4wt,0
حزب الكتائب في لبنان اعرق وأقدم الكتل السياسه وأشرف ريفي بسبب رفضهم الهيمنه الايرانية السورية على لبنان وعدم ترشيحهم لعون يدفعون ثمن مواقفهم,0
ترا انا خلاص بخرج من الفاندوم خلاص برجع احب جستن بيبر,0
RT @Sniger7: امسك #بوكيمون  مش قدر امشى والنعمه دى هتبقى مسخره اه والنعمه 😂😂,1
RT @abdulaziz2002: رافقت النائب فلاح الصواغ ومجموعة من النواب إلى حلبووجدت في أبو سعود وبقية الأخوة صدق المشاعر وعظم الشعور بالمسؤولية لنص…,0
حملة حياة لإغاثة السوريين النازحين الى الحدود اللبنانيه شكراً لكم حياة العالمية للاعمال الانسانية #الكويت https://t.co/rTCQVOskFj,0
"محد. يغيب ""̮ على مسواليتي  #ماذا_لو_المدارس_مختلطه",0
https://t.co/D0y7FWZf3c حملة اغاثة حلب و النازحين السوريين,0
"#سوريا  مصادر: ""حزب الله"" يستثمر مجازر ""حلب"" للسيطرة على لبنان https://t.co/ehRIDye4Ry #SYRIA https://t.co/4S9MJBebK4",0
RT @RM_News4: فيديو | تصدي رائع من كارفخال على خط المرمى. يتليه تألق الحارس كاسيا في تدريبات ريال مدريد اليوم . https://t.co/GR3YpQ8g5Y,0
ملاك قلبي تكفين ياعمري تكفين والله ماعمري  ابي ايفون 7,0
@afra76 👍🏼من جد غوتشي وفندي خطيرين هالموسم,0
#ترامب يعيِّن متشددين في فريقه https://t.co/FMEKwgIZMI #واشنطن  #السعودية #الشرق,0
@M_Abdullah_9 تاكسي ايراني في بريطانيا، بعد ماجد عبدالله الكرة السعودية الى الخلف ، فيه اكثر من كذا صيت؟,0
لن نسمح أن يزج بنا فى حرب أخرى وتدخلنا بـ #سوريا و #أوكرانيا من أجل الحل السلمي#أميركا #العرب,0
اه يا حلب#ستبقى_حلب https://t.co/vEC9sEXlH0,0
اليسا مع عمرو أيدب وماذا عن أجرها؟ https://t.co/LS5naYDYXc  #فن_وثقافة #اليسا https://t.co/HFl7kE5R6j,0
من يوقف قانون العزل ومن يجمد بلاغات الفساد ضد شفيق ومن يهدر طعون التزوير هل سيجرى انتخابات اعادة نزيهة اما تطبيق القانون او مقاطعة شاملة,1
يقدّم لكم دبي مول النجمة ميريام فارس في حفلة غنائية تقام يوم 6 ديسمبر عند حصان بوتيرو الأندلسي، ابتداءً من الساعة 8… https://t.co/PMXnXObAXe,0
لو عايزين إنتاجية الشعب المصري تزيد بشكل ملحوظ خلي الإخوان يدعوا للعصيان المدني أتوقع أغلب الناس هتشتغل شيفتين,1
إآبني آلمستقبلي ^_^ تشرب #حشيش عآإدي = تصآإحب بنآإأإأت شغآل $$ = تضرب ابوكـ ومآالو :$ = = بس تطلع #زملكاوى هولع في أبوكــــــــــ -_-,1
بيقولك دعوة #السيسى دى دعوة لحرب اهلية على اساس ان التلويح بسيناريو سوريا والارهاب فى سينا والدعوة للعصيان وتقسيم ال…,1
حوار الطرشان,1
كل معرضينك باعوك يا سيسي https://t.co/UKOYjB0hpc,1
"#رام_الله تخلد إسم ""#كاسترو"" وتطلقه على أحد شوارعها https://t.co/7u48BMLQRR",0
عزيزي الإخواني: اللي بيعصبك مش وصفي لرئيسك مرسي بإنه فاشلاللي بيعصبك إنك متأكد إنه فاشل بس لازم تشتم اللي بيقول عليه فاشل لتخفي فشلك وفشله,1
ليه ميبقاش في مدرسه لتعليم السحر زي هاري بوتر ؟؟ 😟,0
RT @ferial_soof: _يارب لا تجعل رمضان يرحل وَنحن منسيون من الجنة  *_اللهم ارفع اسمي واسم أمي وأبي  وإخواني وأخواتي وأهل بيتي وأقربائي واصدق…,0
#الرستاق#المولد_النبوي_الشريفاحتفالية المدرسة الهندية في الرستاق تحت رعاية ناصر العبري عضو مجلس الشورى https://t.co/Pif7IQ2bqe,0
ليش وزير شؤون المرأه رجل؟ لان بكل بساطه لو كانت امرأه بدنا ١٠ حقائب جديده مقابلها لنفهم شو بدها وزيرة شؤون المراه😅 #حكومه_لبنان,0
​أحياناً يكون الألم النفسي أصعب و أشد ألماً من الألم الجسدي ٣٤ #مذبحة_بورسعيد #المجد_للشهداء #إفتكروهم,0
@Muhamed3amr عايزين يلموا اي ابن متناكة يوزرز اللي هو خد انستجرام ستوريز و لو عايز في فيسبوك برضه و حوار اللايف برضه,1
RT @DrAliAlrabieei: الفرق بين ديانة الإسلام وبين ديانة الوثنيين #الشيعةتختصره هذه الصور من حج المسلمين في مكة وحج الوثنيين في #كربلاء htt…,0
اصبح واقعا فوز هيلاري كلنتون بانتخابات الرئاسة لانه ارتكب جملة خطايا منها انتقاداته للسيدات السود   وتهربه من الضرائب وانسحاب نواب من دعمه,0
وزير سابق في حكومة #الاحتلال مكان النساء في البيت وتربية الأبناء والمطبخ وليس في الخدمة #العسكرية  https://t.co/mrLHOV91Yb,0
“الفارس وحامي القيم”.. نظرة اليمين المتطرف في أوروبا إلى بوتينhttps://t.co/h9t4xVQPLRالرابط البديل:… https://t.co/1f5DoljiZM,0
مجلس الأمن والأمم المتحدة وحتى الجامعة العربية لا يعقدون اجتماعهم إلا بعد فوات الأوان (يكون الذي ضرب ضرب والذي هرب هرب)#د_عبد_السميع_الاحمد,0
RT @Afro_black1: ياخ زمان كنت بكره جستن بيبر كره هسي تقريبا بسمع ليهو اكتر شي !!!بقى بعيد شديد ياخ الجنى دا,0
@for3onia @A_ALTIMYAT مصر صوتت لقرار وقف القتال كون امريكا عاوزه تخرج الملشيات المسلحه مصر قالت ملهمش دور في مستقبل سوريا لسه هنعيد,0
اعلان من تصميمي#الهلال_الوحده#Christmas#زد_رصيدك54#الكويت_ترحب_بسلمان_الحزم#ايفونك_اليوم_من_هايبوينت… https://t.co/LnJCyT09z3,0
#الفرسان_كورة | اخبار | #محمد_صلاح يقود #تشيلسي لاسقاط #ليفربول,0
خفوا ع الراجل يا جماعة ده كده بقى خلاص سامي هينام,1
استشهاد جنود مصريين على الحدود بنيران صهيونية جريمة غير مقبولة دماء هؤلاء الشهداء تستدعى موقفا جادا حفاظا على كرامتنا وصيانة لحدودنا,0
معظم الدول الإسلامية تعظم وتحتفل بذكرى #المولد_النبوي الشريف ..هنا فتاوى #الامارات ، السودان، مصر، الاردن، الكويت،… https://t.co/VmaG4lctPJ,0
أدوات مجانية لمنع تجسس ويندوز 10 على المستخدم - https://t.co/h4t5PjUm2U https://t.co/feW1kpbJ4L,0
RT @NabeelAliBinAli: في أي دولة تقع مدينة بروج ؟بالقرعة أيفون +7موفقين.,0
"سلسلة لقاءات #الحريري في ""#بيت_الوسط""https://t.co/yAsG2yIA6v@saadhariri https://t.co/E2j4UpIFoR",0
RT @NabdApp: جوجل تختار تطبيق نبض ضمن أفضل التطبيقات لعام 2015!حمل التطبيق الآن https://t.co/DXEMVwagb5 https://t.co/d1L2PGJp3r,0
@Islam_Tabe5 اسمع اغنية halo ل بيونسيه واغنية pillow talk ل زين مالك فخمين وكمان flashlight ل جيسي,0
#شاهد🔴مقطع خاص نُهديه لعشّاق الثلوجتابعونا دائماً عبر تطبيق #طقس_العرب https://t.co/Y9e7sgirFD   #أمطار #السعودية https://t.co/VyZv4aSWWQ,0
#أحوال_العرب: أستراليا توقع الثلاثاء صفقة لشراء 12 غواصة من فرنسا https://t.co/D7y0K7zEUz https://t.co/9jOJqa9Uvt,0
_: #معرض_الكتاب كتاب : المشوق إلى القراءة وطلب العلم لـ الشيخ _ ,0
#بلحه_نيته_سوده  على لسان دبلوماسية.. رسالة من تل أبيب لـ السيسي: شعب إسرائيل معك  https://t.co/wEhnp2WWW8,1
"ودي احط صورة بوتن واكتب "" اخرجوا المشركين من جزيرة العرب "". #مشاريع_صغيره",0
#اليمن| #التحالف بقيادة #السعودية بتنصل عن اتفاق #مسقط لوقف الحرب ويستبدله بهدنة #عُمان#كيري#أنصار_الله#الأماراتhttps://t.co/sigbsNUZC3,0
#حرب: مسيرة #جبران_تويني مستمرة مع #النهار ...https://t.co/uqNJH3ZJYZ https://t.co/x46n941ydi,0
طبيعي لأنهم في الخلف !!,1
جزاك الله عنا خيراً يا رسول الله #الحبيب,0
RT @BassamJaara: الخطة الروسية الامريكية باتت مكشوفة .. احتلال حلب ثم جر المعارضة الى جنيف للموافقة على الحل الروسي مقبل مقعدين في حكومة بش…,0
بيصير نكد مو ناقصني كمان عيال بمدرستي بس ممكن يقلل البويات والله حبيبين بنت وولد ولا بنت وبنت و ولد ولد #ماذا_لو_المدارس_مختلطه,1
@Turkeyshalhoub صعود اليمين المتطرف في الدول الاروبية بعد اميركا وانتخاب ترامبhttps://t.co/DnND6U5338,0
شاهد فعاليات احتفائية بذكرى #المولد_النبوي الشريف بعدد من المحافظات 14-12-2016 https://t.co/nqcfCdBm6T,0
"روسيا تستأنف غاراتها المكثفة على حلب: الطائرات الروسية تستأنف غاراتها الجوية على مدينة حلب فيما وصف بأنه ""أعن... https://t.co/jLbNukEkzI",0
احتمال تساقط امطار يوم الاربعاء 21 ديسمبر على #الطائف من طقس العرب اللهم اغثنا ☔️ https://t.co/lpBdNJM1Y4,0
اردوغان للعبادي لست ندا لي ..العبادي يرد سنرد في الميدان لا في السكايب..هولاند ل بوتين لااستقبلك في تدشين مشاريع..يشير  لاردوغان .,0
مداهمات واسعة لمخيمات النازحين السوريين في لبنان https://t.co/qDNI2Ji4Eq,0
محاكمة المدنيين عسكرياً مش مسألة حريات ده شيء يخص العدالة والحقوق العدالة بيتقال عليها حريات؟,0
RT @Sir_Mohammed11: مع المنتخب•اجمالي الاهداف:كريس(66)ميسي(56)•الرسمية منها:كريس(52)ميسي(29)•الودية منها:كريس(14)ميسي(27)•الا…,0
#حاميها_حرميها #الجيزة كفايه عليهم نور عنين #السفاح انتوا حتنهبوا ولا ايه؟؟,1
RT @madoon07: للذكرى ✨اهداف النصر الاربعه ف ريال مدريد ف حفل اعتزال الاسطوره ماجد عبدالله❤️،جميعها روعه الا الأخير حكايه مسطره بالجمال هدف…,0
RT @salshuraym: تلاوات الشيخ #سعود_الشريم من رمضان 1416 الحلقة (21)الفرقان 21 - الشعراء 51مباشرhttps://t.co/VSWZyCgNbfيوتيوبhttps://…,0
قاطعوا #الصين,0
انا ايه اللي خلاني اتعلم اللغة الفرنسية و انا مش هسافر فرنسا اصلاً,1
استعادة جهات الاتصال المحذوفة بعد التحديث إلى ويندوز 10 https://t.co/d7QIvDDgCG,0
ممكن امك تكون بتحب الفسيخ بس عيالها وجوزها اللي هو ابوك يعني مش بيحبوه وتكون نفسها فيه بس ماتكلوش عشانهم هي ديه #الأم_المثالية,0
""" و الله بتوع شبكة المخلص دول دمهم خفيف الوجه البذئ الذي يضع قناع الدين",1
أوباما يشيد بشجاعة الرئيس الكولومبي بعد فوزه بجائزة نوبل للسلامhttps://t.co/7J0fDYYcdwأشاد الرئيس الأمريكي باراك أوباما يوم الجمعة بشج…,0
@Yasminalqallaf حطي صورة حفلة بيونسيه مو تنسين 🙊,0
القضاء المصري يرفع اسم شفيق من قوائم ترقب الوصول. #مصر #أحمد_شفيقhttps://t.co/1jlDhaLGtS,0
@itthad_barca المنتخبات الثانيه ماعندها ميسي لكن تشوفها في الميدان افضل وما اشوف حتى لعيبتهم افضل من الارجنتين لكن المدربين يفرقون,0
أردوغان بسياسته الغبيه بات يسقط كورق الدومينو.... #العبادي_يمثل_العراق,1
بروحي فتاه/اصابك عشق/ عبد الرحمن محمد مغرم انا بيك /مروان خوري سلم علي/ روبي علي بالي /شرين بالعكس/رامي عياش ك… https://t.co/8MAssSdTzJ,0
بعد سقوط كل هؤلاء الشهداء ومشهد الرجل المسحول الازال مرسي محتفظا بوضوئه هل تصح صلاته وهل يتقبلها الله وهي مغموسة بالدم سؤال للفقهاء,0
الإعلان الدستوري الصادر من مرسي كان أشبه بخطاب التمكين لهتلر #السادة_المحترمون,1
فعاليات توزيع البورشور أمام المساجد و التوقيعات كانت رائعة و التجاوب كان استثنائيا سيتم رفع الصور بعد قليل,0
كل المباريات الي جمعت بين فيدرر ونادال ❤لكن المباراة الخالدة ف ذاكرتي مباراة فيدرر وروديك ف ويمبلدون قمةالمتعة♥ #افضل_مباراة_تنس_شاهدتها,0
يعني مش هاري بوتر زي ما الامورة دي ما بتقول 😂 https://t.co/ZVf6EYb0UV,0
RT @FadsSsfmsya: أمنية حياتي أشوف مناظرة بين دونالد ترامب و مرتضى منصور و أضمن ليكم الإكتفاء الذاتي الكوميدي لمدة تلاتة شهور لقدام,1
RT @BassamJaara: حلب لن تسقط واهلها لن يغادروها والحصار سيتم فكه رغم انف اوباما وبوتين,0
#لما الموب بتاعي يبوظ #بس الايام مش سيباناااااا مش سيباناااا في حالنا :) :) 2,0
@KarMostafa @shakerrzalloum @YouTube وزي ماتشوف اخي مصطفىبأسم القدس والحسين وزينب تدمر حلب فوق رؤوس اهلها,1
المايسترو روجر فيدرر  https://t.co/tbyFehqx2A,0
أمازون بدأت بتحويل كثير من المنتجات إلى منتجات حصرية لمشتركي خدمة برايم (خدمة ب99$ للسنة) https://t.co/R3CACgFlwy,0
أخبار برشلونة اليوم.. جوارديولا سعيد بالعودة لكامب نو.. وتشافى يدعم بيكيه - اليوم السابع https://t.co/3VArzFz1pE #برشلونة,0
RT @Alkhedheiri: اللهم كما نصرت عبدك موسى في مثل هذا اليوم فأنصر عبادك في #العراق و #سوريا و #اليمن نصرا عاجلا و نسألك أن تحمي وطننا وجنودن…,0
#انتخبوا_البرص,1
@noofyxx1 @mansour_y @BasRid10 @AhmadKN5 انصحك مشاهدة الاعلام الغربي و كيف يتكلم عن غباء و قذارة الشعب السعودي,0
@iH2ll لن ياتيك ايفون ٧,0
"""كلما اختلف اثنان او ثلاثة في الشرق يكون على حساب لبنان"" #استقلاليات #جبران_توينيبعد قراءتك للصفحات الأولى من كتاب تويني تدرك من هو قاتله.",0
بوتين يلغي زيارة لباريس بسب شروط فرنسية بشأن #سورياhttps://t.co/mcnnMxcEDd #ريال_مدريد #برشلونة,0
RT @DrHamsheri: نظام بشار يسعى لإفراغ حلب بـ«ضمانات روسية» @aawsat_News https://t.co/7s42K8tE4w,0
قمة الغطرسة #الروسية في #سوريا من لم يسلم رقبته للجزار #بشار فهو #إرهابي  #لافروف: #موسكو ستعتبر كل من يرفض الخرو… https://t.co/PboUrMeaTo,1
لا تجبر الإنسان ولا تخيره يكفيه ما فيه من عقل بيحيره اللي النهارده بيطلبه ويشتهيه هو اللي بكره ح يشتهي يغيره عجبي !! #صلاح_جاهين,0
@pierrebbeirut هالعقلية الذكورية ما كنا نخلص منها! انو بدن يقولولي انو بكل لبنان عامة و المجتمع المسيحي خاصة ما في امرأة تستحق منصب وزاري!,1
#انفراد تعرف على #النواب المشاركين في منتدى #الأمم_المتحدة لـ #حقوق_الإنسان بجنيف .. التفاصيل :… https://t.co/gN2Cg0DKgO,0
@NamshiDotCom وساطه أمازون ايبي,0
"""العسكرية العليا"" بغزة تؤيد حكمًا بالسجن 12عاماً على متخابر -#حماس #قضاء_عسكري #فلسطين https://t.co/lBsvnvGuPR",0
ماتبقى من #فلسطين التطور الطبيعى لبيع ا#لوطن#البركةفى#المعرصين#حماس#واخواتها#العملاءعلى #القدس رايحين نبارك… https://t.co/xNVRSYfzsZ,0
يعني العرب ما فهموا ان صدام والقذافي طواغيت مجانين..تبيهم يفهمون أن #كاسترو مناضل حقيقي..وبأقل الأحوال أفضل من الديكتاتوريات العربية..!!!,0
يمكنك متابعة كل الاخبار عن #الأمم_المتحدة علي https://t.co/vxCj7cQqg1  #الأمم_المتحدة  #قولي,0
_ الشعب السعودي الآن مثل خزان الوقود ينتظر عود ثقاب فقط مثل بو عزيزي في تونس وشبه مؤكد ان الثورة ستكون بع…,0
إرث أوباما.. حروب أكثر: تناولت صحفية واشنطن تايمز الأميركية شأن الرئيس الأميركي باراك أوباما، وأشارت إلى مناد... https://t.co/8CxtW018HL,0
RT @ph5f5: الي يقول الارجنتين بدون ميسي تستطيع الفوز و منتخب يملك نجوم  و لاعبين كبار؟ معقوله مباراتين ، و جميعها مستوى اسوء من السيئ ، اين…,0
@France24_ar اذا كانت هذه الاقلية مضطهدة فلماذا تلتزم فرنسا الصمت تجاهها  وتتباكا على ارهابيي حلب..؟؟,0
@Justin_Saudi شكلك متعود على 👌🏻👉🏻هههههههههههههههههههههههه من صورة جستن بيبر وانا عارف انك خنيث 🖕🏻لا تطاول على عمك ممدوح,1
كلمات وألحان يوسف العماني - أرتاح من أشوفه - ميريام فارس https://t.co/VRhIDXGlv3,0
الأهلي يواجه برشلونة بكامل نجومه: Publication Date: 2016-10-10 21:50جدة - الرياضيةأعلن النادي الأ... https://t.co/cia7YonZBf #sportsnews,0
إليكم أجمل 12 شجرة ميلادية في العالم، وجبيل تخترقُ القائمة! https://t.co/CbYf35cssI  #Christmas https://t.co/mlxQ6uutHu,0
RT @__maramfaisal: يبي يقول عنده ايفون https://t.co/MHEWCuRr6Y,0
ربي بلغنا رمضان من غير أن نرى دمعة حبيب، ولا فراق غالي، ولا استمرار مرض لقريب، اللهم بلغنا رمضان لا فاقدين ولا مفقودين#رمضان_كريم,0
", جيرارد ماذا فعلت !!!!!! هل تهدم ما فعله #ليفربول😥 لو جآت من غيرگ ترا كآن هآنت أما تجي منگ يآآآهي قو…",1
RT @drnoursalem: البنت في رمضان vs البنت في العيد 😂😂 https://t.co/k1sJD20Ftn,0
@LOW_HR @Eyaaaad عطوه ايفون ٧ 😂💔 والله ماسويت التحدي لو شنو,0
https://t.co/8vzKebaN2u اضحك مع #عادل_امام,0
@EdSamuelFCO تغرد كانك ناطق باسم جبهة النصرة والحركات الجهادية الست تمثل دولة علمانية التي تحارب القاعدة والتطرف نفسها؟,1
#مجلس_الأمن يصوت بالإجماع على #مشروع_قرار حول نشر #مراقبين_دوليين في #حلب#فرنسا #روسيا https://t.co/YGMDzQ0huJ,0
رئيس بلدية لوس أنجلس: سأستقبل المهاجرين وأحميهم من #ترامب https://t.co/OuXtPFn5hy #الولايات_المتحدة #دولي,0
@AlMayadeenNews ليش سلمان ما أعلن الحداد كمان كلكن اخرا من بعض..وحدو الدكتور بشار اﻷسد يلي اعاد كرمات الشعب العربي,0
العهر الدولي فاق عهر روسياعندما تشترط موسكو موافقة دمشق على دخول المراقبين الدوليين فهو عهر موصوف ... لكن العهر... https://t.co/A7NWDoHblh,1
RT @Y_FA84: @JudiciousArab @aleqtisadiah أكاديمية مره وحده؟!فجأة صرنا احفاد غوتشي وفرساتشيالأهم انتاج المواد الخام ذات الجوده العاليه وب…,0
RT @mohogny62: العشر الاوائل من محرمقال أبو عثمان النهدي :كانوا يعظمون ثلاث  عشراتالعشر الأخير من رمضانوالعشر الأول من ذي الحجةوالعشر…,0
#عاجل #حلب #الجيش_السوري يستهدف مواقع الارهابين  في حي الزبدية بالمدفعية الثقيلة,0
ناطق عسكري إسرائيلي يقر بقتل شاب فلسطيني اقترب من السياج الفاصل مع #قطاع_غزة في إحتجاجات أسبوعية بغزة. الذي تسيطر ع… https://t.co/qGmHa3r9UZ,0
"#عاجل#الجيش_السوري ينفذ كمينا لمجموعة من المسلحين حاولت عبور منطقة ""جباب الشعاير"" في الريف الشمالي لـ #درعا باتجاه اللجاة ما أسفر عن مقتلهم",0
لا يفوتكم لعبة ألغاز عربية على أندرويد https://t.co/1CgIIjD2Fd,0
#طقس_العرب يتوقع تساقط الثلوج على #القريات و #طبرجل #سكاكا  اغلب محافظة #الجوف ان شاء الله ⛄❄👌 https://t.co/jonkM9DK6n,0
لمن سأل عن كتابي #همزة_بلا_أخطاء#معرض_الكويت_الدولي_للكتاب#كتاب#مدارك#اللغة_العربية https://t.co/GZ42LI3ZlJ,0
بوب ديلان اعتذر عن حضور الحفل بسبب 'ارتباطات أخرى'.المزيد على https://t.co/4rIEProF9X https://t.co/l9dGFk6UuV,0
RT @alir20091: #مليارات_العمره_على_هوى_مصر سقوط بشار الكلب معناة سقوط سيسي,1
المضحك إن الصفحات الإسلامية جريت ورا كلام الأستاذة إن مافيش أصلا كتاب من تأليف إسماعيل الامين إسمه العرب لم يغزوا الأندلسشكلكو وحش كالعادة,1
#واشنطن تتهم ضباطاً سوريين أمام مجلس الأمن بالضلوع ... : https://t.co/Khvp5TCsku - #سوريا #مجلس_الأمن #واشنطن https://t.co/1PMrJC4Mxk,0
قناة الشرعية : في عمق الحدث تقديم الاعلامي / عمر المرشد https://t.co/P4kMiRxqlU … #الحوثيين #ايران #Iran #حزب_الله #yemen #عدن #العراق,0
كتبت بسنت جميل#بوب_ديلان لـ #نوبل : هل الأغانى #ادب ؟..اعتقد صعود القمر أسهل من الفوز بالجائزةBassant Gamel https://t.co/lhk1yTP4ty,0
@alexandriamoham @BoAdly @YouTube أنت تافه ومجمع قاذورات وحاب أضحك عليك وعلى أمك قحبة بوتن ولو فيك ذرة رجولة وابن شرف كان ماتحط ابوك بوتن,1
تحديد متى يسيطر #الجيش_السوري على #حلب.. ؟!https://t.co/b0b8Qy7Jgp https://t.co/ccuMvjoTLK,0
@algrien66690034 @HalabTodayTV طيب فرنسا الحريصة على مسلمي سورياومعادية للجزائر ارتحت..,1
RT @hanyn1212: عاشوراءتجسيد واقعي لملحمة اﻻنسانية التي يحملها المعسكر الحسيني ضد اﻻرهابالذي يمتد الى يومنا هذا باسم داعش #شيعيه https://…,0
بالتوفيق للجميع الله يسعدكم ويرزقكم ويوفقكم 😴💜 #أيفون_البروفيسور https://t.co/03OG6zLGUx,0
#الداخلية_بلطجية #جهلة_والقمع_حياتهم,1
@ishraq_alomar كملي ،، وتاخدي مصروف وتلعبي مع الصغار وتجمعي صور بوكيمون هههههه,1
اوعى تقول عسكرى غلبان هوا و سيده فضوا ميدان #الداخلية_بلطجية,1
الملوك والامراء مايعضوش بعضهم ولايقللوا من قيمة انفسهم سافر بوس راسه والامور حاتتصلح انت مش قلت ممكن ابيع نفسي ترمب عمره مايزعتهم بوتن ندل,1
أصدر علماء #ليبيا بيانا في أن #فتاوى_المدخلي_تقتل_الليبيين وطالبوا بكف شره لكن للأسف استفقنا على… https://t.co/8gRsXGDlOd…,0
تصادف رحيل د.صادق العظم مع ترحيل أهالي حلب الشرقية، وما عرفنا نقول له مع السلامة وين رايح، مع السلامة يا مسك فايح.,0
في #فلسطين يوجد أكبر وأعظممنجم لــ « الأحجار » الكريمة ! https://t.co/Lc6bmK1FQS#غرد_بصورة#الرياض#صباح_الخير #زد_رصيدك35,0
#إقتصاد_كوبا بعد #كاسترو https://t.co/u0rhFNEZZk https://t.co/ExECPRrFrf,0
#بروباجندا | #الدنمارك تسحب مقاتلاتها بسبب قتلى #الجيش_السوريالتفاصيل على الرابط التالي https://t.co/EO7bxa8UaS,0
دعوات للاحتجاج بالأردن على اتفاق الغاز مع إسرائيل: أطلق ناشطون أردنيون دعوات شعبية لإطفاء الأضواء بالمنازل وا... https://t.co/GLHS0pkV2f,0
@d4iyaan @lmaoforza مرحبا أخي أنا مارس الجنس الكلبة الخاص في بعض الوجه يتخبط غوتشي,1
وصلت صالة 5 في هذه الساعة المتأخرة. أخذت #أوبر شاب مواطن، لطف ومهنية، سيارته نظيفة، وقدم قارورة ماء.الله يحفظه لأهله، ويبارك له في رزقه.,0
RT @whatsapp_5: ميسي : مبروك يا صديقي والى اللقاء في روسيا https://t.co/RDdeybNAIE,0
برودة سماء #تعز يقابلها دف ارض #تعز وهي تحتضن ابناءها الشرفاء من الجيش والمقاومة وتقول لهم تقدموا واغزوا العداء وهللوا وكبروا الله. #اليمن🔴,0
على فكرة الي كان اعلن وجود اثارTNT فطيارة Egyptair الي طلعت من باريس كان خبراء ففرنسا وايامها مصريين لاموا مصر برده لماطلبت يوقعوا عل الكلام,0
حلب وثوارها مخوزقي بوتن وجيشه الكافر ولن تسقط  وهي مقبرة الفرس المجوس والشيعه الخنازير https://t.co/kKeAsDe3vH,1
يوم عظيم على شعب عظيم باذن الله حشود المصريين وهتافاتهم وسلميتهم تحرك الصخر النصر قادم وما النصر الا من عند الله,0
احب ميريام فارس ومايا دياب الاخ واضح انه من جماعة هزي يانواعم يبي امتع نظره 💃👌,1
#إيران | المتحدث باسم الخارجية بهرام قاسمي: خفض مستوى العلاقات الدبلوماسية مع #بريطانيا ليس مطروحا في الوقت الحاضر https://t.co/jMliTQnIDd,0
ترامب يصعد هجومه على ريان بعد تخليه عنه: صعد المرشح الجمهوري في انتخابات الرئاسة الأميركية دونالد ترامب هجومه... https://t.co/tou5culKFi,0
#صورة تعبر عن الف تعبير والف جمله✋#الروافض#ايران#العراق#كربلاء#بغداد#النجف#كشف_دين_الرافضه#الرياض#سوريا… https://t.co/dzeSBs3HrX,0
#خلق_جميل نقول الحمد لله على كل حاجة لأن ربنا مش بيعمل حاجة وحشة أبدا,0
"RT @IranObs_ar: #المرصد_الايراني#الأخبار | إيران تدعم الأسد مضطرة وخياراتها في الحرب محدودة""ترجمة خاصة""https://t.co/p2cP8mw5Fd",0
«الهلال الاحمر الكويتي»: وقعنا اتفاقية مع «الهلال القطري» لتوزيع المساعدات الإغاثية على النازحين السوريين من حلب,0
اكثر شي تخيلناه انا وصديقاتي😂😂😂😂😂 #ماذا_لو_المدارس_مختلطه,0
RT @AdelAliBinAli: اذكر اسم أو صفة لخاتم النبيين ﷺ في القرآن الكريم ؟.ممكن ارسال أكثر من اسمبمنشن مختلف.٣ آيفون 7 بالقرعةريتويت فض…,0
طفلة صغيرة من قرية رنتيس قضاء #رام_الله، تروي كيف سرق جيش #الاحتلال حصالة نقودها. https://t.co/a6apRMy0gK,0
#اليوم_العالمي_للغة_العربيةمحافظ الخرج يرعى #مهرجان_الضادالذي تقيمه #لجنة_الخرج_الثقافية#استقبال_الراعي من الفرق… https://t.co/plpATh4EMy,0
"ألبوم المغنية الأنيقة بيونسيه ""لمونيد"" ليس مجرد ألبوم في الجماعاتاكتشفي المزيد https://t.co/g1DDYFDBIt https://t.co/DYrS2WtCG2",0
منع حازم عبد العظيم والسيد البدوى اكبر انصار الانقلاب العسكرى من السفر يمثل تطبيقا لمبدأ صاحب الحمير اضرب المربوط يخاف السائر,1
RT @SyrianCoalition: هيئة المفاوضات: #روسيا و #إيران دولتا احتلال وندعو الجمعية العامة للأمم المتحدة لبحث وضع #سوريةhttps://t.co/x9bQ1Oi2R…,0
RT @Dotmsr: تسريبات ويكيليكس| هيلاري #كلنتون: #قطر تدعم #داعش وهذه خطة المواجهة لتفاصيل أكثر  https://t.co/iP2OnsIpui https://t.co/DwfAu93…,0
الشكر الاول والأخير لمن حرر وطني لبنان القائد المقاوم نبيه بري والشكر للسيد حسن نصرالله والشكر للشعب والجيش اللبنان… https://t.co/VwL1xPKXVa,0
RT @Sultan1391M: #فهد_المولد مبدع صديق ميسييضيع 50 إنفراد ويسجل على الطائر  عل طريقة فان باستنوما رميت إذ رميت ولكن الله رما https://…,0
كود #أوبر اذا استخدمتوه في أول مشوار لكم يعطيكم مشوار مجاني قيمته ٣٠ ريال 👍🏼khulooda114ue,0
انا مش عايز اخش في مناقشات وافندالهجوم و اثبت منطقي في المقال اذا فيه حوار اتفتح، فده بالنسبة لي شئ رائعمش عايز اكتر من كده,0
@drsunhat الله يرحمه ويعفو عنهكان من حزب الخونهاللهم تجاوز عنه واغفر له وامسح ذنوبه يارب,0
RT @nmr_halab: بدون اي تعليق فقط شاهد الأرقام.(55)شهيد في مدينة حلب وريفهابستان القصر(25)الفردوس  (14) القاطرجي (2) صوران    (3) منبج…,0
#باسم_طلع_حرامى باسيييييم مهزوز علشان اتفيش,1
@KhaledElSha3er ولد احمد الشيخ ينزل ومؤمن وبقيت الرجاله موجودين هتكفر ؟!,0
وأنا غنيتك الأحلام أبكيك فأبكيوردة تنمو على الأهداب في الليل الحزينثم تذوي بين أيدي التافهين..محمد الشلطامي #ليبيا #بنغازي #benghazi,0
للعلم ده مهرجان درجة أولى ما لو بالفلوس ما كانش حد غلب,0
عاااااااجل :تأجيل مراسم جنازة فيدول #كاسترو لعدم وصول #صالح والحكومة الكوبية تقول أن كاسترو اوصى بإحراق علي... https://t.co/UmYTjbanx4,0
#نطلب_المجتمع_الدولي_اخراج_الشيعة_من_المدن_السنية في العراق وسوريا وتسليمهاالى اهلها السنة وعدم تغيير جغرافية المدن السنية وعلى الشيعةالخروج,0
ترامب يؤكد تمسكه بـ«#الناتو»https://t.co/00tVd1Cyhs #ريال_مدريد #برشلونة,0
#بنغازيتجييف الكلب جمعة حسن المشيطي في محور قنفودةوهو اخو الجيفو احمد حسن المشيطي الملقب #عصيده,0
RT @abohafs1224: #مميز جداُ #امرأة مسنة تروي معاناتها وأسرتها لحافهم السماء وفراشهم الارض دمار وقتل وجوع ارادت ايصال #رسالتها الى من شبع وا…,0
"RT @al_watanQatar: ميزة في هاتف #جوجل تكشف ""ابتزاز #أبل""#الوطن #منوعاتhttps://t.co/KaNF8vB5gD https://t.co/ZoMwjbvf8T",0
@saadhariri الرئيس #سعد_الحريري مع موفد #البابافرنسيس المونسينيور كارلوس أزيفيدو أمام شجرة بيت الوسط https://t.co/DhTYrrDJWU,0
ازاي البرادعي يقول ان الهولوكوست مأساة انسانية و ان بوذا ممكن يكون نبي و ان السلفيين متطرفين و يطالب بعودة اليهودايه؟ده عصام العريان؟,1
(الله لطيف بعباده يرزق من يشاء وهو القوي العزيز) [الشورى:19] #ريال_مدريد,0
موقف علماء أهل السنة والجماعة من المولد النبوي الشريف ، من فضلك طالع البراهين الساطعة مما يرشدك للحقيقة القاطعة وهذ… https://t.co/fAYtY7EQKP,0
"الدوري المصري :- احمد الشيخ عن احتفال تحدي المانيكان: ""قولت انزلها مصر""",0
RT @XxiiCL: @larryfeelslove_ @badgalfouz اما بيونسيه مدري 🤔 https://t.co/dTa4tdGgUL,0
نبيل العربي فخر لمصر في علمه و أخلاقه ووطنيته ونقائه ولم يفكر أو يسعي يوماً للترشح للرئاسة لا تزجوا بإسم الرجل في هذا المناخ السياسي الملوث,0
وقد كان ذلك مثالاً صارخاً للتداخل الذي حصل بين #الامم_المتحدة و #الولايات_المتحدة، وتعبيراً عن ملامح مرحلة جديدة اخذ تتبلور عالمياً,0
إطلالة أنيقة وانثوية من مجموعة غوتشي لخريف/شتاء 2016 https://t.co/2MG7282hjh https://t.co/9p5a6bIAk7,0
#شبكة_غربتنا || #رياضة عمر السومة أول لاعب سوري يواجه برشلونة https://t.co/cMgwsQNVFH,0
جستن بيبر الللي تكتب بالمعرب عطيني بلوك اللله يخليج,1
مع فيدرر يا آجا والكبار 😍 https://t.co/hrBeHbkBNu,0
#افضل_مباراة_تنس_شاهدتها اي مباراة يلعبها فيدرر هي الأفضل 💙 بس اكيد مباراة 2008 فيدرر ونادال,0
لماذا #حلب_تباد ؟#النداء_الأخير#ستبقى_حلب #ازيحوا_السيسي_وبشار#AleppoExterminated https://t.co/NZtSNm76v9,0
لما إنت عارف مجموعة الشيوعيين بالإسم ابقى قدم فيهم بلاغ ولاتنشر الكلام على عواهنهكلامك واضح يارجل الحوار,0
الثورة دي لولا الأميين ماكانتش نجحت أصلا أو على الأقل ده اللي أنا شفته يوم 28 ينايرإحنا بس مابنعرفش نكلم الناس صح والله أعلم,0
السيسي قال للأمريكان ان المصريين كانوا يساقون عنوه للمساجد,0
"#جريدة_الميدان | #الناتو""الناتو"": ضباط أتراك طلبوا اللجوء وعدم العودة إلى أنقرة... https://t.co/hCejJaGMJ6",0
زاهر ده كنز من كنوز مصر علاء وجمال مبارك وراء نجاح دورة حوض النيل #,0
RT @SaudiPSA: #جمعية_سفير | #الإنتخابات_الأمريكيةتحت هذه التغريدة ..تغطية حصرية للمناظرة الرئاسية الأمريكية الثانية بين دونالد #ترامب و…,0
RT @moujahedalsham: لماذا نستغرب من فعل #الجولاني مع #جند_الاقصى ألم يسبقه من قبل أميره في القلمون أبو مالك التلي حين آوى #داعش وحماها كذلك…,0
ممكن انحب اي انسان الا #اليسا 😂😂منحبش امها بكل بشدوقها الي اتقول كلب 🐶😂,1
الأداء المخزي لبعض الشخصيات التي كنا نسميها مستقلة يثبت أن كل ما في الأمر أنها لم تأخذ فرصتها في النفاق لمبارك لأن كل الكراسي كانت محجوزة,1
المادة التاسعة وأسباب أخرى لرفض مسودة مبادئ الدستور (1) - عمرو حمزاوي - بوابة الشروق,0
@nazx__ @icvnx حمده بلاج ناشبه فمنشن جستن بيبر؟,0
RT @kuwait_7bebtii: واطفال سوريا الذين يقتلون بسبب القصف السوري الروسي مالهم نصيب من تغريداتك؟اذا كنت فعلا الامم المتحدة فلعنة الله عليكم…,0
الثورة مكملة #ثورة_25_يناير #باسم_رئيسا_لمصر #انتخبوا_العرص,1
وبحبك يا #زمالك,0
@Molybes روسيا الصين.فرنسا. دول اميركا الجنوبية.. قبرص اليونان اسبانيا البرتغال لو متابعة زريارات هتعرفى كويس هو بيتحرك لية,0
تقسيم سورية في انتظار الحل؟ - https://t.co/NVIxE2UpnB https://t.co/G8xDHDhf8R,0
"لهذه الأسباب رفضت #إيران حضور اجتماع ""التعاون الإسلامي"" لإدانة استهداف #الحوثيين ل #مكة https://t.co/yGs62O98np#السعودية #سوريا #اليمن",0
يوتيوب يحذف الأغنية التي سرقتها فنانة إسرائيلية من #اليسا 👏يعني #تعبت_منك بقيت للعرب 😛✌😂😂@elissakh https://t.co/ZpRrLUNDUy,0
خطأ فادح لطفل صغير يكلف شركة غوغل 112 الف دولار https://t.co/J0N4K9BTRK,0
RT @fata8211: استشهاد أخينا أبو عبدالله غوغل من أساد #فتح_الشام في #الجنوب بعد استهدافه بعبوة ناسفة غادرة في #درعا_البلد .هنيئا لك يا اخي,0
RT @kuwaity_freedom: الممثل الامريكي المشهور روبرت دي نيرو الي كلكم تعرفونه بفلم العرابيهاجم دونالد ترامب بشراسه ويقول عنه كلب وخنزير و…,1
#روسيا/ #لافروف: لمساعدة السوريين يجب تقديم المساعدات والتوقف عن الثرثرة #عاجل_بابليك_برس,0
جمال الليل في نظرة عيونك ،، ونور البدر مرسوم بجفونكوكل الكون ما يسوي يا نادين بدونك😘😘😍😍الله يحميكي ندووون… https://t.co/EhLbileeqD,0
#شاهد🔴هكذا تجّد كُل شيئء صباح اليوم في ولاية أو هايو الأمريكية تابعونا دائماً عبر تطبيق #طقس_العرب… https://t.co/IBTDu6YSJl,0
انا عندي حنين ما بعرف لمين ..ليلي بيخطفني من بين السهرانين💔#فيروز,0
78 ثورة طبعاً وسيبك من كذب الإخوان والفلول,0
يامن تنصر #السيسي كرها بالإخوانوتنصر اسرائيل على #حماس كرها بالإخوانوتنصر العلمانيين ب #تركيا كرها بالإخوان*الاخوان مش أنبياء بس أشرف منك,1
مكتسبات ثورة #25_يناير راحت في الزبالة عودة لعصور الظلام وأمن الدولة #نظام_زائل,0
جبران تويني اللي ما كان عندك الا القلب النظيف وكلمة الحق ،صليلنا انت وكل الشهداء اللي فوق لانو درب جلجلتنا بعدو طوي… https://t.co/dZlxSJ6Bfz,0
"اللي يشوفك يتمنى يكون مثلك واللي يعرفك يحترمك ويحبك واللي يسمع عنك يتمنى يقابلك ! #حاول""",0
RT @20fourMedia: جسر جوي جديد لتهجير فلاشا أثيوبيا إلى إسرائيلhttps://t.co/xo5EfxwEoo https://t.co/asqbSh93hS,0
#شهر_محرم  #عباس #واقاسماه #العراق #EHS #عاشوراء #ياحسين#الى_اخويه_العراقي لهذا السبب تجد نهود الشيعيات واصل طولها… https://t.co/aOe4Oa4Zqx,0
روسيا اليوموزير خارجية قطر يزور إثيوبياروسيا اليومقال مصدر إثيوبي إن وزير الخارجية القطري، محمد بن عبد... https://t.co/SvXPn5wfy7,0
اعلى نتيجة 1918في #تحديات_رمضان,0
RT @aitnews: ميزات حصرية لهواتف #بيكسل منها مساعد #جوجل الذكي Google Assistanthttps://t.co/cJFkhAZZM2,0
بعد 50 عاماً.. الموت يجمع شمل #كاسترو وغيفاراhttps://t.co/IfNK6leWCJ,0
هيئة مستشارى قضايا الدولة ترفض تعديلات الدستور مؤكدة انه يفتح الباب للفساد وشهد شاهد من اهلها,0
حركة تمرد صاحبة انتصار 30 يونيو طالبت بالبرادعي رئيساً للوزراء ولما اعترض السلفيون تم استبعاده هل خرجنا من حكم الاخوان الى حكم السلفيين,0
في هذا اليوم من عام ١٩٣٥ خلق الله الجمال ب كنّ فكانت #فيروز  #Jo,0
"""@alhayatdaily: لماذا فشلت الجامعة العربية؟https://t.co/3atbjgptVf https://t.co/BQ7DDsUoZ4""",0
@vbgad_abood ما هو افضل من كوزينس و لا مارك و لا حسان و لا جوردن و لا تاونز لا ارقام و لا بدونها أبدا أبداتاونز اخر مرة لعب ضده لعب فيه لعب,0
هل أبراج التجارة العالمية كانت في #بنغازي وانا ما عنديش علم او كيف ؟تي هيا بطلو فكونا تي يوم المكياطة قعدت بجنية قعدتو تعيطو!قالك #دولار,0
#سوريا #الجيش_السوري يسيطر على أحياء الجزماتي والسكن الشبابي والبحوث العلمية شرق #حلب,0
هذا المقال هو الأجابة لكل الاسئلة الخاصة بك فى لعبة #SuperMarioRun بداية من كيف تلعبها الى لماذا علينا الاهتمام بها… https://t.co/TCZTLeWQUD,0
@shereenhosni @HuffPostArabi وده من جريدة  The Guardian https://t.co/fR8a4o7L5Cنفسي افهم ايه مصلحة هافينجتون بوست في عداءها لكل ماهو مصري,0
لما غيرت نظارتي خليتها دائرية كان كل البيت يتطنز علي وصرت هاري بوتر وكل شي والحين كل شوي جاي عندي احد يجربها بيشترون مثلها,0
المعين من قبل الدنبوع خالد فاضل قائد محور #تعز يضع أفراد المقاومة تحت نيران الحفافيش دون تعزيزات او تغطية#اليمن #صنعاء #عدن #صعدة #مآرب,0
#الهدن_ساعة_تروح_وساعة_تيجى ⁉️حين تنتصرالمقاومة الشعبية و الحكومةالشرعية باليمن تطلع عليها هدنة الغرب #كيرى لعرقلتها فوراً 🌀👎🏽@mekameleentv,1
سيسى 😠😠  خلاااص هاتركع المرة ادى  #مصر_لن_تركع,0
نهنئ الشعب المصري والأمة العربية بشهر رمضان وليكن هذا الشهر فرصة للمصالحة ولتوحيد الصف وحقن الدماء,0
"نعرف وحدا تهيالي تطلع من حوشهم مقصود بش ادور حاجه او موقف او تشوف شخص تروح تكتب عليه بوست طويل عريض عل فيسبوك و معاه "" اشعر بالغثيان """,0
قالك :- الإخوان بيزايدوا علي بتوع #الإتحادية طب و جملة مش هننزل نتظاهر مع الإخوان دي إيه ؟ رز بلبن ؟,1
"شاهد بشار الأسد يسخر من ""القبعات_البيضاء"".. شاهد الرد القبعات البيضاء قصة.. شار https://t.co/kDwD3IBL2q https://t.co/iY0vPMYT58",0
الحمدلله على نعمة الإسلام والسنه 💕☁️ #شرك_الرافضه_في_عاشورا https://t.co/Ily1mg86Fd,0
أكتر شيء يهمني معرفته هل ده مشروع إستقلال حقيقي ولا كارت مفاوضات في نفس التوكيل؟,0
السياسة الكويتية :رجوي محذرة الغرب: التجارة مع نظام طهران تساعده في تصدير الحرب والقتل https://t.co/1mjip6nwYJ #القدس #حلب #uae,0
ريكي مارتن خطب واحد لبناني وحاجة أخر 💩💩💩,1
مصر تعيش وضع مأساوي أوصال الدولة تتفكك والعنف في إزدياد النظام بشكله الحالي عاجز عن إدارة البلاد لابد من المراجعة الجذرية قبل فوات الأوان,0
رحم الله الشهيد محمد بيومي منشداغنيه تتشل الايادى اللى بتقتل ولادى النسخه الاصليه بالكلمات …,0
RT @OKAZ_online: سناتور أمريكي شارك في «فيتنام»: سنحاكم بتهم الإرهاب بسبب «جاستا» https://t.co/tAddySYhWb …#11September #11سبتمبر #الكونغ…,0
RT @Mnds_Sy: سلاح جديد من اختراع ثوار سوريا . وطز بكل الداعمين للثورة السورية .شام 3 فخر الصناعة السورية 😊 https://t.co/J5HlqNgArg,1
إبتكار #أبل المذهل، تنفّذه الشركات المنافسة  https://t.co/I7fLcVFHy3  #تكنولوجيا https://t.co/qsjVerYNuQ,0
#العرص فى #نيويورك,0
#الغد_المشرقالجيش الوطني يؤكد  أن ميليشيا الحوثي والمخلوع الانقلابية، خرقت الهدنة منذ يومها الأول#اليمن#الأمم_المتحدة,0
هو ليه مفيش ف حفلة ال graduation فقرة راقصة زي تخرج هاري بوتر و يبقوا couples و نشغل حاجة كلاسيك و كدة,0
وسط تفاؤل حذر.. موسكو تجمع أنقرة وطهران لمناقشة الملف السوريhttps://t.co/OyjlSgA1oW| #سوريا #حلب_تباد https://t.co/rS8ZCV63zY,0
RT @AJArabic: #أردوغان وبوتين يبحثان في #اسطنبول تفاصيل ملف #سورياhttps://t.co/KGnS2ff2Q8 https://t.co/DZpW2VHQdn,0
يسعد صباحكن 🎄🎅🎁⛄#Christmas https://t.co/zzBjFeRrOg,0
يارب تيسر أموري القادمه 😔❤️,0
اﻻمنجي #عمرو_اديب و المحامي اﻻمنجي #خالد_ابو_بكر بيروجوا لغلق المحلات من 8 مساءا و رفضوا ان #هشام_قنديل يقفل المحلات 10 …,1
@AOAltwaijri الأمور واضحة ومكشوفة تأسيس حزب الله جديد في الجزيرة العربية ومقره اليمن يمثله الحوثي. أهذا يخفى على السياسيين.,0
RT @Lionel__FCB: مع ميسي توصل ثلاث نهائيات قارية متتالية بدونه لا فرق بينك و بين اندورا صاحب المركز 203 بالتصنيف العالمي,0
الحكومه الفرنسيه تفلشت 😂😂😂.اليمين المتطرف قادم والشعبويه تتزايد.  القارة العجوز ستتفكك https://t.co/ySaujnpxQn,1
احقر انسان هو اللي سكت عن الانقلاب في مصر وعقبها قال ما يجوز الخروج على السيسي لانه ولي أمر #إنصاف_الإخوان,1
د علاء الأسواني: متى يتحول المواطن في الدول الديمقراطية والتي تكفل حقوقه كاملة الى مجرم يجب محاكمته وعقابه ؟! >,0
اللهم كن لإخواننا في #العراق و #سوريا و #بورما و #اليمن و #فلسطين وسائر بلاد المسلمين ..اللهم أعز الإسلام والمسلمين وأذل الشرك والمشركين,0
#عفاش ينتصر على مؤامرة شق الصف برعاية #كيري بموافقته على الاتفاق بين انصار الله و#السعوديه،بعد الموافقه تنصل كيري والسعوديه من الاتفاق,0
@ndosh1224 سبحان الله نفس كلام ميريام فارس يوم كانت متعلقه فيني الله يهديك بس ما ابغا اتذكر,0
"الحزب اليمين المتطرف في ايطاليا فازوا طبعاً حزب بيرلسكوني "" و ٩٠ ٪ منهم مع الخروج من الاتحاد الاوروبي  لكثرة المهاجرين طبعاً ايطاليا "" بوابة",0
الله يخرب بيت اللى اقتراح استيراد الفحم قولوا امين #أوقفوا_الفحم,0
هدخل الامتحان بأيموشن وش استغراب ع استهبال #عادل_امام,1
بالفيديو: عروس ترقص بفستان الفنانة العالمية #بيونسيه#medianaturehttps://t.co/ELj5SkpR07+ https://t.co/cs6JnOYvMd,0
RT @FCBW_A7: غوميز : ما يفعله ميسي في المباريات يفعله في التدريبات بشكل طبيعي للغاية ، نحن شيئاً فشيئاً في الفريق تعودنا على ما يقوم به,0
مشربتش من نيلها ؟ لا ولا حشرب بدي اطلع تركيا على طول ههههه انا يا جماعه صرت اكره #عادل_امام والله كنت احبه #بلح,1
محليات: الجيش السوري يسحق مجموعة من جبهة النصرة في اللاذقية.. https://t.co/ypQHIg0Jcp,0
إيجار مش بيع يا سيسي.. متستسهلش https://t.co/jkd2nrmyT0,1
الجولة الانتخابية للدكتور عبد المنعم أبو الفتوح أثناء مرورها بموقف الميكروباص بالحي العاشر - مدينة نصر ونقاش حولة,0
@211Isis @TrG___1M هل كان النبي يُجند الذراري كما تفعل جماعة #داعش؟,0
#الولايات_المتحدة🇺🇸| #ترامب يعين ماتيس وزيرا للدفاع ويتعهد بتوحيد #الولايات_المتحدة من جديدhttps://t.co/OIRR5ro12B,0
فلسطين اليوم – عقدة إخفاق إسرائيل بحرب أكتوبر: الموساد يتهم “أمان” https://t.co/1uyGI6RuIQ https://t.co/SGmZJeToWs,0
أسيل الرملاوي:إمبراطورية أمازونaseelalramlawi#الرؤية #صحيفة_كل_الإمارات#الإمارات #أبوظبي #دبيhttps://t.co/UOdu8vrbTF,0
#الجيش_السوري يتقدم في #حي_الحلوانية و #حي_الميسر و #حي_الجزماتي بمدينة #حلب.,0
_ مصر خسرت أرواح أبنائها التي لا تعوض بمال السعودية أوالامارات,0
تزامن الزحوفات على #ميدي #البقع #تعز #صرواح من الساعة الأولى التي حددها #كيري لإيقاف الحرب دليل على أنها مكيدة #امريكية ولكن سلاحنا صاحي,0
انا شايف يا #ترامب إنك إن شاء الله راح تولعها بجنونك وهبلك واستهبالك وتشعلها حرب بين #امريكا و #الصين لا تبقي ولا ت… https://t.co/B4OBthmfGg,1
RT @A822822A: الجيش الحر السوري يرسل رساله لروافض #العراق و #إيران  و #لبنان ♦️هذا مصير ونهاية من يدخل #حلب الحريه حلب الإسلام👌 #سوريا #بغ…,0
مشاهد من غروب الشمس حول العالم.من جولتي على #انستغرام اليوم 🏞🌍#إيطاليا #فرنسا #السويد #كوريا_الجنوبية https://t.co/C3sb7PUXJh,0
ajlnews: #الأمير_محمد_بن_سلمان يلتقي مبعوث #واشنطن لمكافحة #داعشhttps://t.co/WbBbCZCZds- https://t.co/baxCH4bcPe,0
المادة 139: 16 معترض وبعد نقاش 8 دقائق يعاد التصويت على النص يعترض 4 فقط لمنع تأجيل 48 ساعة بحسب اللائحة! #سلق_الدستور,1
بين فسيفساء التكفير والتفكير مساحة ليست بالواسعة المنبسطة ولا هي ارض قحط وعرة #مصر #لبنان #تونس #الأردن #الإمارات #السعودية #العراق #فلسطين,0
الفلسطينيين عمرهم ماهيشتموا اردوغان لانه مش زي المهيطل #مرسي كان واعدهم بوطن بديل وهما قاعدين علي طيازهم وببلاش #حماس #القسام,1
مامن غذى قزنت...قزن ضناك ياذيب يالله#بنغازي,0
سورية اكبر عصفورية بالعالمالافراج عن مسلمي الفوعة مقابل الافراج عن مسلمي حلب الشرقية,0
من لا يعرف قدر المستشار مكي وقضاة الاستقلال الأجلاء عليه ان يعود الى معركتهم العظيمة في عام 2005 ضد نظام مبارك ليعرف دورهم التاريخي للوطن,0
حكم بالحبس على نقيب الصحفيين والبلشي في قضية ايواء مطلوبين!..اتفرج بقى على ضمير الاعلام الغربى اللى شوفناه لما اردوغان نفذ مذبحة الصحافة!,1
روسيا تستخدم “الفيتو” في مجلس الأمن ضد مشروع القرار الفرنسي حول سورية https://t.co/Z02jtaqGnR,0
خاص – نادين نسيب نجيم تختتم عام 2016 بمقابلة استثنائية مع هشام حداد  https://t.co/OxEHoXEeFY@HichamHaddad57… https://t.co/Gb4fEXBhau,0
AJArabic: هافانا تودع زعيم ثورتها فيدل #كاسترو بحشود من الأنصار كما استقبلته قبل أكثر من ستة عقود https://t.co/RNqS9lQW7D,0
@mar3e @YouTube فيه مثل عظيم في مصر بيقول .. الخلفة الوسخة بتجيب لاهلها التهزيق .. سامع يا سيسي,1
#يوسف_الحسيني كل ما ندعمه هو عدم سقوط ارض الياسمين ذات التاريخ العظيم,0
سلسلة إستقبالات للحريري في بيت الوسط : https://t.co/p1OLJA3rtn - #سعد_الحريري https://t.co/nhmSeUX3Lb,0
ولا تصف بيونسيه عند افخاذه,0
RT @moonnor27: Shia militias crimes عاجل من العراق #الشيعه يقذفون عرض النبي ويلعنون الفاروق عمر لايذائنا ويتوعدون بقتل كل العوائل السنيه…,0
لماذا تغيبت #ليلى_علوي عن #مهرجان_القاهرة_السينمائي؟https://t.co/wYdviTztdr@LailaEloui https://t.co/bQ5pY47iGE,0
RT @tarekhoms41: من ملائكةالشام وردةلم تتفتح بعد قتلوها بغدرهم وحقدهمالطفلةجميلة شيماء الشهاب في جنان الخلد بأذن الله#سوريا_دوما https:…,0
@asumeri_313 فكو طيزكم من داعش,1
#ماذا_لو_المدارس_مختلطهيلعن ام ام الفله ي شيخ 😂 ✌,1
RT @14__moony: *الحمدلله على كل حالاللهم اجعلنا مثل الذين ذكرتهم { وجـوه يومـئذ ناعمة ¤ لسعيها راضية¤ في جنة عالية}#قروب_خواطر_للدعم#قر…,0
@binsalah كنسلت هناكاليمين المتطرف انتشر,0
RT @abo_asseel: لا حول ولا قوة إلا بالله .اللهم أرنا في هذا المجرم عجائب قدرتك#العراق#الموصل#الفلوجه https://t.co/tHD3eSc663,0
#اوبر اسعار افضل من اوبر https://t.co/Tva6XDSSsi,0
يسقط يسقط حكم العسكر #ثورة_25_يناير #باسم_رئيسا_لمصر #انتخبوا_العرص,1
RT @islammemo_cc: أسرار في محرك البحث #جوجل #انفوجرافيك https://t.co/pMsYVpIWCR,0
تغييرات مكوكية في تشكيلة ريال مدريد لنصف نهائي كأس العالمhttps://t.co/4tScUj54lY https://t.co/sfoKvjHnew,0
@EyadNassar نجم النجوم الرائع #إياد_نصار مع الفنان القدير #فاروق_الفيشاوى في #مهرجان_القاهرة_السينمائي #CIFF38 https://t.co/0GfWNFW9Is,0
RT @Leo_messi0000: يقول ماسكيرانو : كرة القدم تتحكم بكل شيء ، لكن ليونيل ميسي هو الوحيد في العالم الذي يتحكم بكرة القدم ..!  https://t.co/…,0
ليلي&بيونسيه❤️ https://t.co/inJb3z1wMr,0
#بلدي#الأمم_المتحدة مصدومة من القصف الجنوني على #حلب#سورياhttps://t.co/jGC5J5LcVX,0
الزعيم ⁧#عادل_امام⁩ فى عزاء ⁧#محمود_عبدالعزيز⁩  https://t.co/kw9X37n7z0,0
#أوباما يعلن حالة الطوارئ في #ساوث_كارولاينا بسبب الإعصار #ماثيو https://t.co/EvhqP8TEor https://t.co/4up4aDj5RV,0
أحدث تقنيات تصحيح الإبصار على مستوى العالم#لافروفbpqd42as.xlbDLCFQ https://t.co/UhUSi0frlR,0
62 سي بي سي:جنايات #شبرا_الخيمة تقضي بمعاقبة سارقي سيارة القيادي الإخواني #محمد_البلتاجي بالسجن 10سنوات مع الشغل ههههههههه #,0
RT @W00LF101: اللهم أنتقم منالَّذِينَ طَغَوْا فِي الْبِلَادوأرحمِالَّذِينَ أُخْرِجُوا مِن دِيَارهم بِغَيْرِ حَقٍّ#حلب_المنكوبة https://…,0
هل تصمتون عن الاٍرهاب الشيعي الموالي الايران هل تصمتون عن الجرايم الي تقوم بهاء الشيعة في العراق واليمن انهاء الفرس تقوم بقتلنا بدعم فارسي,0
ذكرى لرجل علمني التمرد السياسي بالقلم والحبر. #جبران_تويني #مين_قتل_جبران https://t.co/PPwU6C36SF,0
يرفض نسب هجوم سيناء ضد خلية إرهابية إلى إسرائيل,0
الفنانة نوال الزغبي سنة 90 https://t.co/szagOXjvXy,0
@gaaze848 القريات على الرغم من ان موقع طقس العرب يستبعدها لكن التوقع ان يكون لها نصيب من بعض الامطار خاصه شمال المنطقه والله اعلم,0
@M_A_alamer @alrowishan11 نصيحه اشرب لتربول بعيرمملكة داعش اعترفت بان احدى طائراتهاقصفت الصاله وهذا المعتوه لازال يتوهم بان العالم حميرمثله,1
مفحوص مفعوص من #حماة المحتله ترك حماة وحلب والساحل النصيري وذهب يشتغل كلب عند الناتو لجهنم وبئس المصير #درع_الفرات https://t.co/6AkRDZMd3O,1
RT @Aboshehab_q8: من يريد إسالة دمه فليكن بجبهات الجهاد والعز والفخر بمواجهة داعش كما واجه الامام الحسين (ع) جدهم الملعون يزيد في كربلاء #ل…,0
إيه علاقة مرسي بنصر الإسلام ؟ وهو الإسلام مظلوم في مصر؟ …,0
@eftekasaaaat سوريا دولة مسلمة وشعبها يتم قتلهم بدم بارد، مصر والسعودية من أقوى الدول التي ستعيد الحياة لهم ، السيسي خان وعده ، عاهد وغدر 💔,0
#بالفيديوحرائق تينيسي تبدو وكأنها فيلم من جهنم!!#الولايات_المتحدة #tennesseewildfires https://t.co/tQSjAXOLK8,0
حلوان وروكسي وعين شمس بورسعيد وبنى سويف والمنيا والفيوم والسويس شكرا حشودكم شعب مصر عظيم,0
الرئيس اللبناني ميشال عون: لو خسر #الأسد الحرب لتحولت #سوريا إلى #ليبيا ثانيا.. لقد اصبحنا مضرب مثل!!,0
يسرنا أن نوفر لكم أحدث إصداراتنا من الكتب في#معرض_الكويت_الدولي_للكتابجناح #دار_الفكر 62 صالة 5نأمل تشريفكم لنا https://t.co/LTNZ28UoBK,0
@hashim_m21 تعترف و تفتخرافضحك في غوغل بلاس او لا!!! https://t.co/nTAE6X1Q4W,0
احنا #الحرية ومعناهــــــــا #الثورة هتاخد مجــــــراها #العزّة ليها طريق معــروف #مكملين #يسقط_حكم_العسكر,0
@Lionel__FCB ارى بدايه 2017 ريال مدريد سيعود لحبيبه المركز الثالث,0
#العرب| #الأمم_المتحدة: مستشفيات #حلب السورية خارج الخدمة.#سوريا #حلب_تبادhttps://t.co/YRyfeRI63y https://t.co/1OzXGZ8bmz,0
صباح الخير عليكي يا مصر يا حلوة و لابسة جديد إن شاء الله هيكون أحسن يوم في اللي فات و كل اللي جاي أحلى,0
"#لبنان | الرئيس #الحريري يلتقي ""أكرم شهيب"" في بيت الوسط@saadhariri https://t.co/XqH6DaZ7Cr",0
#اليمنية| مركز #الملك_سلمان: #الميليشيا الانقلابية تعيق الاعمال الإنسانية في #اليمنhttps://t.co/czJbd0WiCK#التحالف_العربي_سند_اليمن,0
من لا يستطيع أن يفهم أن 'اللهم بلغنا يونيو' كانت توقاً لإجازة بعد عمل شاق مع كل الأطراف بكل احترام ثم يسب و يخوّن سامحه الله,0
ويكيليكس: كلينتون اعترفت رسميًا بدعم قطر والسعودية لـ«داعش» https://t.co/KKUDLwbrWE,0
"إنفوجرافيك.. 836 محاولة اغتيال لـ""#كاسترو""https://t.co/35mpY1k4KH https://t.co/uRrCSAoMYq",0
كارثة يرتكبها كل من يقول أن #المولد_النبوي بدعة#الإسلام #أهل_السنة #ألأزهر #المولد_الشريف #الدعوة_النجدية https://t.co/X5VHckEnwo,0
ميريام فارس تعود لأمجادها#ET_بالعربي https://t.co/sddHjLC4Qu,0
لك #شيء في هذا #العالم #فأنطلق#بوكيمون https://t.co/6wbsDFw4dV,0
RT @AJArabic: السلطات الاسرائيلية صادرت من طاقم الجزيرة جهاز البث وهاتف الثريا وشريط الفيديو الذي وثق عملية الاستيلاء على #زيتونةhttps://t…,0
حسام البدري: كل الاحترام والتقدير لفريق المقاصة، حقق عدد نقاط كبير ومتواجد في المنافسة بقوة، واللوائح لا تسمح بعودة أحمد الشيخ في يناير,0
كان صلى الله عليه وسلم يحب الطيب والرائحة الحسنة وكان لا يسلك طريقاً فيتبعه أحد إلا عرف أنه قد سلكه من طيب عرفه #نشر_سيرته #,0
RT @aboammr271: #سجن_برج_العرب سجن برج العرب يعذب المعتقلين فى نهار رمضان,0
أزمة دفاعية معقدة تضرب برشلونة https://t.co/s49HiaH5gy,0
#لافروف: هيئة المفاوضات السورية ترفض تنفيذ قرارات مجلس الأمن,0
تم فك الحظر عن السيد #بوكيمونالظاهر مافي مصاري https://t.co/VawrAeCSxx,1
"RT @alaraby_ar: إسرائيل تتوقع ""الأسوأ"" بعد عملية القدسhttps://t.co/yuy6PHZecmالموقع البديلhttps://t.co/9LtyH6spgw",0
المجد لله ثم لك انت ياشهيد #جـــيكا #سيد_وزة,0
"مصر: موافقتنا على القرارين الدوليين بشأن سورية ""منعاً للعدائيات"" https://t.co/7WyJrYwikM",0
ربنا يخليك ليا !,0
@CelebsArabic 😱😱😱😂😂😂👌🏽 روسيا أنا مااستبعد شي عنها,0
@alnajjar87 هل الناتو حلف إسلامي؟ هل يتوسل أردوغان للغرب لكي ينضم للاتحاد الاوروبي على كتاب الله وسنة رسوله؟؟!!لم نشاهد منه طلقة ضد الغرب!,1
ضمن فعاليات لجنة الخريجين والتوجيه الوظيفي ( كيف تختار تخصصك ) ، وتطبيقات عملية على عملية اتخاذ القرار… https://t.co/7LPrwZPBU7,0
"ورداً على تساؤل فيما خص ترشحه عن"" دائرة مصر الجديدة ""اجاب دعمرو ان الجامعات هى مساحة للعلم و ليست مساحة للدعاية الانتخابية",0
في #يوم_الطفل_العالمي  كل لحظة وأطفال العالم  بخير وسلام#فلسطين #سوريا #العراق .. https://t.co/XfypsyP2hl,0
ميناء بنغازي 1954 .#بنغازي #ليبيا https://t.co/xgetFDNgDI,0
#الهام_شاهين سكس ودعارة وذهبت الشبوبية منها اصبحت تريد ان تصبح دبابة لسيسي والمجرم بشار #Aleppo #EgyptAir https://t.co/zWVpIsxvz9,1
الشارع السياسى | بشار الأسد يتعهد باستعادة حلب https://t.co/efmMebhzWZ https://t.co/BaaEmdddQL,0
"رفض الدستور الباطل سيستمر بالاحتشاد في الميادين والتصويت بلا في الاستفتاء والمقاطعة، الدستور باطل واستفتاء ""المرحلتين"" تغيب عنه شروط النزاهة",0
للوطن وللديمقراطية ولدولة مدنية هي حق لنا جميعا: 1) عارضت الإعلان الدستوري المكمل منذ اللحظة الأولى وأؤيد قرار رئيس الجمهورية القاضي بإلغائه,0
عندما تشاهد المتسولين والذين يقتاتون من صناديق القمامة فأعلم ان هناك نظام قمعي فاسد يحكمهم #انتخبوا_العرص,1
#كفاية اسفاف,0
قريبًا ستحل #اليسا ضيفة عمرو أديب في برنامج #كل_يوم_جمعة  و تأكّد : أنا الفنانة الأكثر مبيعًا في الشرق الأوسط ❤️… https://t.co/dvTwYGZFqW,0
مؤثر: والدة الاسير انس شديد المضرب عن الطعام منذ ٦٠ يوما تعانق ولدها بعد السماح لها بزيارته#فلسطين https://t.co/OewlOCCn0Z,0
خريطة: مساحة احتلال داعش تتقلص بسرعة  ولاية #ديالى  https://t.co/6JLSJqsG9V  :,0
RT @Q8Pay: @Q8Pay وهذولا نفسهم وأرخص وشحن حكومي مباشر رخيص من #امازون البريطانيواذكر اذا اشتريت بأكثر من 60£ يطلع الشحن مجانيhttps://t.c…,0
خاص - هشام حداد لأوائل نيوز حلقة نادين نسيب نجيم كثير قوية https://t.co/vRGPJotEDP https://t.co/mz3h4uutr0,0
#أخبار_دلوقتي | نادية عمارة: تأخير الاغتسال من الجنابة جائز بشرط .. فيديوhttps://t.co/uOrbjWwxxT#عمرو_اديب https://t.co/dLVyYt6Ct8,0
ماذا سترتدين لحفلة عيد الميلاد؟#yawmiyati #إطلالة_يومياتي #fashion #christmas #xmas #موضة #أزياء #الميلاد https://t.co/kAyp9dnXus,0
دائرة الوساخة لم تكتمل يجب ان يربح اليمين المتطرف في فرنسا الى جانب ترامب و بوتين ونتنياهولتغطي دائرة الوساخة كامل الكوكب وليس فقط سورية,1
بعدما صرح بمثليته.. ريكي مارتن يعلن خطوبته لشاب سوري.. صورhttps://t.co/AohtsXNxhu,0
امريكا وشركائها في #الناتو  يحاولون الخروج من مأزق هزيمتهم في #صراع_الغاز مع #روسيا باللجوء لطاقة الرياح والطاقة ال… https://t.co/mWJcGLZotJ,0
لافروف: المحادثات حول سوريا في موسكو ستسمح باستعراض التطورات مع أولئك القادرين على تحسين الوضع - https://t.co/zvcofZI6co,0
@211Isis @TrG___1M أنت من يدعي أن الرجل لم يسيء للنبي صلى الله عليه وسلم، فأحضر أنت المقطع كاملا لتثبت ما تدعيه. #داعش,0
بصراحة انا احب #شبكة_المجد بس حظي الردي هو الي رافض ان اشترك فيها 😣,0
"#فرنسا تقول إن قرار #الأمم_المتحدة بشأن #حلب ""خطوة أولى"" وتطالب #النظام_السوري وحلفاءه بتنفيذه#مجلس_الأمن #مراقبيين_دوليين",0
ملاك الانديه السعودية بعد الخصخصه بيكون لهم رابطه مثل #NBA و #NFL . https://t.co/osE2yNPnXC,0
الحب لا يعرف بروتوكولات المراسم الملكية ..شاهدوا العاشقين بالـ #صورhttps://t.co/RBOlfqpMCV#العائلة_الملكية #بريطانيا,0
والله من شين النفس فيني اليوم #اعتراف,0
من عيوب وسائل التواصل الاجتماعي أنها أصبحت أداة لرد الفعل وليس الفعل، ننشغل بردود الأفعال اليومية أكثر ما ننشغل بالتخطيط والتفكير للمستقبل,0
@ehabmohmedahmed استاذ ايهاباردو بيرسخ علاقته باسرائيل لتكون شفيع له لدى الاداره الجديدهومستمر فى ابتزاز اوروبا بورقه الهجرهواترمى ع بوتن,0
انا متأكدة أن  #MannequinChallenge هيساعد شباب كتير علي انهم يبطلوا حشيش مثلا ويتجهوا للڤيديوز طول اليوم ويبقوا ملهيين,0
من #واشنطن | أوباما يعد بانتقال هادئ و«حذر» للسلطة  https://t.co/tlzZb7gevT https://t.co/npsfHJOJSX,0
اليوم انتصار للإسلام,0
لا أجد سبباً مقنعاً لنشتم #ترامب المرشح #الجمهوريالفرق بينه وبين #هيلاري #كلنتون و #أوباما ومن قبلهم في #امريكا أنه رجل واضح في عداءه لنا,0
RT @ilovesyria86: بان كي مون يدعو مجلس الأمن الدولي تقديم طلب رسمي للمحكمة الجنائية الدولية ببدء تحقيقاتها بشأن جرائم حربhttps://t.co/9rpD…,0
17 جهة حكومية محلية تطلع على «الرقابة القانونية»https://t.co/zH4Rjh7fk9 #ريال_مدريد #برشلونة,0
محافظ الجوف اليمنية: لا رجعة عن إنهاء الانقلاب واستعادة الدولة https://t.co/vwSO5wfvMZ#عكاظ #اليمن,0
RT @islam_attia16: #واي_فاي_بيدور_عالبوكيمون امين انت ممكن تزعل منى عشان بوكيمون https://t.co/frqbYZVAIG,0
لكل من يريد ان يرى صورة الاسلام وهي مشوهة دعه يحضر يوم عاشوراء عند الشيعة,1
"ملايين فى الشوارع قبل العاشرة صباحا مشهد لم يره بلد فى العالم, كم أنت عظيم يا شعب مصر",0
الاعتقالات كالامطار بلا مبررات لكن الانقلاب يرفض حضور المحامين لتحقيقات النيابة,0
معقوله شما تشبهه هاري بوتر 😂😂😂😂😂😂😂😂 https://t.co/DyehqPY4kf,1
https://t.co/fltwai7b5K صور.. ريكي مارتن يخطب رسام سوري,0
#عاجل| #أونا| #لافروف: #واشنطن تسحب مقترحاتها حول #حلب وتعتذر عن المشاركة في #جنيفالتفاصيل .. https://t.co/Bnn2VKTWaw,0
صور.. مديريات محافظة صنعاء تمظم فعاليات متنوعة بمناسبة ذكرى المولد النبوي الشريف - https://t.co/X5l5bvORYv https://t.co/Q95etAuHtW,0
#لميس_الحديدي:وجود الفنانة #سما_المصري بـ #مهرجان_القاهرة_السينمائي سبب جدلا واسعا..وأرى أن هذا صخب بلا داعي وإن كان سخيفا في بعض الأوقات,1
RT @iraqitweet: لقد قضي الامر يا داعشفقد جائكم اصحاب البدلات السودجحافل ابطال قوات مكافحة الارهاب تنطلق الى مدينة #الموصل مع اقتراب ساعة…,0
"#إيران تهدد #الولايات_المتحدة بـ""رد صاعق""https://t.co/0HtPMxOXST#اسأل_أكثر",0
#اليمنية| #شايع يفتتح مكاتب إدارة المخدرات بعد إستكمال اعمال الصيانة والترميمhttps://t.co/4YrzurhtEC#التحالف_العربي_سند_اليمن,0
جبران تويني https://t.co/0L3ngHSJT9,0
ابطال الجيش السوري   النصر لهم  و لقائدهم الزعيم بشار اﻷسد https://t.co/DHRVl9qukY,0
#لافروف: واشنطن سحبت اقتراحها بشأن تسوية الأزمة في #حلبلافروف: المسلحون الذين سيرفضون مغادرة حلب سيتم القضاء... https://t.co/fnFj7gcVo8,0
#عطنا_تغريده_مهايطيه ميريام فارس يوم غنت انا مش انانيه كانت تقصدني.,1
@sawabcenter داعش مجرمين قتلة ولكن النظام السوري من أحد الصناع لهم ويقتل أضعاف مايقتلون ويدمر كل سوريا  مارايكم به,1
_ هذا هو نص المقال أتحداكم أن تنشروه كاملا لو كنتم رجالا مش هتبطلوا حقارة وتنضفوا شوية من باب التغيير,1
RT @crybby90s: اللي يحبون كرتون افاتار وافلام هاري بوتر واستديو جيبلي وين ألقاهم ؟,0
@faisal_al3oni @7adethA @DrDimashqiah تحكمون إذا كان الوطنيه هي في تأييد السيسي وشتم أردوغان وكلاهما حليف فتلك قسمة ضيزى,1
اخيراً اقتنعت بالمغني الأمريكي جستن بيبر بعد ماسمعت أغنيته let me love u,0
@mobh_a @Alito_NBA @AHMEDGARNETT النظام ذَا بيخلي الأندية الكبيرة ما تصير مديونه مثل الوضع الحين,0
احلى #ضحكة بالعالم 😍 #كارمن_سليمان #كارمن #محبوبة_العرب #ارب_ايدول #البوم #أخباري #اخباري…,0
انهى اروش ف مسكة السيجارة بوب ديلان ولا ديفيد بوى؟!,0
"""إنه لمطر غزير سوف يهطل"". | بوب ديلان https://t.co/LlgsSdgPGm",0
شقيق قيادي في جبهة النصرة هو احد اطراف البازار على حلب https://t.co/lm3xUycmaV,0
"الإخوان يمارسون الشحاتة بمنطق ""إنتو كفار وهتروحوا النار بس أبوس إيديكو ساعدونا يا كفار عشان ربنا ينصر الإسلام""",1
لاحظت كم واحد من المتابعين اللي انتابع فيهم .. عندهم معايير مزدوجة ... احداث تظخم عندهم و احداث تتفه .. اني اراكم منافقين #ليبيا,0
طب إيه المشكلة في أشغال طريق فاضي؟ عشان مين يعرف يتحرك بالضبط إذا الناس روحت؟,0
أخينا أبو عبدالله غوغل شهيدا جميلا ... تقبلك الله يا اخي .#فتح_الشام #الجنوب #درعا https://t.co/hyTDckO6dF,0
أحب كلامهاأحب صوتهاأحب ضحكتهاأحبها من كل قلبي💗🌸💗@nadinenjeim#نادين_نسيب_نجيم https://t.co/0RxFQNt9Pn,0
الوقوف دقيقة حداد على ارواح شهداء احداث سيناء وعلى شهداء ثورة 25 يناير في بداية المؤتمر الجماهيري,0
اسرائيل تدفع مليارات وتتفرغ سياسيا وعالميا لدعم الانقلاب ما حققه لها فى 100 يوم عجز زعماء صهيون عن تحقيقه فى 100 عام,0
نص اكاونتات هاري بوتر دارولي فولو 😂💗,0
بيتخيل نفسه ليه فورمة لازار وبيطير زي سوبر مان ولابس شميز بولو ع بوكسر اخضر وبليزر بترولي ولابس نضارة هاري بوتر الأ… https://t.co/U6TkQ2hwct,0
على الـ الان محمد سامي يقول : الحكم على 700 انسان بالاعدام أمر مبهج !! اين وصلت الانسانية !! #مصر #القاهرة #الاخوان #الفلول,0
RT @ahlalsunna2: #سوريا :الجيش السوري الحر يسيطر على قرى براغيدة والشيخ ريح والبل وجارز بريف حلب الشمالي بعد معارك مع تنظيم داعش,0
ميشال عون يحتفل بإعادة العلم اللبناني الموقع من مناصريه قبل 27 سنة إلى القصر الجمهوريhttps://t.co/FX3CSveFEU https://t.co/bWcfmOP0JQ,0
في ختام زيارة رئيس الشؤون الإسلامية التركية لدولة #قطرونقاش مع #خالد_مشعلحول التجربة الرائدة للعدالةوالتنميةوالم… https://t.co/1b3twJKcYr,0
بموووووت بيونسيه,0
@x1_ye انتي بوكيمون ☻💔 ععآدي اصطادتك؟🙂,0
@AnthonyElHaiby @youthshadowgov @FondationGt @Annahar خافوك فقتلوك١١ عاما دفاعاً عن لبنان العظيم #جبران_تويني,0
#كريستيانو_رونالدو صاروخ ماديرا او قاذفة اللهب او الدون او التورنادو او السيداو الامراطور و المهم انه افضل لاعب عالمي,0
@ahmadabufarha21 حبيبنا احمد الشيخ المقدسي لن يترك ساحة الشام للمتميعه ولا للغلاه ثق هذا الكلام تماماً ،،حتى لو طالبتموه,0
LifeTahrir: #لايف | منها خاصية طال انتظارها.. 8 مميزات حصرية في نظام تشغيل «#أندرويد نوجا»https://t.co/4QP4U3aGL8 https://t.co/EnZSfKlSAE,0
اتوقع شرد من سجن مدري من شي كذا ومشا كعابي اكثر من دوله لين وصل الهند اضن كان ف بريطانيا السجن ذا,0
#مدرب_سورية: خسارتنا أمام #المنتخب_القطري ليست مؤثرةhttps://t.co/HVg8JO9CxU#التصفيات_المؤهله_لمونديال_2018 https://t.co/xx3viAdoFg,0
@mor4630 @maged191919 @malali1988 تحقيق اعلى دخل مع #اوبر https://t.co/8xSZ1pgLGr,0
RT @rahimmoheby: #إيران.. إعتقال الشباب من أهل #السنة في المناطق الكردية. #الاعتقال #القمع https://t.co/ec8MZJCFIS  https://t.co/fMZ5onERLk,0
اصبحت الغارات ممله جدا #اليمن #صنعاء,1
RT @realmadridarab: ⚽✅ #RMCityقد بدأ التدريب!#ريال_مدريد #هلا_مدريد https://t.co/V1JSgKxTAw,0
@youm7 يا عم الديكتاتور حسام باريت نشوف محمد حمدى زكى بيلعب بلاش شغل مقبرة النجوم متعلمتش من أحمد الشيخ,1
اطقم نسائي  ماركة غوتشي مع 3 اساور و 3 دبل مع علبة وكرت الماركة السعر 260ريال. https://t.co/dGdWjihX3R,0
جمهوري ايراني اسلامي ليست اسلامية#كلمه_للناس_البارده#مصر #السعوديه #الامارات #سوريا #العراق #اليمن https://t.co/cCGW1yrEat,0
#حلب: الجماعات المسلحة قامت بتلغيم وتفخيخ #مشفى_القدس الواقع بين حيي #المشهد و #صلاح_الدين بعد خروجهم منه تحضيراً للخروج من الأحياء الشرقية.,0
@Zlatantmimi حتى مسجدنا له يومين يدعي بس وصخ ملعون محمي من روسيا وايران و امريكا,1
لمن كان يسأل عن عنوان #ديوان_شيبان الذي يقام فيه #درس_الاثنين #الفحيحيل قطعة 9 شارع المخفر #انشر #الكويت …,0
الله يخربيتك يا سيسي الكهربا قطعت هوبا فلول ستايل #انتخبوا_العرص #مرسي_رئيسي,1
"أحس الحياة مصنّفتني من ضمن قائمة "" حزب الضالين الغير مرضي عليهم "" .. يعلم الله إني مصلّيه ومسميّه مدري شمسويتلكم أنا ؟.",0
"داعش تفقد احد اهم قادته الإعلامي "" أبو محمد الفرقان""  ولاية #الأنبار   https://t.co/H88xR2Urfm :",0
#فلسطين #محرقة #الاحتلال_الصهيوني بحسب الجارديان محمود عباس: #الهولوكوست أبشع جريمة في العصر الحديث مع من يود,0
عزاء الفنان الكبير الراحل  #محمود_عبدالعزيز ، وتعليق من الاعلامي #عمرو_اديب عن شائعات عدم تواجد #عادل_امام في العزاء https://t.co/jG9qLA7AuC,0
دعبد المنعم أبو الفتوح لـ : فضلت خوض الانتخابات كمرشح مستقل لأمثل كافة طوائف الشعب المصرى,0
الحقيقة العارية,0
ومجتمع نريد استقراره وبناءه ديمقراطيا يعاني ومجلس عسكري تآكلت شرعيته ويصر على أخطائه التي باتت تهدد تماسك الدولة وتعيدنا للوراء,0
@mohanadxoxo اليوم يمكن اجاني نوتفكيشن حسيت حالي بحساب جستن بيبر يعمي,0
6 أبريل بعد رفع اسم #أحمد_شفيق من قوائم الترقب والوصول: أخيرًا العمرة خلصتhttps://t.co/FudwgNtvCY https://t.co/MjDkVr6Zin,1
هدية لوقفتكن مع حلب ومع جبهة النصرة.تحديدا@kuwaitweather @aliialsa3ed,0
كلما رأيت أطفالا مشردين ، جائعين ، محاصرين ، لاجئين ، نازحين ، أشعر بالخيانة ، الخيانة فقط #سوريا #أطفال_سوريا …,0
شاهد #زبون #فرنسي غاضب يقتحم أحد متاجر #شركة_أبل  https://t.co/1OWbLJmgh0  #تكنولوجيا  @ChababsTweet https://t.co/qgVmfOdKhp,0
لماذا نتمسك بانتخابات تحت اشراف دولي ؟! أقرأ المقال كاملا …,0
بالصور .. شمسان بطلاً وحضرموت وصيفاً في بطولة الجالية الجنوبية بتبوك السعودية https://t.co/cKqKFQZGuq #عدن #اليمن https://t.co/a0iYFZHjtv,0
@A2A9A4 فيدرر سيعود بقوه #توقع,0
المونيتور يكشف: هذه رؤية ميشال عون للحكم في لبنان.. لعل وعسى تنجح ! https://t.co/nPFXf4dDTj https://t.co/lWoKsAd8yB,0
#بنغازي القوات المسلحة الليبية تبسط سيطرتها بشكل كامل على الرابش القديم الواقع بالقاطع الرابع بمنطقة #قنفودة .,0
والله ما عارف أضحك الله يحرق #ثانوية_عامة على مدرسينها واحد واحد,1
@malak_alhusaini مابي أيفون ابي مبلغ مالي تكفين,0
RT @Shensawee: مصادري اكلتها الصخول والله عاد كيفي مو عاجبك في مكتبات في كتب في جوجل محرك بحث مخك نص ربية ندور بدالك مثلا,0
RT @egl3000: اللواء شلالقوى مختلفة تريد ضرب الأمن في عدن✔نحن والحزام جهاز أمني واحد✔لايوجد معتقلين دون تهم بالسجون✔وحدات خاصة لملاحقة ب…,0
خطاب الرئيس يعني أنه صار مجال يسمح لدبلوماسيتنا ودبلوماسيينا بلعب سياسة واستخدام أوراق الضغط المختلفة,0
لم تعد #حماس من جسدالأمةلتشعربألمه  فهل باتت اقرب للجسد الصفوي النجاسه باتت اكثرمن الطهرفي حماس #حلب_الملحمة_الكبرى  https://t.co/yrziktbQ4a,0
''وما النصر اﻻ من عند الله'',0
داعش ، حزب الله ، جبهة فتح الشام…الخوفيه اكثير وثاني مره لا تدرعم لان اسلوبك مُستفز وانتها نقاشي معك يا(معقد)…🙂@Mamno1987,1
رحم الله سامر سليمان، كان مصريا مخلصا لقيم المواطنة والديمقراطية وأستاذا متميزا للاقتصاد السياسي، رحمه الله,0
قنوات العهر العربي تعرف بان هيلاري كلنتون تقدمت على منافسها في استطلاعات الراي بينما لاتعرف ماالذي حدث في صنعاء !,1
صاير منتشر بشكل ويتفاخرون فيه امس شفت خبر عن المغني ريكي مارتن انه خطب واحد سويدي 😧😥 اعوذ بالله ...  #رونالدو_يعترف_ويفتخر_بالشذوذ,1
#بنغازي#البيضاءاجتماع مصالحة وتوافق بين قوتان عكسيتان منذ لحظات ونجحت المصالحةبارك الله في الأشخاص الذين وُفِّقُوا بين المتخاصمين 😂😂,0
وش اكثر شي تشتريه من مواقع التواصل الاجتماعي ( انستقرام، فيس بوك، ايباي، امازون) #shopping #what_do_you_buy,0
متفق مع جوانب بمقال أحمد خالد توفيق وأعتقد أن التحفز ضد الحاكم دون فبركة أو كذب هو أمر مهم في بلد تعشق صناعة الفرعون,0
بادافع عن واحد قال عني شخصيا عميل وخائن وجاسوس وتسبب في تشويه سمعتي عند كثير من المصريين! شفتي إزاي؟!,1
زيت الكثافهعلاجللصلعالقشرهتساقط الشعريقوي الجذوريعطي لمعانبفترةوجيزه🌻الطلب👇وتس٠٥٥٨٩٤٥٨٢٢#الامارات_العراق… https://t.co/EiXJcwHx7V,0
@omgAdamSaleh @HarrisJOfficial جستن بيبر فرع اليمن,0
#عاجل | اندلاع مواجهات بين شبان وقوات الاحتلال في بلدة #عنبتا شرق #طولكرم قبل قليل#فلسطين,0
RT @verlorxxn: بانقتان هي الفرقه الوحيده الي تقوم الساعه ٦ الصباح و يرقصوا على بيونسيه https://t.co/Hzemco41rw,0
ياخى الفجيكات دول يتحبوا من غير مقدمات كده :) #نوبة,0
@RamyAyach القائد رامي عياش : “اضربوا بيد من حديد يا شباب”… https://t.co/goVAN5cPfh https://t.co/sGkv45GPPB,0
@emadoB وبلا ما يضهرو معن نحن اصلاً شبابنا ربعن ماتو بالحرب و ربعن احتياط و ربعن ع شاكلة ريكي مارتن هالربع البقيان يتركولنا ياهن 😂,0
#بلال_فضل مفتقد مقالاتك جدا,0
تواجدي خارج المملكة منعني مشاركتهم في تجهيز التيفو واعرف حجم التعب واﻻرهاق اللي يعانوه حالياً ويارب ﻻتضيع لهم تعب #الالتراس,0
@NawalElZoghbi  https://t.co/OwYtCFUXxY أجمل اعلانات النجمة الذهبية نوال الزغبي ، بانتظارك في عمان 31/12/2016,0
دبي تستضيف «برولايت آند ساوند» 31 الجاري——————————-دبي:«الخليج»أعلنت «ميسي فرانكفورت الشرق الأوسط»، عن إطلاق... https://t.co/z0RgVc6iB1,0
قلو عيونو مش فجأة بينتسوو ضحكات عيونو ثابتين مابينقصو #فيروز #happhbirghday ❤️❤️❤️❤️,0
أهالي حلب يكتبون عهدهم على جدرانها بأنهم عائدون إليها #ستبقى_حلب ويفنى الطغاة #ازيحوا_السيسي_وبشار https://t.co/6IluHHZC0J,1
الببلاوي: تصنيف الإخوان تنظيما إرهابيا قرار سياسي #الببلاوي #مصر,1
@X_alt122 في الاخير تراه لاعب لاراح ولا جاءحسستوني انه ميسي ولا رنالدوماطيره للسماء الا انتم 😒ماشفتو خير اول مره تجيبون مهاجم يسجل 😂,1
أقامت اللجنة الدينية في التحالف الوطني الديمقراطي السوري مكتب حلب برعاية احتفال عيد المولد النبوي الشريف في جامع... https://t.co/183YY2IHJN,0
أحمد.. حلمٌ بدّده كابوس السّرطان https://t.co/FiqJ8SuU3d #غزة #فلسطين,0
غدًا الثلاثاء ٢٢ نوفمبر الساعة ٧ مساءً في #معرض_الكويت_الدولي_للكتاب سأقدّم ندوة الكتّاب بين أفق التجريب وممكنات النجاح أتشرف بكم ❤️,0
مندوبة #واشنطن: ندين كل الهجمات على المدنيين ومنها الهجمات من جماعات المعارضة، ونتفق مع #روسيا انه لا يوجد اي مبرر لاي هجمات على المدنيين,0
التّحضيرات النهائية لاضاءة شجرة الميلاد في مدينة النبطية #Lebanon #Christmas https://t.co/AbEzDuSwXA,0
@Molybes فرنسا ..هولاند ماشى وجى اليمن المتطرف بقيادة مارى لوبان زى ترامب كده,0
صور مفتي الإخوان المسلمين القرضاوي مع حاخام يهود ومع طغاة العرب #إنصاف_الإخوان,0
أبل تخطط لتوحيد خدماتها في منصة سحابية واحدةhttps://t.co/pRnFPBq3Dj,0
كيف سيرد #بوتين على توسع #الناتو#سبوتنيك #روسيا  https://t.co/TR4uCNthXx https://t.co/dGZQNnAK94,0
تجاهل مبارك للفقراء لم يكن نابعا عن إهمال فقط وإنما فلسفة تقوم على احتقار الفقراء لأنهم فشلوا فى الثراء,0
#ميشال_عون يؤكد حرص بلاده على تعزيز العلاقات اللبنانية السعودية#السعودية #ksa #saudi #الرياض #جدة #مكة #لبنان… https://t.co/LTLrwVUtAy,0
RT @hassahQ8: وطني الحبيب. وهل أحب. سواه.   الوطن. غالي مايحس بغلاته  الا. ألي فاقده. ياالله. ياكريم ترجع. سوريا  مثل. قبل. وأحسن 🌹🌹,0
#العصيان_المدني_السوداني_19ديسمبرلو الناس طلعا ما تياس و تقول العصيان فشل..الاهم هو خوف الحكومه مننا و من ضغط المجتمع الدولي و الاعلام,0
#تحيا_مصر #مصر_جميلة #مصر_المحروسة #السيسي_هايصالح #السيسي_رئيسي_2014,0
"RT @Paradise__PA: الباقي:هو وحده له البقاء، الدائم الوجود الموصوف بالبقاء الأزلي، غير قابل للفناء فهو الباقي بلا انتهاء""٩٦""اللي يحفظه رتويت…",0
الله الله 😍 #حزب_الاعاده,0
الحكومة الفلسطينية ومؤسسات المجتمع الدولي تطلقان خطة الاستجابة الانسانية لعام 2017 https://t.co/MbgoNcbfuG https://t.co/1K4JtqMwSM,0
من المؤسف ان يتراجع الرئيس عن وعوده لقد وعد الرئيس مرسي المصريين بإصلاح تشكيل لجنة الدستور وهاهو يتراجع عن وعده وينقض العهد شيء معيب,0
حوار الأخوان شاركوا من اوي 25 ولا 28 مش مهم، و حتى حوار بطلوا مشاركة امتى مش مهم، المهم عملوا ايه في البرلمان و الرئاسة و التأ,1
ان اللون الرمادي ليس له محل من الاعراب يا ابيض يا اسود #علمتني_الثورة,0
فضيحةالاعتذارتشكل إهانة لفريق #هادي وأن رسائل #واشنطن له لاتعدو كونها أوامر يتم تنفيذها..ماانت الاخادم لها#اليمن  https://t.co/8Uq296BBnH,0
عبد الناصر عمل وحدة مع سوريا وبدأ بالياميش سيسي هيعمل وحدة مع اسرائيل وبدأها بالطماطم,1
دم شهيدات المنصورة يدين وحشية المجرمين الذين قتلوهن ويحق عليهم القصاص ولا يبرئ وحشيةالمتعصبين الذين القوهن الى التهلكة ويجب عليهم الاعتزال,0
والله حال العرب يرثى له ،، المفروض كل العرب مع قضيه إخوانا في حلب ، هذا اذا كنت مسلم حقيقي ،،مش كلام بس 😩☹️️ #مليارات_العمره_علي_هوي_مصر,0
وهاب عبر تويتر: وجود سليم جريصاتي في العدل مع دعم الرئيس عون قد يسمح بتنظيف القضاء#وهاب #لبنان #اللواء,0
ترامب يتهم الجمهوريين بالحاق الضرر بحملته: واشنطن (أ ف ب) - اتهم دونالد ترامب الثلاثاء نظراءه الجمهوريين بقلة... https://t.co/P4b5Zh6OEB,0
@discovery_2011 ترى لموضوع كله على تركيا وادوغان اوباما شدخله !؟ وحاط كدام اسمه م/ بول بعير,1
@Christine_Habib @RamyAyach رامي عياش... فخامة الاسم تكفي...مبدع و فنان شامل ❤,0
هل #كيري خارج الخدمة؟ألا يعرف أن الهدنة انتهت؟ ماذا يريد الملا كيري؟ https://t.co/rOKH4kB7pc,0
للهمتمين في #الاقتصاد_الإسلامي #التمويل_الإسلامي هذه آخرالإصدارات التي اقتنيتها من #معرض_الكويت_الدولي_للكتاب… https://t.co/7Xa0nJUR1t,0
من هي صاحبة أفضل إطلالة سوداء في افتتاح #مهرجان_القاهرة_السينمائي؟#شاركنا_برأيك على الرابط التاليhttps://t.co/3uYJvWhayG#روتانا #مشاهير,0
احلى فيتو من اقوى حلفاء اصدقاء شرفاء #روسيا_و_الصين عاشت ايدكم ✌️✌️️ شكرآ #الصين شكرآ #روسيا #سوريا استودعناكي ا… https://t.co/0oOkb7oUyd,0
محافظة #صنعاء: 3 غارات لطيران العدوان السعودي الأمريكي على منطقة ذباب بمديرية #بني_حشيش #MUNARS #زياره_الاربعين #MannequinChallenge #HTGAWM,0
تفعيل الترجمة دون اتصال بالإنترنت علي iOS https://t.co/s7BDUAkHcG #iOS10 #ايفون https://t.co/gZPGCvME97,0
#انتفاضت_الأذان #القدس #مهذبون  الله أكبر .. الله أكبر https://t.co/I9GIJPitiJ,0
احرق دم الاخوان و ادبح بدل الخروف اثنين و انصر الغلبان,1
عن فخامة الصورةة أتحدث $ #ريال_مدريد https://t.co/fPpWwOt4U1,0
"""@youm7: ننشر تفاصيل قبول تظلم #أحمد_شفيق ورفع اسمه من قوائم ترقب الوصولhttps://t.co/9AK7FhRhIy https://t.co/a63qIzhLiP""",0
الهبه الجديده #SuperMarioRun https://t.co/BirAdZdXYH,0
"نحن بحاجة إلى وسطية في المعاملات واعتدال في المواقف و الا تعرضنا لعوامل هدم المجتمعات الكبرى"" #مصر #تونس #لبنان #الإمارات #فلسطين",0
RT @Teetah4: يقول الدكتور مصطفى محمود في كتابه (الأسلام السياسي والمعركة القادمة) سيشهد التاريخ أن عبدالناصرتسلم مصر وهي اسمها http://t.co/…,0
@BQ8y اخ بندر الا ترى ان الشعوب الغربيه اتجهت الى حزب اليمين المتطرف ومالسبب في ذلك,0
إسرائيل تعتقل 2355 مقدسيا خلال عام #السعودية https://t.co/FE0AsiOjSq,0
@amrmsalama @EGYPTAIR مصري البيقول ولا يهودي,0
اخخخ يا فيدرر ❤️❤️❤️ .... عطوني افاتارات له,0
وسيذكر التاريخ ان احمد الشيخ اول مصري عمل مانيكان تشالنج,0
ليس بمقدور احد ان يعيد المصريين الى حظيرة الخوف لقد الثورة كسرت حاجز الخوف الى الأبد لن نتراجع عن مطالب الثورة ولو صدر ضدنا الف حكم,0
@ibn_alarb عندما كانت كلينتون وزيرة للخارجية الامريكية كانت هي من اعطت بوش الابن تفويضاً لغزو العراق,0
#تغطية_خاصة | رئيس اتحاد الإعلاميين اليمنيين عبدالله صبري:التحرك الأخير لإدارة أوباما عبر #كيري  يأتي مع إعلان... https://t.co/NcRVXIikx9,0
عاجل #فرنسا|القضاء يدين مديرة صندوق #النقد_الدولي كريستين #لاجارد بتهمة الإهمال https://t.co/pDDGsDFvum,0
# أبو الفتوح أعمل مع مجموعة رائعة من شباب الثورة وأقول لهم أحب ان تقودوني للعمل وأن نعمل كفريق ومن يجرح فين,0
رغم إن الصحافة رسالة إلا ان فيه صفحات كاملة بتتكلم عن #صافيناز #سما_المصري #حلاوة_روح ودي كارثة #2014,1
Just Enough Administration = #JEAميزة جديدة في ويندوز ٢٠١٦ لتحكم اكثر في نظام الصلاحيات.#أمن_المعلومات  https://t.co/SwLoWMgsEG,0
بسمة أمل - أحلى متعة في الدنيا,0
كنت اتمنى الذي يتباكى اليوم على الابرياء بسوريا ان يتذكر موقفه من تسليح المعارضة ”جبهة النصرة“ وتزويدهم بأسلحة والقنابل والمدرعات والصواريخ.,0
الجريدة | https://t.co/PnzHatdvts: عاجل: خادم الحرمين الشريفين يدعو الرئيس ميشال عون لزيارة...,0
كيف تتشدق بهذا الدستور؟,0
"""أبل الشرق"" تستعد لإطلاق قاتل ""جلاكسي نوت 7"" https://t.co/abyVzEA4Jd",0
لن يتحرك العالم إلا إذا تحركنا ستتحرك #الأمم_المتحدة يوم أن نجتاح المدن #السعودية كلنا الى الجبهات #Airstrikes_Bomb_Yemen_Funeral,0
صعبة النغمّ مآ يحن على غيآب الوتر. #اليسا,0
@Xo23oJc1Hs1jUtN @r0tate @Yamaniyh2 @Akream131 @kozeen1 لا يكون من جبهة النصرة,0
RT @villabdran66: #اغبي_سوال_كتبته_بقوقل #معلومة إذا قمت بالبحث في جوجل عن كلمة “askew” فإن المحتوى الذي سيظهر على الشاشة سيميل قليلا ناحية…,0
#اليمنية| محافظ #شبوة يدشن الخطة الأمنية الخاصة بتأمين خط العبر ـ #شبوة_الدوليhttps://t.co/KtRRPotwSN#التحالف_العربي_سند_اليمن,0
عن أبي هريرة رضي الله عنه أن رسول الله ﷺ قال ( من قام رمضان إيماناً واحتساباً غُفر له ما تقدّم من ذنْبه ) متفق عليه https://t.co/QwTieFL7VB,0
@Epic_moi هيلارى كلنتون شنب😂هي سبب فوز زوجها بيل بالرئاسة الامريكيه.الانتخابات حاليا صراع الجهل والثقافهلكنها كلاهما نتن,1
اجل اهزوجه ميسي الكلب القم ياكلب انت وياه,1
ميريام فارس تشارك محبيها بفيديو جديد لمولودها https://t.co/kAII5gFeLE https://t.co/NVKgI1ZWdI,0
#واشنطن تحذِّر #دمشق و #موسكو! https://t.co/XKhN5PJeeK,0
منو هذا محمد الشحي😐😐😐😐 جستن بيبر على غفله 😂😂😂😂 الحين هايله من صجهم يركضون وراه؟ ي جماعه انا مصدوما https://t.co/4yOqqOcfax,1
@amrmsalama @EGYPTAIR ما فية مرة رجعت عليها وشكرت فيها .. بس للأسف في النهاية بيبقى في أولوية بشركات بلدي  ... والله نفسي الناس تفهم كدا,1
روسيا تقول بزيارة  #اردوغان الى موسكو اتفقنا مع #اردوغان على الحل ب #حلب-يعني خيانه يعني #اردوغان خان المسلمين بحلب #حلب_تباد,0
4 ايام بدون فيسبوك تقييم يا شبب ؟ 😎,0
رئيس المجلس الاعلى للقضاء الحالى من رموز استقلال القضاء وقد صنع مشروعا عظيما مع المستشار احمد مكي من اجل استقلال القضاء الواجب مساندته,0
الناتو والاتحاد الأوروبي يقرران برنامج من 42 نقطة لت ... https://t.co/hV4gbsLzWa#اوربا #حلف_الناتو #سياسة https://t.co/Eu26SNApEL,0
إنها تُمطر.اللهم أجعلها صيباً#بنغازي,0
إرتفاع أسهم هيلاري كلينتون وحظوظا للفوز بالسباق الرئاسي بعد التسريبات الأخيرة لمنافسها دونالد ترامب.,0
@kheyzaran اصل داشت ويندوز 10,0
#كتاب همزة بلا أخطاءلعواطف العلوي @dahshaton تجدونه في جناح #مدارك#معرض_الكويت_الدولي_للكتاب https://t.co/AG6yt93FMV,0
@RamyAyach رامي عياش في كتييير شغلات حلوة بالدني بس انت احلاها.....✨❤ https://t.co/fUqiCFisdq,0
"""مارتن غاريكس"" و ""جستن بيبر"" يقودان الدراجات الترابية للمرة الاولى -  https://t.co/SpqOyLoVUl https://t.co/O0W5QwO8P3",0
@ibn_iraq24 @nada_1609 العراق كبير بأهله العراق بسنته و شيعته العراق بمذاهبه ودياناته هذا النفس الطائفي تكيف عليه بعض الدول,0
لا تنس يادكتور مرسي أنك طلبت من الناس أن تقومك إذا رأت فيك إعوجاجاالشعار دخل مرحلة التطبيق أمام قصركإقرأ الواقع جيدا ولا تقامر بالوطن,0
RT @Irourowansami: سيسي إيه اللي انت جاي تقول عليه دة الدولار ب14 جنية😂😂,1
@mahdi13203505 لبنان في ضع خطير الله يستر,0
أوباما يشارك في بدفن بيريس بسرائيل: حريتي نيوز / متابعة وصل الرئيس الأمريكي باراك أوباما وزعماء آخرون إلى إسر... https://t.co/V5AyGyaJas,0
#ميريام_فارس تتألق في حفل زفاف ابنة الشيخ محمد بن راشد!#اطلالات #مشاهير #فرحتنا_ناقصهاhttps://t.co/c0BJTBKvkB https://t.co/ZT40emkfWr,0
@CrouchSays الدورى كله السنادى مفيهوش كورة ولا لاعيب طفرة باستثناء احمد الشيخ ومفيش مدرب برضة فرض نفسة ولا طريقة لعبة دورى كلة ممل,0
عندي ثقة فيك .. و بكفي <3#فيروز,0
"ميزة في هاتف ""بيكسل"" الجديد تُحرج ""أبل""https://t.co/gUwwDQNxCE",0
ما يحدث في اركان هو جريمة ضد الانسانية و ليس فقط ضد المسلمين ما يحدث عار على الانسانية كلها,1
الان سجل مع #اوبر في #القصيم واكمل تسجيلك بدون الحضور الى #الرياض سجل عن طريق الرابط https://t.co/7pGVm4OWudبعده… https://t.co/ZEp4yE8GWI,0
خدمة من #أوبر #لأعراس_الهند https://t.co/Ebc4f0WaSN https://t.co/3QchmQx2ax,0
RT @WikileaksMENA: زعماء مليشيا الحشد الشعبي في العراق يهددون تركيا وأردوغان من بغداد ويتوعدون الشركات والمصالح التركية والأفراد العاملين ف…,0
الجامعة العربية تدين الهجمات الإرهابية بمدينة الكرك الأردنية - اليوم السابع https://t.co/Q0usGuiiIU,0
RT @KR_3D: هل يعلم #اردوغان ان العراق امضى اخر 36 عاما في قتال الكرة الارضية بكل دولها ومسمياتها وان ابناء العراق اعتادوا على رائحة البارود…,0
#كابوريا #اللبان #يوسف رجالة بمعني الكلمة بجد شباب جدعة جداا درونا #نكمل #لن_تركع_امه_قائدها_محمد,0
أ.أنور يجول في ذهني سؤال.هل انتصرت الثورة الجزائرية حقاً؟من الذي كتب تاريخها في آخرمراحله؟ألا تعتقد بأنها قد سرق… https://t.co/eWd04hSxvN,0
RT @Yousiif65: هاري بوتر؟👓🎩 https://t.co/959OoWvGZr,0
من باقي ما اقنعته يشوف هاري بوتر؟ https://t.co/HHcTOWn5di,0
#اقتباس من #رواية هل من مزيدللدكتور حمد الحمادي @HamadAlHammady تجدونها في جناح #مدارك#معرض_الكويت_الدولي_للكتاب https://t.co/27umT0lJDo,0
في الوقت اللي يجتاح فيه اليمين المتطرف أوروبا وترامب أمريكا والعالم ، يتم تعيين ملحد يبت في أمور المسلمين .!! . #اول_لاديني_بمجلس_الشوري,1
#واشنطن تستعين بإعلانات #فيسبوك للتصدي لدعاية التنظيمات المتطرّفة⁰#إرفع_صوتك #الإرهاب⁰https://t.co/RKaOfKldjg,0
اذا ابدعو فيه مثل هاري بوتر بتصير سلسله عظيمه,0
@AJArabic الله يرحم صدام شرف العراق https://t.co/IbtfAzCWnZ,0
RT @qatnology: استعراض لتطبيق الرسام الجديد لنظام ويندوز 10تقدر تسوي صور ثلاثية الابعاد فيه وبسهولة بعد 👌🏼 https://t.co/LIvXLloIQt,0
هيدا الهوا ذاتو تبع #هوا_الحرية لي داعبنا بمزحته الطريفة وخلانا نفكر انو #فيروز رح تطل علينا.. #هوا_فاضي https://t.co/5ukra3e92E,1
RT @218Tv: #218TVظل المصور يظهر على جناح طائرة تهبط منها هيلاري كلينتون#مصور #ظل #طائرة #هيلاري_كلنتون https://t.co/GLeRVIHhZ6,0
#مارب #عاجلبطاريات باتريوت تعترض صاروخ بالستي في سماء مأرب أطلقته مليشيات اليهودي المخلوع،عيسى الشفلوت #اليمن,0
رأى منقول صادم جدا ليس كله بطبيعة الحال صحيحا ولكنه صارم فى الحق فى نقاط كثيرة وأقدمه لكم كما هو دون اى تدخل نقلا,0
#فتح : تم توجيه الدعوات لفصائل العمل الوطني جميعها، بما فيها حركتا #حماس و #الجهاد_الإسلامي، لحضور الجلسة... https://t.co/25lUvKduOM,0
حلب أمس💔😣الإرهابيون الذي يحاربهم بوتن ويدعمه ديمستورا وأوباما الذي لاقيمة له في وقف جرائم ضد الإنسانية منذ ٦  سنو… https://t.co/n7tqdvbOH9,1
لما داعش اقتحم وعمل مجزرة سبايكر ولما احتل الرقة ولما جبهة النصرة ارتكبت مجزرة عدرا ولما خطفو الجنود اللبنانيين ليه ما حدا تضامن يا معرصين,1
#اليمنية| مجلس الوزراء #السعودي : “ضرورة وضع حد للممارسات #الميليشيا وأعوانهم”https://t.co/Yqxgy1ccVr#التحالف_العربي_سند_اليمن,0
مترجعوا #مبارك و اقتلوا الشباب اللى باقى هو ده اللى ناقص يا #جيش_كامب_ديفيد #سيسى_كوهن,1
عم بحكي عن الاستقلال اللي تعمد بالدم وحما لبنان من الخطر الإرهابي وعن تحرير الجنوبعن حزب الله عم بحكي  #عن_اي_استقلال_عم_تحكي,0
التعليم: ضعف مستوى التعليم الحكومي وازدهار المراكز الخاصة في الدائرة بعيداً عن رقابة وزارة التعليم,0
الشيخ عادل الكلباني 2https://t.co/nhnzGrtnnJ#Otto#GGVDivaAngGanda#ليبيا#لو_عندك_مليون_ريال#H2HChat2H23,0
بالفيديو والصور.. ميريام فارس تحيي حفل زفاف ابنة حاكم دبي https://t.co/KGFBVirSld https://t.co/AjSSz964oX,0
هو الأهلى جايب صالح جمعة عشان يفرجة على الماتشات ولا إيهمش كفاية ضيع مننا أحمد الشيخ#يلا_دوري,0
أيها الاخوان في أية من القران وفي أى حديث شريف تعلمتم ان المبنى المصنوع من الحجر يكون الدفاع عنه بقتل الناس بالرصاص الحي على أى ملة انتم,1
السلام عليكم ورحمة الله وبركاتة، انا وسيط للشراء من موقع امازون عمولتي هي 60ريال على الطلبية كاملة ، تنبيه : العمولة لاتشمل الشحن.,0
يَوْمَ يَفِرُّ ٱلْمَرْءُ مِنْ أَخِيهِ * وَأُمِّهِ وَأَبِيهِ * وَصَٰحِبَتِهِ وَبَنِيهِ * لِكُلِّ ٱمْرِىءٍ مِّنْهُمْ,0
__ مش قصدي عليك يا سلامة,0
الله يعجل بزوال آل سعود #ليفربول #حياتي_هتكمل_ب #زاك_والنازي #الستات_مايعرفوش_يكدبوا #البورصه #عمرو_اديب #وادي_دجله https://t.co/XMLVkVuJy8,1
الجزيرة.نت: #وتبقى_مآذن_القدس تصدح بالأذان... #إسرائيل #القدس https://t.co/f4ebF4PaxH https://t.co/O9elqpn0tO,0
الكونغرس: الجمهوريون يعلنون تعديلاً لـ«جاستا» يعيد «الحصانة السيادية» https://t.co/67c1b6DhN7#عكاظ #الولايات_المتحدة #أمريكا #جاستا,0
تم تقسيم شعب مصر أخلاقيا احرار وشرفاء ومتسامحون ومؤمنون مع الشرعية والعكس بالاضافة لجهلاء واغبياء مع الانقلاب,0
ما رأي #حماس في مقابلة خليفة المسلمين أسد أهل السنة اردوغان مع القناة 2 الإسرائيلية التي تبث غدا؟ ألا زالت القدس تن… https://t.co/IcQzqIRSSU,1
بعد 11 عاما على اغتيال جبران تويني التحقيق يحفر في جبل https://t.co/EutnJDczXY via @Annahar,0
منعرف مين قتل جبران! رح نقاتله بالحرية. بالحرية وبس...#جبران_تويني https://t.co/KhKtsbqWZY,0
#القدس-شرطة #الاحتلال تعتقل ٣٠ مشتبها من مناطق شتى في البلاد للاتجار بالمخدرات,0
RT @Mima_RF: #افضل_طقم_لروجر_فيدرروفي الطقم البنك https://t.co/v9PfDMAZqq,0
1440 وحدة استيطانية جديدة في حدود القدسhttps://t.co/yio3hkBUwi#فلسطين #الاحتلال https://t.co/7Y9WYQnFkS,0
RT @sabqorg: بين لندن ونيويورك.. السعودية تبدأ مفاوضات لبيع أول سندات على المستوى الدولي Via @sabqorg https://t.co/pywUI1NTGU,0
فى لفتة جميلة من د عبد المنعم ابو الفتوح قام بالأمس بزيارة مفاجئه للمتطوعين فى مقر الحملة بشارع رمسيس,0
RT @aaww99d: #ترامب : لو أصبحت رئيساً #لامريكا سوف ارسل #هيلاري_كلنتون للسجن🏃🏽😂 #ثور_قادح 😅,0
كيري يهاجم #روسيا لدعمها نظام #الأسد.. ويؤكد أنّ #واشنطن لم تتخل عن مساعي السلام#امريكا #سوريا #بشار #السعودية… https://t.co/e8froEAkS6,0
أفضل تطبيقات أندرويد لهذا الأسبوعhttps://t.co/eP7pOPiyFo https://t.co/AAUqt7EqvD,0
ويندوز 10 بيعمل تقريبا كل حاجه بمزاجه والموضوع مخيف,1
الإرهاب خطر عالمي اعتاد أن يستوطن في مناطق تغيب عنها هيبة وسلطة الدولة ويحولها لملاذ له خلايا القاعدة وتيارات عنفية مختلفة ليست بعيدة عنا,0
"مصر منغيرك ولا حاجة ! "" "" و أنا من غيرها و لا حاجة """,0
حتى فى أصعب لحظات عمره لم يفشى مرسي اسرار خيانة سيسي ولم يقل شيئا شائنا ضد الخونة والقتلى,1
حبس الصحفي اسلام عفيفي بتهمة إهانة الرئيس امر مشين ومرفوض وهو أسوا ما يمكن ان يبدأ به الرئيس مرسي ولايته اين وعود الرئيس عن حرية الصحافة,0
أنتم كذابون وقتلة يسقط حكم العسكر هتاف رج قاعة جامعة سواس عندما بدأ النبوى الذى أوفده الانقلاب لتحسين صورته فى لندن وطردوه من القاعة,0
المجتمع الدولي.. أي دور؟https://t.co/EjK90MAROo,0
#السفير_الاحمد يشارك في أعمال الجمعية البرلمانية #الناتو المنعقدة في مدينة #اسطنبول https://t.co/tq7kjovsvP,0
RT @ahmedaitnews: تطبيق GIPHY CAM لإنشاء الصور المتحركة وتطبيق التأثيرات المختلفة عليها بكل سهولة#نصائح_تقنيةhttps://t.co/I8Fuywyuux,0
تبقى مناظرة اخيره بين المرشحين للرئاسة الامريكية. اظن بل اجزم ان الفوز سيكون من نصيب هيلاري كلنتون. والعلم عند الله لكن المعطيات تقول ذلك,0
اللهم أنصر أخواننا في حلـب وارحم المستضعفين منهم واجعل تدبير اعداءهم في تدميرهم وعجّل لنا بنصـرهم يارحيم… https://t.co/si8E0Z6aej,0
@BassamJaara على حساب ماأوت إليه الأحداث في حلب ،يوحي بأن هناك صفقة سرية مع موسكو واشنطون على تقسيم سوريا ،ودرع الفرات يكفي؟؟؟؟,0
"الانقلابيون قرروا العمل والاقامة فى محيط المطار عشان الى يلحق يهرب يعملها فور سقوط الانقلاب, غوروا فى داهية",1
@AtheerShawai عيناكِ : طروادتان ،شعركِ : ستةُ أيامٍ وسبعُ ليالٍ من الماء ،أنت : أسطورةٌ لا يعرفها أحد !#أحمد_الشيخ_علي,0
لكل من طبل وصفق و رقص و تحالف مع حرب فجر #ليبيا في غرب ليبيا من مدن و قبائل ممكن يسمعولنا صوتهم اليوم في اﻻضاع التى وصلنا اليها.#إفرازات,1
رضاك يارب #كلمتين_وبس,0
ضد الفساد مع باسم #ثورة_25_يناير #باسم_رئيسا_لمصر #انتخبوا_العرص,0
الصحافة العالمية ومحاكمة مرسي او جلوبو البرازيلية: مرسي متحديا ومعلنا نفسه الرئيس الشرعي الوحيد ويرفض ارتداء زي,0
#اليمن : بطاريات الباتريوت تعترض صاروخ بالستي اطلقته مليشيا الانقلاب باتجاه مدينة #مأرب اليمنية ..#السعودية #الحوثي_يخرق_الهدنة,0
@3ziz_mi0 @Alito_NBA ههههههههههههه,0
الاختيارات مش عاجبانى,0
النجمة #Beyonce اختارت لطفلتها الصغيرة #حقيبة من #Guccihttps://t.co/Q3m9MpNk7t#موضة #ازياء #اطفال#Fashion #Children #Bag,0
الفرق بين شجاعة طالبات الثانوي بالمحلة وجبن مسئولي التعليم ونذالة الاخوان هو ذاته الفرق بين مستقبل مصر وماضيها المستقبل قادم وسينتصر حتما,1
إنسان أيا إنسان ما أجهلك ما اتفهك في الكون وما أضألك شمس وقمر وسدوم وملايين نجوم وفاكرها يا موهوم مخلوقة لك عجبي! #صلاح_جاهين,1
"المزيد من النازحين و الفارين من شرق #حلب يصلون الى مناطق سيطرة #الجيش_السوري في ""#نقارين"" بمحافظة حلب والجهات... https://t.co/OjG7WmKTjK",0
الشباب المتأثر بالفكر الوهابي يحمل نوايا طيبة لكن ليس هذا حال القيادات تاريخياتحالفت الفاشية الدينية مع مع العسكر دائماً كما يحدث الان,0
RT @fed89erer: #مشهور_يستاهل_الشهره الساحر السويسري روجير فيدرر 🎾👌 https://t.co/mhpDDe6Smy,0
RT @MohannaAlhubail: من يتطوع ويبلغ مجلس الأمن ان البوذيين المتطرفين يمارسون الارهاب حاليا ضد القطط في اركانفدمها اهم من المسلمين لديهم…,1
رياضه المشي: يعتبرالمشي السريع كأفضل رياضة لمنطقة البطن، الأوراك والسيقان وممكن حرق 360 سعرة حرارية في الساعة #ريال_مدريد,0
هاري بوتر ؟ هاري بوتر.,0
#ميريام_فارس تأسر قلوب جمهورها بفستانها - للتفاصيل اضغط الرابط https://t.co/Obpgsr0RwG #الوطن_العربى https://t.co/1ghYjSJyK6,0
@heba3265 @EGYPTAIR اتصلي بالشركه هزقيهم,0
#دعوة_الصائم_لاترد اللهم أغفر لي ذنبي وأجلي همي وبدد وحشتي وأنر قلبي بذكرك وطاعتك وأجعل الخير مفاتح دربي والصدق نور طريقي,0
ستبقى #فلسطين عربيه منعواالاذآن في مساجدفلسطين فرفع المسيحيون في القدس الاذآن يدعون المسلمين للصلاة❤️تحيافلسطين حر… https://t.co/CsjMGe02GF,0
#ريال_مدريد يلعب كأس العالم والبرشا مع الاهلي السعودي هنا نجد الفرق بين أفضل فريق بالعالم والأندية الاخرى,0
@yezniahemiria نجحو بشكل جزئيمئات الالاف من القتلى العراقيين ومثلهم السوريين واليمنيين بالاضافة الى النازحين,0
__ #خلق_جميل احترام اي انسان فقط لأنه انسان مهما كانت ديانته,0
6 مميزات عظيمة يمتلكها #أندرويد ويفتقر إليها #آيفون .. ما هي؟https://t.co/j073rM2VVa@AppleSupport… https://t.co/CRGjahuUFh,0
"حكومة الاحتلال الإسرائيلي تطلق اسم الرئيس الأسبق شمعون بيريز على مركز ديمونا النووي، خصوصا أنه كان يعرف بـ ""أب... https://t.co/wvKLxBvRxG",0
@HichamHaddad57 @bisara7a @nadinenjeim ناطرين الحلقة على نار 🔥🔥 أكيد رح تكون حلقة ولعانة وكلها ضحك معك ومع عفوية وخفة دم #نادين_نسيب_نجيم 😍❤,0
@malak_alhusaini ملاك  ما ابي ايفون ابي بس تكملين لي المبلغ عشان اشتري لاب للجامعه تكفين مو قادره اجمع 😭💔💔,0
هم يتغزلون و انتي مثل بومه هاري بوتر توصلين الكلام https://t.co/lWEFPRK0tj,1
#اليمنية| #المليشيات تسعى لطمس المعالم الثورية في الأماكن العامةhttps://t.co/3ZcCfG1Fk8#التحالف_العربي_سند_اليمن#جنود_التحالف_سند_لليمن,0
#وليد_فارس يريد منصباً في مجلس الأمن القومي #ترامب #واشنطن  https://t.co/UQhTowSk28,0
"يحاول المؤلف ان يكتب شيئا يفتح المجال لما هو أعمق""الصدمات الحضارية""تجدونه بـ#معرض_الكويت_الدولي_للكتابجناح 35 https://t.co/M6TZ2MbdKc",0
#حماس تدفعها عنجهيتها لحتفها وستشتعل بحماس وأزلام أمنها النار التي أرادوا أن يخمدوها ولن يجنوا سوى العار والشنار والفشل الذي هو حليفهم.#وعد,1
كيسنجر: بوتين يحسب مصالح بلاده بدقة ويحميها بقوةhttps://t.co/IHDPMJAw2X#اميركا #روسيا https://t.co/sec5U1YdRu,0
كيفية الغاء كورتانا المساعد الشخصي في ويندوز Windows 10 https://t.co/iokRWdXste,0
نادين قالتلى هجبلك ايفون في عيد ميلادك ✋✋ و انا بصدقها 😂😂,0
عبدالله السلمان مال الخطر معاهم يخرج احسن منّك #ارحل انت الآخر,0
@nadiem_suliman بكرا يقتلوني في صراع بوكيمون وتتمنى انك ما زعلتني,0
ههههههههههههههههههههههههههههههههههههههههههههههههههههههههههههههههههههههههلا بس اضحك ع الي يقول ديبالا خليفة ميسي,0
@sarraht_ قصدك خبره ف اجهزة اللاب توب ولا نظام ويندوز 10,0
@samar11220 هههههههه الكورد استقبلوا النازحين العرب السوريين أكثر من السعودية الشمطاء غرب كوردستان سوريا تحتضن أكثر من مليون نازح,1
"قناة NBN/ عسكريون أتراك في ""#الناتو"" يطلبون اللجوء عقب محاولة الانقلاب #NATO #Turkey - عبر نبض @NabdApp https://t.co/w2fbiIvLWx",0
RT @saudi_sniper1: #داعش الله يحط حيلهم بينهم#صنعاء,1
سهرتنا الان مع الزعيم #عادل_امام فى فيلم #بوبوس ، نتمنى لكم سهرة سعيدة #روتانا_سينما https://t.co/fn66ZDXKOS,0
روسيا ترد على عدوان الناتو بأسلحة تفوق سرعة الصوت   https://t.co/lK0YKF4rmF,0
الوالدة لو اقولها بخاطري حشيشة تضحك بس من اقولها ملل الله وكيلك تعطيني محاضرة عن الفسق والفجور بجنوب الشيشان #ليه كذا يانبع الحنان,1
"صحيفة عاجل الإلكترونية/ ""الناتو"" يعترف: دربنا مئات الضباط العراقيين في الأردن #الناتو #العرا ... - عبر نبض @NadApp https://t.co/TM6eXFAGqy",0
#كيري وعسيري#جداليهود واحد,0
"المذيع المحترم بتاع مصر ٢٥ بيقول فيه مظاهرات في شبرا بتهتف ""بالطول بالعرض حنجيب الاسلام الارض"" ثم يتسائل ما دخل الدين في صراع سياسي",0
@llsooma اخص يا جستن بيبر 😎😂,0
#أنقرة : منع الأذان في #القدس أمر لا يمكن قبولهفي حالة الحجب : https://t.co/yBNIBQPy8mhttps://t.co/OWjRnIqcyd,0
@Sajen21 نهائي 2011 فيدرر😩❤️❤️,0
@soft2nice لن يفهم هؤلاء ان #بنغازي لن تركعوان اصرار رجالها يزداد وعزائمهم لن تنطفئ جذوتها أبداًومهما خسرنا فانه لاشئ امام هذه التضحيات,0
الى من يعتبر الاخوان سلميين شاهد الان ضحايا اعتداءات الاخوان الوحشية على الابرياء في بين السرايات مع الاستاذ وائل الابراشي اخوان مجرمون,0
RT @ahmed_al3esa1: هل تؤيد تقديم الإختبارات النهائيةوتكون في شهر شعبان بدلاً من شهر رمضان ..؟نعم=رتويت+منشنلا=مفضلةالتصويت مرتبط بحسا…,0
تأكيد المواصفات الرسمية للهاتف نوكيا D1C العامل بنظام أندرويد https://t.co/elX39Cr1qO,0
التعليم في مصر ولله محتاج يتدمر من القاعدة ويتعمل له اعادة تدوير #كلام_و_كلام #يوسف_الحسيني #السادة_…,0
فيديو| المستشار القانوني للفريق #أحمد_شفيق يكشف خطواته القادمة بعد العودة لـ #مصر https://t.co/IP63Z17R1n,0
RT @2222yazid1: #شرك_الرافضه_في_عاشورافي عاشورايبكي الشيعه يلطمون  ويتلاطمونو يصوم اهل السنه ويستغفرونالحمدلله على نعمة الاسلام والع…,0
الواد احمد الشيخ شغال زى النحلة يا جدعان مبيقفش ما شاء الله  مش ممكن والله كدا,0
ازاى ملكش دعوة بلبس البنت البنت اللى بتلبس لبس ديق هى اللى بتتحرش بالراجل,1
بعد تسمية #ترامب الأشخاص القادمين لقيادة المناصب القيادية في #أمريكا انكشف سر من أسرار محاربة الإعلام الغربي لدونالدhttps://t.co/xVmaZKxBPJ,0
إذا كُنت تقضي ساعات طويلة على الحاسوب لديك فرصة للعمل مع جوجل بغض النظر عن درجاتك الدراسية,0
شاهد - آخر كلام: إضراب عمال النقل العام #,0
المتهم بإزدراء الأديان (مع التحفظ الشديد على سبب الإتهام) ياخد حبس وكل من قتلوا الشهداء ينعموا بالبراءة عدالة عدلات,1
#تخيل إنك أعمى ؟ أو مكفوف ؟ لا سمح الله أكثر الناس راح يقدرون النعمة إذا فقدوهآ ! #حقيقه,0
RT @QablQalel: فيديو.. دمار حي المشهد في #حلب جراء الغارات الجوية الروسية.. .#سوريا #Syria #روسيا https://t.co/bIRcyeyY6e,0
@a_azraeel وازيدك من البيت شعرا في سويعات اخرجتم فتوى بقتال الجندوانهم خوارج!بينما الامريكان احتلوا ريف حلب الشمالي فلم نسمع لكم كلمة .خونة,0
يا شعب مصر العظيم أيها القائد والمعلم ؛ كم أنا فخور بشرف الانتماء لك,0
RT @jwadallil: تقرير: شخصيات_عربية_هزت_عرش_إيران وقضت مضاجع حزب الله.تعرف عليهم https://t.co/lUdavL5Qjn! https://t.co/xDyogMPBvk https://t.…,0
RT @drnoursalem: أنا عارفه بوكيمون أيه ده إلي بيدورو عليه 😏دنا بمسح إيدي في الكنبه عشان مكسله أقوم اغسلها 😂 https://t.co/C8NpIJddX3,1
وكما ادخل المجلس العسكرى نفسه دائرة الشبهات فإن اللجنة قد وضعت نفسها بهذا القرار فى مرمى السهام، اللجنة والمجلس وجهان لعملة واحدة,0
RT @bshaeir3: - دخل ضد تايلاند وتسبب ببلنتي الانتصار .- دخل ضد العراق وانقذ هدف محقق 100٪ .- دخل ضد الامارات و فك المباراة بصاروخية . ي…,0
RT @abuabdalwahab15: مصر تشيّد جدارا أسمنتيا لتأمين حدود إسرائيل وتشديد حصار غزة    https://t.co/nq7SIWMNJ2 via @Arabi21News : هذا السفاح م…,0
RT @Shevo_22: الفيديو بتاع فورهاند فيدرر في الجراند سلام يحببك في التنس لو انت مش بتتفرج ما بالك اللي بيحبو التنس زيينا,0
"RT @ishawky_: الأرجنتين لا تساوي شىء بدون أحسن لاعب في المجرة ""ليونيل ميسي""",0
عارفين يعني ايه للعدالة وجوه كثيرة!! يعني #كله_ماشي :(,1
اقوى واحد والله 😂❤️😍#mannequinChallenge https://t.co/Iv3lf9A2CW,0
#واشنطن: الكويت وسّعت فجأة صفقة مقاتلات «إف - 18».. كانت 24 مقاتلة وأصبحت 40 بزيادة 7 مليارات دولار#الكويت,0
"RT @hadeelOueiss: ""اذا فزت فسأرمي بمنافستي في السجن "" ليس السيسي او بشار الأسد بل المرشح لرئاسة الولايات المتحدة الأميركية دونالد ترامب.",1
اللي زيها مره ف العمر تلاقيه  #اليسا ✨💜. https://t.co/FbCeaRzWS9,0
إذا تصفحت موقع أمازون يجيني أرق أمر بحالة نفسية صعبة قسم بالله ، ياربي متى أشتري الموقع هذا🙍🏽؟,0
انا مش فاهم واحد عنده اكتر من عشرين الف متابع لمجرد انه حاطط صورتي و محور في اسمي ريبورت و سبام من فضلكم,0
ترحيل المصريين الذين اجتمعوا في الكويت بطريقة سلمية هو أمر جائر أدعو إلى عودتهم من منطلق إنساني,0
ميسي عبر الإنستغرام ينشر صوره يشاهد بها مباراة الأرجنتين vs البارغواي: كل شيء جاهز ... ڤاموس أرجنتينا 💪💪💪 https://t.co/IJgaKhYHOW,0
واحد يسيب جوجل علشان يمسك شركة كريم و يعمل البيزنس بتاعه .. دا واحد مجنون فعلا و عنده تحدي ان لازم يعمل حاجة لنفسه مش لازم يكون موظف دايما,0
@slo0om3000 @abdulSM7 @AjelNews24 جبهة النصرة هي المعارضة السورية التي تدعمها المملكة اما داعش خلية ارهابية حاول تفرق يا حمار.,1
"#روسيا و #الصين تستخدمان ""#الفيتو"" لعرقلة هدنة في #حلب لمدة 7 أيام.------------------استخدمت روسيا والصين حق... https://t.co/GJoQMw8OIn",0
LIVE on #Periscope: بث #مباشر!مؤتمر صحفي ل #لافروف و #ياغلاند. #روسيا #مجلس_أوروبا https://t.co/OYwz27tC8O,0
الاحلام ممكن تتحقق ...#عادل_امام#الزعيم,0
اختراعات بسيطة وسهلة التنفيذ فى المنزل عمل بلاور هواء https://t.co/s7IhIOezb2?UM3dT #مهرجان_القاهره_السينمايي #المغرب,0
والمصحف مرتضي منصور بيتلكك لميدو #زمالك,0
RT @saadalbreik: #سعد_البريك_يزور_حسينيهكذبوا علينا لأننا لم نوافقهم في تأييد السيسي وعداوة أردوغان فلن نقول ماقال بعضهم⬇️ ولن نفتري على…,0
بطلبٍ من #هشام_حداد.. #رامي_عياش يحقّق حلم لين حايك https://t.co/xH63acQjcr @HichamHaddad57 @RamyAyach,0
كابوس متى ينتهى,0
@MBCinaWeek وبعدين وش ذالمواضيع اللي جايبينها خروف وخروف الين صار الأستديو كله برسيم فشلتونا امام الاعلام الغربي واعلام العدو,1
«#كيري» يخالف القوانين المغربية أثناء زيارته مراكشفي حالة الحجب : https://t.co/wJ7JC68PDOhttps://t.co/kkMzXzClZf,0
قوات #الاحتلال تعتقل شابا من مخيم شعفاط، وتصادر سلاحا من منزله، الليلة الماضية.,0
RT @dr_zayedalamri: #العراق٣. نوع الروابط التي تربطك بها ايها العراقيون الاحراراليس فيكم رجل رشيد ؟👈مجرد آمال ان يعود العراق حراً أبياً ي…,0
اغنية بيونسيه ليسن مب راضيه تطلع من راسي جي فجأة قمت اغنيها وبلعومي عورني من الصوت الخايس اسف بيونسيه,0
لما تتأسف وتعترف بغلطك دا شيء إسمو #خلق_جميل,0
التغطية المصورة لعزاء ليلة ١٧ صفر ذكرى استشهاد الإمام علي ابن موسي الرضا ع ١٤٣٨هجريةالرادود أحمد الشيخ... https://t.co/l26dF50NGx,0
الشيدرات الجديدة 🔥#ديستني #دستني #destiny #the_dawning #Christmas https://t.co/DLDDcorfPC,0
تحسبهم جميعا وقلوبهم شتى فهم لا يتوحدون إلا على قمع حريات الآخرين فقط,0
#لو_ده_جنان_إتجنن لما تشوف واحد بيعاكس واحده روح اعمل اخوها,0
#مها_ناجى: هدفع الضرائب بس لما ادخل مستشفى حكومى هتعالج ؟ .. #عمرو_اديب: لا .. هتموتى #كل_يوم | #ON_Ehttps://t.co/nIxDNrddQR,1
"بهدف قاتل في اللحظة الاخيرةفالنتين ستوكر يحسم قمة سويسرا المجر"" لبلاد روجيه فيدرر""",0
تركيا: لم نبرم أي صفقة سرية مع #موسكو بخصوص #سوريافي حالة الحجب https://t.co/s1UH2R3Hno https://t.co/dbeb4qlFIZ,0
وزراء  خارجية تركيا و روسيا و ايران سيجتمعون غدا في موسكو للبحث عن مخرج للازمة  السورية  https://t.co/u6Jujwff4m,0
#اليمنية| مبادرة “ #ابتسامة_أمل” تنظم احتفالية باليوم العالمي للطفل بـ #التواهيhttps://t.co/jYYiwl12FZ#التحالف_العربي_سند_اليمن,0
موقع لمعرفة جميع الأوامر الصوتية في غوغل ناوhttps://t.co/GwHA7sVJ0F,0
توقعات ظهور الركاميات الماطرة على أنحاء متفرقة من مرتفعات #جازان #عسير #الباحة #الطائف #العيص مرتفعات #اليمن… https://t.co/c1zIWbky1l,0
RT @samansabz10: #إيران:التربويون يحتجون في #اليوم_العالمي_للمعلم على وضعهم المعيشي البائس.#الاحتجاجات https://t.co/Kd0l9i1ivs  https://t.c…,0
حلبالنصر على #الإرهاب هو نصر للإنسانية جمعاء وليس في #حلب الشرقية فقطو #الجيش_السوري سطر بطولات أكبر من #صلاح_الدين#سورية#روسيا#إيران,0
#تقرير | غزة - تحت شعار إنهاء الإنقسام المعاهد الأزهرية تحيى ذكرى المولد النبوي الشريف- محمد أبو حطب - https://t.co/c3tO1cl2hA,0
شاهدي أبرز تساريح الشعر في عرض غوتشي لربيع وصيف 2017بالصور https://t.co/jn4AahXTrt https://t.co/yvuDG1i6gM,0
نيكي اخترعت ال #MannequinChallenge 😌😂😍 https://t.co/gCjOXWDJnd,0
@EGYPTAIR  ده مال عام على فكرة و حقوق ناس#رحلة_باريس_المتأخرة#انعدام_المهنية#قال_عاوزين_سياحة_قال@M_Kamal90 @amrmsalama,0
#لافروف: واشنطن سحبت اقتراحات كيري حول #حلبhttps://t.co/1VBi4ggaVp#سورية #سوريا https://t.co/zhzN9EpN4z,0
لسه يا كلب لسانك طالع لسه بتخطف م الشوارع #طلعت_حرب,1
لعبة الهواتف الذكية #SuperMarioRun واللي نزلت على أجهزة ال #IOS تتخطى لعبة #POKEMONGO بعدد مرات التحميل!جربتها ؟… https://t.co/5Ds31f2QwP,0
كيفية إيقاف إعلانات التطبيقات في ويندوز 10 https://t.co/1jsuoL9oqZ by #zppq123 via @c0nvey,0
"نهنئ الدكتور عبد المنعم أبو الفتوح بتأسيس حزب ""مصر القوية""، وندعو له بالتوفيق وبأن يكون هذا الحزب خطوة نحو بناء",0
RT @a_m_k000: على هذا القياس الفاسد يأتي من يقول لماذا لا نتعامل مع القاعدة ومع داعش https://t.co/EHujPYh4u6,0
RT @s_a_i_f_87: التلميذ ليونيل ميسي يتابع اسطورته فهد المولد https://t.co/6pLcCwLggE,1
RT @rahafkasem2019: ان شاء الله يا #بوتين انت و#بشار_اﻷسد بتروحو فعس ومعس ودعس وبتجيكون جلطة تسكر الشريان اﻷبهر متل ما قهرتونا😔#HolocaustA…,1
Gucci _ Gucci هو من أطلق ماركة غوتشي وذلك عام 1906 حيث بدأ بشركة صغيرة تصنّع الجلديات ليطلق… https://t.co/QAI4cAMeis,0
تحية لصوت القلم في ذكرى استشهاده #جبران_تويني,0
#اليمنية| تعيين #عبدالواحد_الدعام عضواً في مجلس الشورىhttps://t.co/3vJFX4rysH#التحالف_العربي_سند_اليمن#جنود_التحالف_سند_لليمن,0
د/عزمي بشارة يقدم تحليلا معمقا لظاهرة صعود اليمين المتطرف في أمريكا وأوروبا ،وتأثير ذلك على المسلمين.https://t.co/e5AR6Prpq3@AzmiBishara,0
مصر مدرسة القمع الحديثة ولهذا ينتشر الضباط حاليا فى المدارس,1
@malak_alhusaini ملاك تكفين ابي اسدد لجامعه قميته ١٩٠٠ 😭😭💔 م ابي ايفون لا شيء بس ابي اكمل دراستي,0
آمين من هنا للعشر الأواخر أنا في ديك الساعة يا جميل انت عارف محبتي واعجابي,0
أشعة الرنين تثبت سلامة ركبة أحمد الشيخ #الرنين #سلامة #الشيخ https://t.co/5TGCgiIQJS https://t.co/2xnPbCiF4n,0
تركيا وروسيا يهدمان بنيان الجهاد في الشام؛ روسيا تهدمه بسياسة اﻷرض المحروقة،وتركيا(وهي اﻷخطر) تهدمه بالتفريق بين المجاهدين.,0
#الناتو: #روسيا تسببت بقتل مئات الاف السوريينhttps://t.co/qvUhEhdlUB,0
على الخارجية المصرية تحمل مسئوليتها والعمل على الافراج الفورى عن الصحفية شيماء عادل المحتجزة فى السودان ،كرامة المصريين أهم من رغيف العيش,0
العملية نسر لم تفشل النسر هرب مع طائر النهضة عشان يتجوزوا عرفي و راجعين,1
ثانية واحدة مش فى ناس بتقول ع #باسم متأمر وخاين وكده طب اتخيل كده لو الحاجات اللى بيهاجمها انتهت زى تطبيل الاعلام وكده مش #مصر هتبقى احسن,0
انا بحترم وبحب فريق #كاريوكى فهما على الاقل اتكلموا بطريقتهم الى هى الفن فى وقت سكت فيه مشايخ ودقون ناس بترقص وناس بتموت,0
بقالي سنين مكسله اكتب في جوجل ايه هو مشروع ليلي ؟مش عارفه ليه مش عايزه اعرف,0
في هذا العصر الأسيف هناك من يقول ان القذافي ثائر مسلم مؤمن ك فيديل #كاسترو الثائر الكافر!لا تخرج قبل ان تقول تفه... https://t.co/tSwdFtWWP1,1
مقتطفات من كلمة السفيرة ميشيل سيسون عقب إستخدام #روسيا و #الصين الفيتو ضد مشروع قرار يدعو الى هدنة إنسانية في #حلب:… https://t.co/guBWzOSTrV,0
RT @Normality77: جوني ديب يقلد دونالد ترامب 😂😂 https://t.co/tBx6r4bHhx,0
#ستبقي_حلبحره ✋👌 باذن الله,0
لافروف: نأمل أن يتيح الاجتماع الروسي الإيراني التركي في موسكو إحراز تقدم في تسوية الأزمة السورية أعرب وزير... https://t.co/LHpnwCRtj1,0
مقدر إن الشغل بيخليك تتفرج على الداعية الشرشوحة شتايمه بتوصلني من صحابيأنا أحب أضيع عمري في حاجات لذيذة مش قميئة,1
@Jerom007_ بوب ديلان افضل مغني كانتري,0
و لعل أسوء ما في هذا اليوم غيابك يا #باسم :-( = =,0
"وين سارح؟ فاقد الإحساس واضح كنت ترسم ما كتبت وكانت عيونك ""مسارح"" كان يا ماكان،فيك الشوق فاضح #سري",0
كان حلم حلو فى اوله شوقنى انى اكمله  #25_يناير,0
وزراء خارجية روسيا وتركيا وإيران يلتقون غداً في موسكو https://t.co/ynQRpa7Imv,0
ما عرفنا بالهدنة الا من الاخبار التي تتحدث عن الخروقات!ربما كان الاجدر رفض هدنة #كيري! كما رفضت مبادرته المشؤمة !,0
بالفيديو: ريكي مارتن يطلب يد حبيبه السوري https://t.co/CGsGO6Vh5g,0
"من كثر التحلطم اللي يسري بدم الكويتي حتى إذا شاف سيارة مكتوب عليها "" ما شاء الله"" #لازم يقول : شدعوه عندك فراري عاد",1
شكرا إن حضرتك دورت على المعلومة واقتنعتأنا ليس لي مصلحة وأكتب مايرضي ضميري والعلم عند الله,0
الماظة:لابد من معايرة العدادات وتوحيد التعريفة لكل القاطنين،التقديرات الجزافية ظلم ولابد أن تتوقف,0
#مصر_الليلة فياض: الانقلابيون فعلوا ما لم يفعله كفار قريش عبر,0
"استفدت كتيير اوي من حلقة انهردة معلومات اول مرة اسمعها بارك الله فيك ^^ #مصطفى_حسني على طريق الله "" روح العبادة """,0
صورة مسربة لـ ويندوز فون 10 توضح شكل الأيقونات الرئيسية https://t.co/KYJf14XzXg,0
#صورة: اقتحام مقرات لحركة #أحرار_الشام الإسلامية و #جبهة_النصرة في منطقة #حارم بمحافظة #إدلب من قبل متظاهرين غاضبين… https://t.co/eE9U3o0dS5,0
#هل_تعلم  أن #حلب قادت مدن الشام ضدالدولة العبيدية الرافضية اليهودية والتي جردت الجيوش لإحتلال الشام خلال أكثر من نصف قرن#ستبقى_حلب,0
RT @FraihAlanzi: كل قطرة دم برقابكميا…أحرار الشاميا…جند الأقصىيا…ثوار #سوريالم تعد ثورتكم ثورةبل مقاومة مُحتلإنكم أمام إحتلال روسي…إي…,0
قائمة الأكواد المخفية في اندرويد https://t.co/s7BDUACi4e#اندرويد #هواتف_اندرويد https://t.co/DUNfw9bVZ7,0
المصرى احسن واحد تزنقه فى الوقت يشتغل! #اه_والله,0
@movies_popcorn هذا فيلم هاري بوتر الجديد,0
@ggpuiii مثال لو تحارب روسيا ومريكا وقتها ينقال المثل ذا😂😂😂,1
RT @R6QviJeyWTdlShI: يَوما ما سَنسقي ياسمينْ الشَام في سُوريا منْ نهر دَجلة والفراتْ بالْعراق وتَهدأ مَصرْ ونَدخل الاقصى آمنينْ تضللنَا htt…,0
#كورتولموش: على المجتمع الدولي ضمان إجلاء المدنيين من أحياء #حلب_المحاصرة من قبل النظام السوري والتنظيمات الأجنبية… https://t.co/wnAfmyn92S,0
بقرادونيان من بيت الوسط:  https://t.co/IWEeMhGt5B,0
@mdana704m @ri23936372 مو موضوع لحيه رونالدو كشكل ناعم مرا كنه بنوته الغريب ريكي مارتن اعلن خطوبته من هذا السوري https://t.co/ATZaT7HBfD,1
..كوريا وديبالا. أغويرو دعه يعتزل ياخي واذا رفض ميسي ومانع تخلص من ميسي . لكن الاتحاد يمنعه لان ميسي يتحكم بهم كلنا نعرف ذلك.يتبع,0
RT @HiaOnline: #جوجل تطلق #تطبيق #Allo على #أندرويد و #iOS#تقنيةhttps://t.co/t3OHLFhp97,0
ي جماعه اللي عندو خبره ف الكمبيوتر.. انا عندي ويندوز 10.. حاطط باسورد كتابه من زمان اوي..  وكنت بستخدم اللي هوا باسورد الصوره ده..,0
#هتحبك_لو احترمتها فى وجودها او غيابها ;),0
#لبنان #فلسطين #إيران #حزب_اللهالسؤال الواجب طرحه هو اي مرجعية اتخذت هذا القرار؟من يقرر مثل هذه المسائل الأمنية؟… https://t.co/dv6wmIR3H0,0
الإبتسامه لم تفارقها حتى بعد موتها اللهم تقبلها من الشهداء أسماء صقر,0
بقايا #Vardah متحرك من #طقس_العرب اخر ٤ ساعات وتضرب سواحل الصومال @Zeyad_jehani @s555180 @NajranWeather https://t.co/dpkTChyWHy,0
#علامات: من علامات موت القلب عدم الحزن على مافات وعدم الفرح على ماهو آت,0
@elsheikh_22   هدف أحمد الشيخ بقميص ريااااال مدريد😉😂😉#أاإآبن_البلد_اللي_مشرفنا #شيخوؤو⚽⚽⚽ https://t.co/HP5BnWPhyV,0
مسحوا جرافيتى محمد محمود مسحوا حكاية ابطال ثورة يناير للاسف منهم اغبياء وجهلاء ايدوا 30يونيو,1
فوائد الإلحاد مقال كتبته منذ فترة في الشروق و تعرضت فيه لمغبة التنفير من الدين على يد من يتكلم بإسمه,0
لن تأخذ سوريا قصراً ، لن يرجع للعرش يزيد ، فالشام حسمناها نصراً ، لو يسقط مليون شهيد ..يا جنود المنتظر ... انتم حزب الله,0
ممكن تكون ضد مبارك ومرسي ممكن تكون مع مبارك ممكن تكون مع مرسي ،، بس الاكيد كلنا لازم نكون مع المساواة والعدل أما…,0
اه نوال الزغبي عالمية و الشب خالد مش عالمي 😏 https://t.co/1OnjeF8vOV,0
مشربتش من نيلها؟ طب جربت تغنيلها؟ جربت فعز ما تحزن تحاول تولد فأمريكا عشان الواد ياخد الجنسية؟ #شيرين #نفاق,1
@elissakh #اليسا نجوميتها يصعب الوصول إليهــاااا 🤚🏻😌,0
@sul535 لاحظ صعود اليمين المتطرف في كل الدول الاوروبية هذا هو الوجه الجديد لاوروبا,0
#جوجل تتحدّى #أبل و #سامسونج عبر #هاتفها_الذكي الجديد  https://t.co/E4NKUKkpAY  #تكنولوجيا  @ChababsTweet https://t.co/SweCEEBw9q,0
الفيتو الصيني الأخير في مجلس الأمن .. ما وراءه؟https://t.co/twMtIAZGAa#سوريا #الصين https://t.co/LToNko06Rq,0
ي قلب لا تعشق مليحاً واحدا ، تحتار فيه تدللاً و تذللاً واهوى الملاح جميعهم تلقاهم إن صد هذا كان ذلك مقبلاً *~ #بالعربي اقلب فندق ههههه,0
عاجل | https://t.co/bQaBXsdsyF: الحريري التقى جنبلاط في بيت الوسط,0
#ماذا_لو_المدارس_مختلطه☇ماسلمنا بدون إختلاط  ...!!!🚫فكيف راح يكون الوضع مع الإختلاط  ....!!!,0
4 عروض فلكية رفضها #نيمار من أجل #برشلونة - للتفاصيل اضغط الرابط https://t.co/UYtlbpvpPb #الوطن_العربى https://t.co/vNXOq1oKQH,0
أبرز نشاط للانقلاب تطهير مصر من العلماء والاحرار والشرفاء والموهوبين والمتفوقين فى الجامعات والمدارس,1
#مبارك راجل كويس واﻻخوان اعدااااالم على طول الخط,1
مفيش #باسم :(,0
اعطوني حظ تشيلسي و ريال مدريد و محمود شفيق محمد مصطفى و سوف احكم العالم-عبد الفتاح السيسي,1
كل هذه الميليشيات ووراءها حكومات وميزانيات وجيوش ثلاثة دول (لبنان وسورية وإيران) ، وخلفهم قوى عظمى من الشرق... https://t.co/wh08CeYTFS,0
"إقالة لبيب السباعى من الطب الشرعى وتعيين د إحسان كميل جورجي بدلاً منه"" الى مزبلة التاريخ وشكرا",1
RT @D_abdulrahman1: مناكفة سيسي للملكه بشأن سوريا ومساندته القويه لبشار والعدوان الروسي وخذلانه في البمن يؤكد أنه جزء من مشروع تقسيم المنطق…,0
"""لافروف"" يحذر أمريكا من ""لعبة خطيرة جداً"" في سوريةhttps://t.co/G3QcTX4zI3 https://t.co/0uEyGYm3mn",1
RT @hotlain: على الإسلام السلام ، إذ بُليت الأمة براع مثل يزيد ' لعنة الله عليه وعلى كل من ناصره ورضى واعتذر له بما فعل ' الحسين بن علي,0
#ماذا_لو_المدارس_مختلطهماقدر اقول انه مرة بيكون مافي فساد لا في فساد بس اعتقد بيكون اقل من اللي صاير الحين بكثير الكثير,0
بالفيديو - مشاجرة في عزاء #محمود_عبد_العزيز بسبب #عادل_إمامhttps://t.co/3P8bE3PmN1 https://t.co/CCXsqQC8bT,0
أبو الفتوح : الأنفلات الأمنى صناعة ولكن علينا مساعدة رجال الأمن الشرفاء على القيام بواجبه,0
@saz1931 @UAE_Karak لو تحطون غوغل ماب له يمكن امر اجربه دام ٢٤ ساعة انا مااشتهي جباتي الا انصاص الليالي,0
RT @TheEmperor__: فيدرر × نادال ،، ويمبلدون 2008 #افضل_مباراة_تنس_شاهدتها,0
انا مستعد للقيام بأي دور لخدمة الوطن حفاظا على التضحية التى قدمها الشهداء وحماية لمطالب الثورة,0
وراحت الايام وشوي شوي.. سكت الطاحون عا كتف المي ... وجدي صار طاحون الذكريات .. يطحن شمس وفي. #فيروز,0
@how2buyonline كيف اعرف شركات الشحن اللي بيشحن عليها امازون اذا طلبت طلبيه يقولي الشحن المباشر يعني وش مافهمت هالجزاء,0
#فيسبوك توقع رسمياً مع طرف ثالث وذلك لتأكيد صحة الأخبار المنشورة عبر الشبكة وذلك تفادياً للإشاعات ويكون الفيسبوك ذو… https://t.co/ltFjKgK92D,0
@malak_alhusainiاختي ملاك امي معاها ايفون ٤ ودي اشتري لها ايفون ٧ ودي افرحها ولا اذا تبيني اصور لك الايفون حقها ابشري 😿,0
عندما يفجر او يقتل شخص مسلم يؤجج الاعلام الغربي ويلصق ماحدث بدين الاسلاملماذا لا ينسب مايقوم به الروس للنصرانيه..,1
يوسف الحسينى يسب السعودية لقطعها المساعدات عن سيسى: يا شحاتين ياارهابيين احنا يا ما اديناكم رز ومحدش حماكم غيرناhttps://t.co/JejrzcCTPa,1
"لمستخدمي ""اتصال الفيديو"" من ""واتساب""...حذار أن تقعوا ضحية https://t.co/RX66ktqBWo #سبوتنيك #فلسطين #القدس",0
3 تطبيقات ويدجت مفيدة لمستخدمي أندرويد https://t.co/MYV5YAklwJ via @aitnews,0
اللى بيتولدوا وبيعشوا فى العواصف 💪 ما بيخافوش من الريح 👌 ✊#مشتاق_اسمع_جمله#عادل_امام#كلمه_لحبيب_قلبك#حب_أعمى#ولسه_يامصر_هشوف_فيكي,0
_ 0 مش عيب تكذب؟ عمري ما عملت ولا هعمل بلوك لحد لا تمدح نفسك,0
@ch_cake يجاهدوا و يتعاطفوا مع التنظيمات (الثورية المعتدلة) زي جبهة النصرة و مجاهدي الشام و محاربي بلح الشام ... الخ,0
RT @naizaktv: فيه بعض الطلبات أتتني لترجمة مناظرة هيلاري كلنتون وترامب اللي كانت اليوم وصعب ترجمتها كاملة لكن هل تؤيد ترجمة بعض المقاطع منه…,0
#اليمنية| محمد علي #الحوثي يزور #عمران لحشد مقاتلين جدد في صفوف جماعتهhttps://t.co/IecLpb4DbJ#التحالف_العربي_سند_اليمن,0
RT @WaleedMjd: وزير خارجية مصر: هناك تباين بالرؤية بين مصر والسعودية حول ضرورة رحيل بشار الأسد، وأن الأمر منوط بالشعب السوري. https://t.c…,0
"RT @alkhames: وقع أردوغان وبوتين اليوم اتفاقا بشأن إقامة خط أنابيب غاز باسم ""التيار التركي"" عبر البحر الأسود، لنقل الغاز الروسي إلى جنوب شر…",0
أوباما أو أمريكا تدمر العرب والله يبعت من فوق يهدم البلاد كلها ب العواصف أو هزات أرضية وووو ....  سبحانك ربي,0
تتابعون الفيلم الأجنبي The Three Gifts الآن على شاشة #LDC#Christmas #ChristmasOnLDC #Christmas2016 https://t.co/HjbJeJnhWb,0
#متابعات : الرئيس السوري بشار الأسد يقول إنه لا يمكن للجيش السوري أن يحارب المجمو... https://t.co/dVTd2QFuQP #الميادين #يكفي,0
#معلومة_بسيطة#التحميل من #جوجل بلاي بسهولةمعظمنا يعاني من مشكلة الحظر الذي تفرضه غوغل على بعض المزودات السورية... https://t.co/DaKlCwiz6j,0
#إسرائيل تعتقل 31 فلسطينياً وجيشها يداهم منزل منفذ هجوم #القدسhttps://t.co/LciuNtToog#أخبار #البوابة https://t.co/mKrofSY2lM,0
عمرو اديبشويه يمدحشويه يخبتلو حد نزل امام سيسىهتعملوا ايةهننتخب السيسى يا عين امكاستلم مصر خربانهنجحالسيسى عمل معجزة بكل المقايس,1
_: عاجل: القضاء الإداري يقرر وقف الانتخابات البرلمانية، وتحيل القانون إلي المحكمة الدستورية,0
@E__Alqahtani انا شدخلني ببريطانيا كل دولة لها قانونها. فرنسا دولة عظمى و من اقوى دول العالم وتمنع النقاب ومحترمين قانونها. خل يحترموننا,0
أندرويد 7.1 نوجا – الميّزات الجديدةhttps://t.co/AZOBvWfUeK#تقنية#نصائح_تقنية,0
الفرق بين الداعية الديوث والشرشوحة خالتي فرنسا أن خالتي فرنسا تابت ولم يكن لها الحظ بالعمل في تقديم البرامج الدينية,1
"@HDina13 @YorgoElBittar روح على غوغل وعميل بحث ""صخرة الروشة"" وشوف بعينك انورما كانرفيه علم لبناني بي ولا صورة!",0
@Shevaalshreef مافهش يا نصي ميسي هوه لارجنتين عليا طلاق كلهم نجوم علي لابيض,0
#كل_يوم قهااجاباتاساڤوعاش يا #عمرو_اديبارجع لي ابو قديمو,0
أطلق تطبيق فيسبوك ماسنجر تحديثًا جديدًا اليوم وهوكاميرا داخل تطبيقها لسهولة الاستخدام كما تضم مؤثرات خاصة لجعل المح… https://t.co/4chErCsalJ,0
RT @AJArabic: قيادة التحالف: أحد الصاروخين اللذين أطلقتهما قوات علي عبد الله صالح ومليشيا الحوثي كان يستهدف مدينة الطائف السعوديةhttps://t…,0
"ترامب شخصية لا تصلُح لرئاسة دولةالرجل لايملك كاريزما""  الرؤساءاما هيلاري كلنتون واضح انه (بنت رجال ) وعندها نز… https://t.co/mvCjakWd15""",1
هل يعرف أنصار شفيق القراءة ؟ الأسواني دعا لجبهة مع مرسي بشروط الثورة فلما لم يستجب الاخوان دعا الاسواني الى مقاطعة الانتخابات الادمن,1
#مصر | مشاهير ونجوم الفن وسياسيين يشاركون في عزاء الفنان الراحل #محمود_عبدالعزيز ، و #علاء_مبارك و #عادل_إمام أول … https://t.co/QMhkQR2bb4,0
الى الاخ خبير عسكري يبدواوانك فهمت التغريدة بشكل خاطيء انا لا اتحدث عنك بل عن ان هناك اغبياء يغريدون انها اتفاق بين… https://t.co/2jwWh3nhB2,0
"""الطيران الروسي يشن 13 غارة على مدينة #داعل بريف #درعا #سوريا ""المصدر:شبكة بلدي الإعلامية#سورية #حقوق_الإنسان #الأمم_المتحدة #إرهاب#Syria",0
RT @ummohsin4: #الله_أكبرفطائس الروافض الشيعة في #حلب..خل ينفعهم الخنزير بشار والمجوس إيران والملحدين الروس  https://t.co/vMGRePorVt#ال…,1
"دوي اطلاق نار فى محيط قصور الضيافة ""ريكسوس "" بالعاصمة #طرابلس.#ليبيا #المرصد",0
بريطانيا تواصل إرسال مساعدات لأهالي #حلب تشمل المواد الغذائية والبطانيات ومساعدات منقذة للأرواح. #الوقوف_مع_حلب… https://t.co/DsbckpczIM,0
المعلمي: فيتو #روسيا و #الصين مخيب للآمال#الحركة_الشعبية_السورية https://t.co/pVElyrPMCy,1
_ لم يحدث هذا كذب و افتراء,0
RT @Jokes__99: بوكيمون ولحقتوه عيل المسيح الدجال عمياني بتتبعونه 😔😔😔😔,1
RT @Ialrebdi: #الدبلوماسية_المصرية عار ع العرب صوتت ف مجلس الأمن مع المشروع الروسي المناقض #للمشروع_الفرنسي القاضي بفرض حضر الطيران فوق حلب…,0
أجواء كواليس الجلسة التصويرية للنجمة #نادين_نسيب_نجيم لمجلة #ماري_كلير_العربية التي زارت اخيراً مدينة #دبى ملكة الص… https://t.co/AG5nMVqFXX,0
لولا الانقلاب لسارت عجلة البناء والعلم والاقتصاد والحريات والقانون اسرع من احلامنا,0
مسخرة كوميدية من يوسف الحسينى على القبض على احمد عارف وحسن البرنس#حتى وانت بتستخبو بردو اغبية,1
انشلوتي: أظن أن راموس سوف يعتزل في ريال مدريد. من الصعوبة بمكان أن تراه بقميص آخر غير قميص الريال.,0
@malak_alhusaini الله يسعدك ويوفقك ويحقق مرادك ابغا ايفون الله يخليك,0
RT @JamilaSalim_: فأنت لست #بوكيمون لتتحول.  🌚💌 https://t.co/JXbuGo8rIi,0
ماذا بعد انا شاهد الجميع الإخوان وهم يحاولون حرق #مصر و مذابح ضد المدنين العزل والجنود والضباط هل هناك من لازال يتحدث عن مبادارات و صلح؟!,0
كل الدساتير الماضية سقطت لانها لم تكن وفق ارادة مجتمعية #السادة_المحترمون,0
مأدبة غداء تكريمية في #بيت_الوسط!- https://t.co/GQ7VwtDx7M https://t.co/PpQ00tlpg5,0
تطمن آنت المقصود بكلامي ، آنت الوحيد اللي قلبي يحبه..💕💙,0
اعتقالات وملاحقات من قبل #حماس في دير البلح تم على اثرها الليلة اعتقال شقيق الشيخ أبي البراء صباح تقبله الله بعد اعتقال شقيقه الثاني سابقا.,0
هنا سيسكن #باراك_أوباما بعد مغادرته #البيت_الأبيض!  https://t.co/uqwsXZB8e0 https://t.co/99pvdvhDjW,0
RT @_beshoy_rafaat: كل واحد بيشوف رمضان بطرقتةناس تشوفة 30 يوموناس تشوفة 30 جزءوناس تشوفة 30 حلقة 😂😂,1
@ashraaf_alsaad جريمه عظمى نفذها حلف الناتو بخيانه الليبيين,1
"الأصيل يبقى أصيل ما يتغير 👌🏼 تعلموا التواضع من #كلودا_الشمالي ""#فارس_كرم #مروان_خوري #وائل_كفوري #نجوى_كرم… https://t.co/2GFD4rpr9u",0
جنرال الجمهورية باحلى خطاب بأغلى عيد بعيد استقلال وطني لبنان شكرا ميشال عون لكلماتك المحبة والوطنية التي انتظرتها 26 سنة  بنت لبنان العظيم,0
#ﺗﺘﺸـﻞ ﺁﻵﯾـﺂﺩﻯ ﺁﻟﻠﻰ ﻗﺘﻠﺖ #ﺟﻨﻮﺩ ﺑـﻶﺩﻯ #مصر #الارهاب,0
السلطات لبنانية تشرع ببناء جدار فصل عنصري حول مخيم عين الحلوة للاجئين الفلسطينين في لبنان #لبنان#مخيم_عين_الحلوة… https://t.co/CybfHo7YEj,0
على نفس الأساس دولة البطش وحقارة المواطن دولة اللعنة على الحقوق,1
"RT @vabdola: وائل الفخراني: لماذا تركت ""جوجل"" لأنضم إلى ""كريم""؟ | مقال مُترجمhttps://t.co/AAAW0CYEmv",0
كانت مدرستي مختلطة لمن الثانوية ☺  #ماذا_لو_المدارس_مختلطه,0
RT @al_finesse: بدأ الاٍرهاب من عام1952عندما اخترع النظام العسكري المصري المجموعات التكفيرية لترهيب الشعب فانبثقت القاعدة واخواتها #مصر_تصو…,0
مستمتع بإدارة حوار الشباب المصري مع مجموعة 'الحكماء' في دار الأوبرا #,0
اقبال المصريين على التصويت فى الانتخابات ضمانة لبرلمان يعبر عن الشعب ، وانتخاب ممثلين لشباب الثورة ضمانة لبرلمان يستكمل مهام ثورتنا,0
#بالتأكيد  #الشيعه_في_خطر بسبب اتباعهم #ملالي_إيران_إجرام_باسم_الإسلام #عاشوراء  #ياحسين  #يازهراء  #اليمن_الآن… https://t.co/sNlMYBt1b6,0
مطر قاسٍ سوف يهطل .. أغنية بوب ديلان الذي خطفته الغابة السوداء ⁧#مجلة_الفلق⁩  https://t.co/MR8kXSSaBd,0
RT @hastara_day: #عاشوراءيوم للتفكر .. يوم للتأمليوم للخروج من حالة الإحباط التي نعيشهامن نصر موسى ورفع راية الاسلام وهزم كيان الكفر وال…,1
@abuali_1968 أهل ريال مدريد ركزوا بأندية العالم Good luck,0
هذه هى المناظره تماما كما أتصورها بين #حمدين و #المشير #السيسى ! #الكبير_كبير_متعملش_مناظرات_يا_مشير #سأنتخب_السيسي …,0
@Gio_Q8 @Virdelet @Hamad_5_5 @Mr_Som3a4 #بوكيمون-صمون لول,0
موقع لاستخراج روابط الـ APK من متجر سوق #جوجل https://t.co/s7BDUAkHcG https://t.co/DcCrxG1mjG,0
I liked a @YouTube video from @sgtdhmas https://t.co/hLnNiDIKj7 شرح تثبيت نظام ويندوز 10 (الفورمات) +,0
نجتهد في توفير الحجوزات #الخطوط_السعوديه https://t.co/gjmgrYJH4d mrd#ماذا_لو_المدارس_مختلطه,0
بوتين: روسيا سترد على توسيع حلف شمال الأطلسيhttps://t.co/331V3eXtJk#بوتين #الناتو#روسيا https://t.co/4MLIErLOMN,0
جوائز نوبل تسلّم بحفل لا يحضره بوب ديلان  https://t.co/rGLGZH53jh via @RTarabic,0
"أوباما وميركل ينددان بـ""الغارات الوحشية"" على حلب: دان الرئيس الأميركي باراك أوباما والمستشارة الألمانية أنجيل... https://t.co/NhvRi4qYna",0
ارمــــــلة سورية مقيـــــمه للـــــــــــــــــــــزواااج  https://t.co/pPYBxKSZQc,0
#بريطانيا خشيت #الكرملين ووقفت ضد #الناتوhttps://t.co/7FRHJce3lt#سبوتنيك https://t.co/zfX9JTzrCM,0
@Roation غوتشي .. صباح النور,0
عودة لسجون مبارك,0
و لو ان الإرهابي صفوت حجازي او غيره قاوم بالسلاح فليقتل اير مأسوف عليه،فهذا هو القانون الذي نجاهد لتطبيقه على الجميع,1
أما المتأسلمين الجهال #أدعياء_السلفية #الجامية لا أخلاق ولا مبادئ يتشمتون ويضحكون على جثث #مجزرة_رابعة_العدوية …,0
الشرطة تاريخها كله أكاذيب لكن الاخوان لم يصدقوا في حياتهم واكاذيبهم اكثر من الشرطة ولديهم ماكينة تبرير تنكر الشمس الساطعة لابد من تحقيق,1
انتشر مقطع بأسم #قسيس يرفع الآذان في #كنيسه ب #القدس تحدياً لمنع #الاحتلال للأذان وهذا المقطع غير صحيح ومن رفع الأذ… https://t.co/S2S2t9qMTq,0
"ثم يصل الاستعلاء إلى مداه بإنهاء الحوار و""الكلام معكم ما فيش منه فايدة"" هكذا ينظر أحد أطراف حرس الاخوان الحديدي للديمقراطية وللحوار",0
#فن #منوعات #تسلية شقيقة بيونسيه تنافسها وكريغ لن يترك جيمس بوند: يبدو أن دانيا... https://t.co/DDcChF2Xhh #الكويت #كويتيات,0
"@i_7md تذكرني بأغنية نوال الزغبي ""عينيك كدابين""",0
حقارة صحيفة الفجر او الفجور علاء صادق يشترى منزلا فى الوكرة ويتخذ قطر وطنا عندما تكذب كما تتنفس,0
#مصر | #التحرير | صور.. ريكي مارتن يخطب رسام سوري https://t.co/uKVOBNP8OE #جبهة_شعب_مصر,0
#محكمة #الاحتلال #تحكم على #الأسيرة #ميسون #موسى بالسجن لمدة 15 عاماًرام الله – نادي الأسير: أفاد محامي نادي... https://t.co/zgUCmfDPOA,0
"ما تخلّي هدايا العيد تكون ""كسرا""https://t.co/fctHKHX5fB #Christmas https://t.co/NDMTXbCuJx",0
"ياسر أبو عمّار في #سياسة_في_دين : غيّرت موقفي من حزب #النور بسبب مواقفه المخزية مع الرّئيس #محمد_مرسي ووقوفه مع """,0
Listen to بالعكس بالعكس بالعكس - رامى عياش ..عبير نعمه by Nem0o0o #np on #SoundCloudhttps://t.co/aojftHUgsB,0
جيش الاحتلال يعزل ضابطاً صهيونياً هرب من مواجهة شهيد فلسطينيhttps://t.co/d0SPDih7cf#فلسطين #الاحتلال https://t.co/dWQz1Lo9G3,0
#المحويت اجتماع موسع لقبائل الشجاف لإعلان النفير العام  #التعبئة_مستمرة 21-11-2016#اليمن  https://t.co/MDXHXqq9zp,0
#Google #Apple #Samsung “#غوغل” تتحدّى “#أبل” و “#سامسونغ” https://t.co/PXG2cLaJId,0
#اعرفوهم_انقلاب_مصر_يسقط_حكم_العسكر #الداخلية_بلطجية #شهداءالحرية # الشهيد محمد فتحي 20 عاماً #بني_سويف,0
مؤلم أن ترى العدو يفتك في #اليمن و #سوريا و #العراق ثم يستحي أئمتنا من قنوت النوازل أو المطالبة به !الدعاء أساس العدّة .,0
ثأر #سيد_بلال وغيره سيلاحققك أيها الأفاق #برهامى #شيوخ_السلاطين #تجار_دين,1
_ مبارك سحبه مرتين بالفعل راجع معلوماتك,0
نازحي #الموصل .. منظر يذكرني بنزوح عام ٤٨ ب #فلسطین ولا حول ولا قوة إلا بالله..حسبنا الله ونعم الوكيلhttps://t.co/WxeC5BXzay,0
وحيات عينيك ،،،، اخذ صوت اخذ وجه حسن وطرب اصييل #مصر #الجيزة #القاهرة #شادية #الاهرامات #اسيوط…,0
@Flukii2 ميريام فارس,0
هو ممكن ت #نزل_صلاح :( #ليلة_الابطال,0
اشتموا و قلوا أدبكم كمان وكمان خلينا نتعرف على اخلاق الاخوان #الاخوان_جماعة_ارهابية #الاخوان_قتلوا_مارى_ومياده #الاخوان,1
اعلان 🎊توصيل مشاوير🚗توصيل طلبات من المطاعم وجميع المحلات🌭تسعدنا خدمتكم ،، في عنيزة😊0531031399☎️#عنيزة#مشاوير#نقل#كريم#اوبر#توصيل,0
@sirte3030 والله يامرتدين ليبيالستم اقوى من مرتدين الصحوات بالعراق وسورياجايكم الدور بأذن الله ياكلاب حلف الناتويامرتزقه الطواغيت,1
@noonnetta @2213Ali @kayza111 فيدرر كان!!لسه هو الافضل في التاريخ والارقام تثبت من ناحيه بطولات القراند سلام والماسترز والخ,0
📚 أبل تخبرك هل يستحق هاتفك الـ “آيفون 6 إس” خدمة استبدال البطارية “مجانًا” أم لا 📚: #الولايات_المتحدة ➰… https://t.co/DKWq3ngXS9,0
قام الفنان المصري #عزت_ابو_عوف بتغريده عبر #تويتر يروق لي صوت #اليسا  @elissakh https://t.co/V0zTyuCr3U,0
#مصر و #الولايات_المتحدة توقعان بـ #واشنطن على مذكرة تفاهم للحفاظ على التراث الثقافي والاثري في #مصر وإعادة القطع ا… https://t.co/v1MwgmlXVG,0
الثورة السورية كشفت المستور وفضحت المجتمع الدولي المتآمرة على الحرية والكرامة  وقاتل للشعوب,0
RT @sabqorg: بلومبيرج الأمريكية: السعودية تملك احتياطات نفطية تكفيها 70 عاماً Via @sabqorg https://t.co/LuarnucA5w,0
الهجوم المتوقع على كرداسة متى يتوقفون عن قتل الاحرار؟ الانقلاب يمارس ويزرع الارهاب,0
الى مينا وجورج وانطون غيروا اسماءكم على بروفيلكم قبل ما تشتمونى عشان المسألة متبقاش دين وعنصرية وفتنة قلة ادب وغباء كمان,1
نشكر ثقتكم وهدفنا دوما ارضائكم 🌹#وسيط_امازون https://t.co/JSWhUUrWvH,0
كنت أتمنى أروحه وكان عندي بصيص أمل لكن التوقيت والأختبار حال بيننا 💔🚶🏻 #معرض_الكويت_الدولي_للكتاب,0
صحت مبادرة #كيري الشرعية اليمنية من سبات عميق ورأينا مالم نراه منذ تحرير عدن شكرا كيريإضغط لكي يتحرر باقي اليمن #تعز  #ميدي,0
واتس اب 0500776424 https://t.co/kTQqKuDYgg#زد_فرصتك10#شعبك_ياملكنا_يريد_الهييه#زد_فرصتك10#RoadToRussia#قطر_سورياW40O,0
#يقين|#شاهد|#فيديو| حكومة الببلاوي ومحلب اعطو شرعية قانونية للفاسدين ولم يعزلو فاسد واحد,1
وأنت تسير على تراب فلسطيناحذر أن تدوس قدميك قبر شهيد🌾#القدس,0
ترقبوا الاثنين ١٠مساء بتوقيت مكة حلقة خاصةعن جدلية الفن والسياسة ببرنامج #للقصة_بقية ودور #غوار و #عادل_إمامحلقة مثيرة ونقاش أشد إثارة,0
النضافة ،النظام،الراحة و الحرية اللي بيحس بيها السايح تخليه يسيب بلد زيينا امكانياتها السياحية مرعبة و يروح لبلاد اقل بكتير,0
تفووووووووو #غزة_تحت_القصف,0
RT @saaaarhahmb: صباح يشبه صباح شهر رمضان ، تملئه الطمآنينه وتغشآه رحمة البآرئ ، صباح العاشر من عآمنآ الجديد صباح عاشوراء اللهم ارح قلوبنا…,0
ضروري يكون نوع الجبن جبنه #كيري https://t.co/s6fBzrCl4v,0
النضآرآت بقت موضة ! تقويم اﻷسنآن بقي موضة برضو!! مش بعيد بكره تلاآقي صحبتك جآيالك بكرسي متحرك تفوليلهآ سلآمتك اتشليتي ! #مرار_طافح :),0
كان رسول الله ﷺ أجود الناس وكان أجود ما يكون فى رمضان حين يلقاه جبريل وكان يلقاه في كل ليلة من رمضان #تويت_حديث https://t.co/F73kfj0DKz,0
لا اعرف الدكتور هشام قنديل و من عدم الإنصاف ان نحكم عليه قبل ان يبدأ لننتظر التشكيل الوزاري و نعطيه فرصة ليعمل ثم نقيم اداءه,0
@mnaw7 @ethraaen  ههههههه جبهة النصرة وداعش  ممثلين ل هولاكو,1
RT @Jx08M0LKoMk2vMq: @sadbird1965 سيسي عذاب سيسي دمار ..سيسي خراابه..خربها ابن المبقعه.. وبيتفلسف ع المعاتيه...,1
#من_احتياجات_المجتمعارض زراعية للبيع او الاستثمار غرب رفحاء 80كم مساحتها 200دنم على الطريق الدولي حره للمفاهمه 0599995931 عبداللطيف الشمري,0
دباسم يوسف عمل برنامج البرنامج و #فسسسسسس,0
@youssefenianos حتى يكتب اسمك بتاريخ لبنان عليك المباشرة فوراً بمشروع قطار سريع على طول الساحل اللبناني,0
#غرد_كانك_في_التسعينياتشريط كاسيت بدي دوب بيجنن ي #إليساعطل مسجل اد ما عم ظل عيد فيه😁😁😁❤💋🙄 @elissakh,0
موفد فاتيكاني في بيت الوسطhttps://t.co/bR3Gu1zBUf https://t.co/5nNqYPgr2P,0
#أسم_فيلم_بتحبه أسف على الإزعاج,0
هل الفرح حرام ؟ كان الخطأ الأول لزملاءنا الإنقاذيين وإعلامهم ، هو امتناعهم عن المساهمة فى إنقاذ وتحرير جنودنا من,0
الوضع حاليا لدعى ربع المفتيسكوووووت حنصورفعلا على رؤوسهم الطير عندما ياتي ذكر اوردوغان واسرائيلخاب سعاكم...عدي… https://t.co/OWasFn6qy9,0
هيلاري كلنتون لم ولن تنسى خيانة زوجها لها وسر تمسكها به لأنهم من جيل لا يعرف الطلاق.,0
_..تحدي المانيكان#mannequinchallenge .. 😂الجهراء _ الصبية https://t.co/3SDNjwhYJb,0
هم خلوني مجنون !!!,0
بس اعلان فودافون الجديد بتاع عمرو دياب دا حوار😍.,0
قلمين عقب أسبوع من محمد محمود المجد لأبطال محمد محمودهتفضل مصر شايلة جميلهم دائما وأبدا,0
"أوباما يصف تصريحات ترامب في مقطع فيديو بـ""المثيرة للاشمئزاز"" https://t.co/tViTK8Cu0j",0
ارمــــــــــــــلة سورية بالســـــــــــــــــــعودية تقبل تعدد الزوجات  https://t.co/eCZ0xpqmy1,0
قرار وزير الثقافة يخالف قرار الإتحاد الدولي للمنتجين والسينمائيين في شأن عدم إسناد تنظيم مهرجان القاهرة لدكتور يوسف شريف رزق الله,0
«الديلى ميل»: ترامب ينقل سفارة واشنطن من «تل أبيب» إلى القدسhttps://t.co/GwT48dbqzG#ترامب #واشنطن #القدس https://t.co/ADJlk6aN54,0
#السيسي عروسة في إيدين #المجلس_العسكري,1
اطقم نسائي  ماركات غوتشي و شانيل وشو بارد مع 3 اساور و 3 دبل السعر 260 ريال.للطلب عالواتس 0583128455 https://t.co/P1vDkDyYxf,0
"الإسلام شيء غير هذا المعنى الذي أراد خصومه أن يحصروه فيه, الإسلام عقيدة وعبادة ووطن وجنسية وسماحة وقوة وخلق ومادة وثقافة",0
RT @AleppoAMC: قصف جوي على حي الفردوس في #حلب يوقع العشرات من السكان بين شهداء وجرحى.#AleppoAMC https://t.co/zfuQ2nFbpW,0
#إيران#ترمب10. العلاقة بين #طهران و #واشنطن قُطعت منذ 1980 بعد أشهرٍ على ثورة الخميني 1979 وأطاحت بحليف #الأميركيين الشاه محمد رضا بهلوي.,0
RT @Fat2552: #عاشورا_للصيام_وليس_للبدع'الدين الشيعي عكس الإسلام تماماً حولوا التوحيد إلى الشرك والسنة إلى البدعة https://t.co/6dnWkJNHJP,1
"RT @sayidatystars: كيف رد #عاصي_الحلاني بعد اتهامه بشراء جائزة ""بيغ أبل أوورد""؟https://t.co/q0qpPp0LD3 https://t.co/OFeCuiWzsG",0
@ALSARIM111 @zomali700 @LeinaAlhazmy @al_watanQatar الا يابن الشرموطه موزه بتتناك من مين دلوقتي والخول في فرنسا اه صحيح هو من امته كان راجل,1
ماﺗﺠﺮﺃ ﺍﻟﻴﻬﻮﺩ ﻋﻠﻰ ﻣﻨﻊ ﺍﻷﺫﺍﻥ ﻓﻲ #ﺍﻟﻘﺪﺱ  ﺇﻻ ﻟﻤﺎ ﺗﺄﻛﺪﻭﺍ ﺃﻥ ﻗﻀﻴﺔ ﺍﻟﻘﺪﺱ ﻧﺎﻣﺖ ﻓﻲ ﻧﻔﻮﺱﺍﻟﻜﺜﻴﺮﻳﻦ ﺍﺑﺪﺃ ﺑﻨﻔﺴﻚ ﺗﺤﺪﺙ ﻣﻊ ﺃﻫﻞ ﺑﻴﺘﻚ… https://t.co/2lHsNULg3g,0
فضيحه تانيه أنا لسه ماسك ف مستشفي راس سدر وعرفت ان تم أخذ من الدوله حدود ١٥١ مليون جنيه لم يتم صرف ٦٠٪ منها,0
لماذا يُدعّم أوباما دخول ابنتيه الجيش الأمريكي!: المواطن – وكالات دعم الرئيس الأمريكي باراك أوباما، الأربعاء،... https://t.co/VZMQ10L3fE,0
سواء اتفقنا او اختلفنا مع الاستاذ خالد صلاح فمن حقه ان يعبر عن رأيه ويقوم بواجبه الاعلامي بحرية كاملة الاعتداء على خالد صلاح ارهاب وبلطجة,0
طلعت اتفاقية #كيري  وقف اطلاق النار في الاعراس بس، ، #عدن #اليمن,1
لوحة جميلة لجسر le Pont Neuf في الشتاء #باريس#لوحة #فرنسا #ثقافة #ثلج https://t.co/S8BhlWT1Dj,0
#الجزيرة اظهرت تسجيلات غير فيها #صباحي رأيه حسب الظروف كانت أمامه فرصة ليكون محترم #مصر #الاعلام #الاخبار #الوطن #رابعة #الشروق,0
#افضل_طقم_لروجر_فيدرر                                  جميع الاطقم على المايسترو فخامه ولاكن ناخذ بعضا منها https://t.co/FTs29W8Y94,0
#الحياة_جميلة عندما تستخدم أدوات #السعادة بها #الأمل و#الفأل_الحسن و #الإيجابية و #الإيمان بقضاء الله وقدره خيره وشره,0
الإطلالة السوداء اختيار النجمات بحفل افتتاح #مهرجان_القاهرة_السينمائيhttps://t.co/qZKHZvqvOG#مجلة_ن #NooNmag https://t.co/yHarItdhhm,0
توصيل مشاوير خاصه و مندوب طلبات فالشرقيه gjx#ماذا_لو_المدارس_مختلطه,0
#شبكة_أجواء : طقس شديد يقتل 5 اشخاص ويقطع الكهرباء ويتسبب باضرار في جنوب #الولايات_المتحدة اليوم وامس وتقاريرعن 9 أ… https://t.co/Pil0o7olUi,0
🌸↶مـآذآ إعـْطَتک #فلسطين  لِتحبهآ إلى هذآ آلحد 🙊 ؟💚_💚-بكفي آنهآ آعطتني آلشرف ليكون آسمي #فلسطيني❤✋👑👑يمآ محلااهااآ هَآلنعمهه'ھ 😍🌸↶,0
ﺇﺫﺍ ﻧﻄﻖ ﺍﻟﺰﻋﻴﻢ ﻓﻼ ﺗﺠﺒﻪُ               ﻓﺨﻴﺮٌ ﻣﻦ ﺇﺟﺎﺑﺘﻪ ﺍﻟﻌﺴﻴﺮﻱﻭﻻﺗﺮﻛﻦ ﻋﻠﻰ ﺇﻳﺮﺍﻥ ﻳﻮﻣﺎً    ﻭﻻﺗﻮﻧﻲ ﺑﻠﻴﺮ ﺃﻭ ﺟﻮﻥ ﻛﻴﺮﻱﺃﺭﻯ ﺍﻟﻤﺨﻠﻮﻉ ﻓﻲ ﺍﻟﺘﻠﻔﺎﺯ ﻳﻬﺬ,0
RT @MuHammaDBakkar4: فيصل القاسم : لو الموضوع هو صراع لماذا لم تتجرأ روسيا وتتدخل في العراق أو ليبيا؟ تدخلت روسيا فقط في سوريا بضوء أخضر أ…,0
@_NOLE1 اسف .. اعدت القراءه مجددا .. لذلك عشان اكون اكثر وضوحا .. لا تكون حمار وتحط اسم فيدرر في تغريده وحده مع عدة جحلط هههههه,1
اسواء... هدنة..فرضها #كيري  تشهدها #تعز,0
أتمنى الكل يضيفني في #SuperMarioRun لئن صوت الاضافة يجيب السعادة مثل جمال صوت التروفيز في البلاستيشن,0
#ماذا_لو_المدارس_مختلطهوماذا يحدث لو قليل التربية والدين وجد أنثى بمفردها داخل أو خارج المدرسة🙄 https://t.co/ciVPlG8nUz,0
"مرحاض"" مصطفى بكرى في جريدة الوطن: ""طنطاوى قال لى: ""العسكرى"" كان مجتمعاً لمتابعة نتيجة الرئاسة ودخلت الحمام فخرجت لأجد مرسى رئيساً",1
نموذج للعائلة الفلسطينية في #غزة #القسام_فخر_الأمة #قساميون #حماس #غزة #ماضون_فخراً https://t.co/cpcnSYdRYK,0
بالصور شركة جوجل تمنح أحد موظفيها إجازة أسبوع بعد رسالة مؤثرة من طفلتهhttps://t.co/7OHiJ7SzLQ,0
نتمنى لرئيس الوزراء الدكتور عصام شرف الشفاء العاجل كما نتمنى ألا يكون مرضه مرضا سياسيا,0
والد #جيكا هو اللى كان داخل مع #حمدرين يوم تسليم التوكيلات #واحد_مننا,0
التحريض و خطاب الكراهية و المتاجرة بالدين ليست حرية رأي بل جريمة يدفع الوطن ثمنها في الشارع الآن هذه قنوات فتنة و ليست دينية,0
وكيل محافظة #شبوة يفتتح متنزه #شبوة_لاند#التحالف_العربي_سند_اليمن #جنود_التحالف_سند_لليمن https://t.co/S0x6FMLQ0r,0
#اليمنية| #اﻷردن و #الوﻻيات_المتحدة يبحثان تعزيز التعاون العسكريhttps://t.co/uvyt5i0DRm#اليمن_ينتفض_ضد_الحوثيين,0
بابا الازهر دعا لقتال معارضى الانقلابى وكشف جهله بالقرأن الى اقصى درجة تشعر بجهله فى حديثه عن الجزية اخر لخبطة,1
بوتن وبشاروحزب الات وخامني يهجرالشعب السوري عن وطنهم والمليشيات الشيعيةالارهابية تهجراهل المدن السنيةفي العراق انها… https://t.co/QI9WrzvPbQ,0
أوباما والمشرق.. حصاد ولايتين: طبّق الرئيس الأميركي باراك أوباما خلال ولايتين رئاسيتين سياسة خارجية مختلفة عن... https://t.co/rTU0WZGjxK,0
"*🌍 شٍبِګةّ أّخَبِأّر أّلَضّأّحٌيِّةّ "" D.N.N"" 🌍*خريطة الاحياء الشرقية في #حلب بعد سيطرة #الجيش_السوري وحلفائه... https://t.co/WAGmcAAkqe",0
بس ممكن #العرص يموت وساعتها #حمدين_صباحي ينجح بالتزكية ساعتها حيكون له تلات معارضين #الاخوان و #الفلول و #مؤيدين_السيسى_بيعملوا_فولو_لبعض,1
"برنامج مش صعبة د حمزاوي شرح مصطلح ""الأمن القومي "":",0
_ يااااااه يا مالك بترد على حالة مر عليها 31 يوم؟! :) حالة الانقسام التي شهدتها القوى الديموقراطية هي التي أدت لذلك,0
سجل مع اوبر بسيارتك الخاصة للعمل في اوقات فراغك ومتى شئت رابط التسجيل  في #أوبرhttps://t.co/QTBQtzzwcZ,0
@AvichayAdraee اتفاهموا مع اصحابكم جبهة النصرة وداعش يتوسطوا لكم عند حماس,0
@ipuct غوتشي غوتشي طويله اكتبيها كذا اقصر واسهل قوجي قوجي,0
عدم تشكيل حكومة #الحريري قبل عيد استقلال #لبنان، اول نكسة لعهد #ميشال_عون، طبعا المسؤول عن #النكسة الاولى هو #العهد نفسه.,0
بوكيمون جو تصل لأكثر من 500 مليون تثبيت في أندرويد و iOS https://t.co/vUgJIXnUsk #موسوعة_التطبيقات,0
مارتن غاريكس وجستن بيبر يقودان الدراجات الترابية https://t.co/Mm5vZOdGwW#MartinGarrix#JustinBieberi@MartinGarrix@justinbieber,0
RT @mh_awadi: #مصر في الأخبار :أغذية ملوثةأكل لحوم الحميرإعتقالات قسريةقتل بلا محاكمةحرب على الإسلامتحالف مع سفاحي #حلبطعن في ظهر #…,1
RT @SaudFederer: #افضل_طقم_لروجر_فيدرر رولان غاروس 2008استراليا 2011 https://t.co/tetajVjNZL,0
@UnicornMej @iRal_x ماعليك بسويلك جو بخليك بيونسيه العرب,0
دشت علي وحدة كورية تقول شن جق جون جوم بق بققق ترجمة غوغل تقول منو هايا من ياعرب منج لله يا شهد,0
I liked a @YouTube video https://t.co/UxlOVxEMUc الحريري يولم في بيت الوسط على شرف المسؤول,0
صوت #فيروز  وهدوء الليل سحر ..وصوتها و #قهوة ☕ الصباح متعه 💖 حبيتك تنسيت النوم - فيروز by#SoundCloudhttps://t.co/VG13Xa37OL,0
"المحكمة العليا في #الدنمارك تحظر ""#أوبر""  https://t.co/Sp6oGiM0M9 https://t.co/ms9PLrVC8s",0
مجلس الوزراء السعودي يوافق على تعزيز التعاون المشترك مع #الصينفي حالة الحجب https://t.co/UXrz77j9Plhttps://t.co/yvrNGCKO3e,0
"99: ""55: 123 4 #توكل_كرمان هذه عاقه لوالدها ويصفها بقليلة الأدب """,1
إوعي تفرطي في الدورارات اللي معاكيعشان نهضة خيرت الشاطر العظيمة هتمرمط الجنيه وملايين الدورارات هتأمن مستقبلك,1
أنا عمري ما ساندت ولا هساند الإخوان ده أنا قاطعت كل الإنتخابات عشان كانت متظبتالهم وما زلت ثابت على رأيي الإنتخابات اللي جاية لن أقاطع,0
RT @d_0k: @MousaAlomar @bitawqitMasr هذه تشبه الساحره الي في فيلم هاري بوتر 😂😂,0
"تحطم طائرة نقل عسكرية روسية من طراز ""إيل-18"" شمال #روسيا ومصرع 33 جندي كانوا على متنها اليوم https://t.co/29P33UHfD8",0
مع اشراقة كل شمس نبدأ عملنا بروح نشيطة وهمة عالية ويد واحدة ونية متجددة أحلى صباح لأجمل متطوعين فى اعظم حملة,0
RT @sport4allsport: ريال مدريد لم ينهزِم في أخر 19 مباراة على التوالي ، أطول سلسلة دون هزائم حالياً من بين فرق الدوريات الخمسة الكبرى https…,0
ﺷﺎﻳﻒ ﺍﻟﺒﺤﺮ ﺷﻮ ﻛﺒﻴﺮ؟ ... ﻛﺒﺮ ﺍﻟﺒﺤﺮ ﺑﺤﺒﻚﺷﺎﻳﻒ ﺍﻟﺴﻤﺎ ﺷﻮ ﺑﻌﻴﺪﺓ؟ ... ﺑﻌﺪ ﺍﻟﺴﻤﺎ ﺑﺤﺒﻚ#فيروز 🎁💝🎂#من_قلبي_سلام_لفيروز,0
صعبة آلنغم مآ يحنّ على غيآب آلوتر ..#اليسا https://t.co/I1GCOI9JmV,0
@elissakh #اليسا أختصرت جمال الكون كلوووو بـروعَة عيونـك ✨❤ https://t.co/80728eC1Bg,0
أحمد الشيخ يكشف السبب الحقيقي وراء عدم انضمامه للزمالك #الدورى_المصرى https://t.co/jCFLQYe6EP,0
@RamyAyach  حبيبي انت احلى شي بهل دنيه ❤️😍 بحبك #رامي_عياش https://t.co/P47ivXLwqv,0
#الرئيس_سعد_الحريري استقبل النائب سامي الجميل في بيت الوسط https://t.co/gMUW4UcLgb,0
RT @mustafa_agha: جيني أسبر للصدى: أشجع برشلونة .. وميسي أشطر .. لكن رونالدو أحلىhttps://t.co/U86ts1IKVr#صدى_الملاعب,0
#الجيش_السوري بعد 5ستوات من الصمود امام واشكال الإرهاب  يستحق وقفة اجلال هنيئا ل #سوريا و #الشعب_السوري ستنتصرون ولو بعد حين,0
#الشعب_يرد_تحية_الرئيس #انتخبوا_العرص #مصر_الليلة #إنصاف_الاخوان #يمهل_ولا_يهمل #مرسى_رئيسى #اشتون_قاتله,0
مذبحة ميدان رابعه العدويه جريمه نكراء وسيحاسب الشعب المصري مرتكبيها #رابعه_العدويه,0
في وحدة نظاراتها و عيونها مثل هاري بوتر بالزبط و غرتها متله بس لو تقص شعرها و تصبغه اسود وااااااال,0
#موغريني: لا حل في #سورية إلا الحل السياسي || https://t.co/DsIKYZ0wCM,0
قالها شبل من أشبال حلبإذاكنتم جيش الأسد فنحن جيش الواحد الأحد ثورتنا كالصلاة تبدأ بالتكبير وتنتهي بالشهادة#ستبقى_حلب#ستنتصر_حلب#حلب_تباد,0
اشتقنا إليك يا اسطوره .#فيدرر #ShanghaiMasters https://t.co/fK9fBoFMhw,0
RT @ekoshak: بعد الدعم السعودي للأردن بالملايين، الأردن يشتري الغاز من اسرائيل بعقد لمدة ١٥ سنة رغم توفر الغاز في #السعودية وقطر https://t…,0
#ازيفيدو من بيت الوسط: لبنان اكثر من بلد انه رسالة للشرق والغرب معا. : https://t.co/Hi4Spkbxad - #ازيفيدو,0
ديميكليس هذا مفترض لا يلعب ، صديق ميسي .موساتشيو ليس مدافع يسار ومايدانا وغاراي افضل،لا اعرف لماذا ميسي مستبعد غاراي.,0
#حلب المحرقه والتهجير وهذا يذكرنا بما حصل للفلسطينيين فى 48 من الصهاينة تحت نظر واشراف بريطانيا وحلب تحت اشراف الروس والامريكان ومن قبل ايرا,0
تطبيق الدردشة Allo يصل إلى 10 ملايين مستخدمhttps://t.co/vaHETxHsJm #ريال_مدريد #برشلونة,0
RT @alarabonline: إيفانكا ترامب تشغل الأميركيين على #غوغل#أولاين #أميركا #إيفانكا_ترامب #العرب https://t.co/EvWUBckCoM,0
أخذتهم كلهم #فيروز  يا سنيني اللي راحو يوم ميلاد صوت الحياة بس انا ايش رسالتي للعالم لا صوت ولا حتی حب ولا شجرة زر… https://t.co/DlCbeAf1zL,0
أقذر أعلام في العالم هو أعلام السيسي حتى أنهم تمصخرو وأستهزئوا على الناس الي تموت في حلب #مليارات_العمره_علي_هوي_مصر,1
أبل: «جنوب عبدالله المبارك» تسلمته «السكنية» في 31 يوليو الماضي https://t.co/YMvNXDGij7 https://t.co/jqjOzwRg84,0
#اكسترا_تايم| سيف داوود نجم النادي المصري السابق : زيدان يقدم موسما رائعا مع ريال مدريد وليس صحيحا أنه يفوز بالحظ,0
الذكرى الرابعة لاستشهاد الجعبري.. شهادة قلبت المعادلة https://t.co/5QIWzTqYP6 #حماس,0
#hangzhou#هانزو #الصينو حاليا في #الرياض ..و هذي أحد صور الرحلة بجوال Huawei P9@HuaweiMobileKSA https://t.co/rtbkM10cEi,0
اذا عارضت المرشد فانت عند الاخوان فلول او علماني عدو للدين الا يمكن ان يكون الانسان مسلما وثوريا ووطنيا ومعارضا لقرارات المرشد ممكن ؟,0
@Al_S_l_a_m قطر هي المسؤلة علي كل الدماء الليبية وسوف ياتي يوم تكون مسؤلة امام المجتمع الدولي علي ذلك,0
مشكلتنا مش مع ميشال عون، مشكلتنا مع الكلاب الجائعة للسلطة يللي عم تحوم حولو....#إذا_شي #بس_هيك,1
#موسكو لـ #واشنطن ردا على تهديدها جنرالات سوريين: كفى نفاقا!,1
RT @LahibBaniSakhar: وشو بالنسبة لمنكوبي #حلب ...ضحايا راهنوا عليكم وقوبل رهانهم بالخذلان والتجاهل وتركوا ليواجهوا قصف حليفكم بوتين ..عزل…,0
اي مكان بعيد عن البلد دي https://t.co/gch9i3xsQy,0
#كيري يعلن تجديد الهدنة ويطالب كل الأطراف الالتزام بوقف الأعمال القتالية و #السعودية ومرتزقتها يعلنون إستئناف العمليات ..!!,0
@habebroh4 @NeroSRKgirl  ياسيدتي مستر غوغل لا يترجم كل شيء بدقة,0
مايكروسوفت😡 نزلت تحديث من ضمن التحديثات الاختيارية 😕يلغي اعلان ويندوز 10 وكل ملحقاتهحمل التحديث من هون خيو👇وريتويتhttps://t.co/X4yGqMVkYV,0
#ظريف يغادر #الصين متوجها إلى #اليابانhttps://t.co/0HwyOHYFcO,0
"يحيطك دائما بما يشغلك #فضيحة_المحلة #مرتضى_سما #ابله_فاهيتا الخ يتغير الزمن ولا يتغيرون يلهونك بقنابل الدخانليطبخ ""برواقه"" الله غالب",0
RT @AbuAltahish6: @hrw_ar @aboaqil2010 امريكا هي راعية الارهاب .وتحالفها الدولي لضرب داعش انما هو لدعم داعش وكبيرتها السعودية العالم يعرف…,0
8ب وبعد عزل إجباري للرئيس المدني المنتخب كنت أتمنى أن لا يحدث باحترام الإخوان للجوهر الحقيقي للديمقراطية متمثلا في طلب الشعب التغيير,0
موسكو: إرسال مراقبين دوليين إلى #حلب يجب أن يتم بموافقة الحكومة السورية.,0
برلمانيون أوروبيون يطالبون بمحاكمة دولية لمجازر #إيران  https://t.co/nDBYprJgvN via @AlArabiya #1988Massacre https://t.co/pUEa72P6iC,0
حكومة سهرة ليليه تتشكل في لبنان..المطرب من حزب الله والراقصه مسيحيه وجمهور السهره المسطول والمصفّق سني..والخادم درزي..وحارس المرقص ايراني!!,1
التطبيع احدي المحرمات الوطنية التي اتفقت عليها كل القوي الوطنية و لا يجوز لأي حزب أو جماعة إجازته تحت أي مبررات أو ذرائع,0
آلآلاف يشاركون في تأبين «#كاسترو» في ساحة الثورة بـ #كوبا https://t.co/gMT5Svl4gB,0
"ودا قمة السفه في الصحافة !! ""الفن بعد ثورة 23 يوليو وبعد ثورة 25 يناير #مصر #الثورة """,1
راسك برضو يا حوده #انتخبوا_العرص #فيفي_عبده,1
RT @mr_prsidint: #سوريالك اللي بيحب #الله بيبعت مؤازرات!! لك يااللهنداءات استغاثة المسلحين في #ريف_حماة الشمالي#حماه #حلب #كفريا_والفوعة…,0
احتفالات الدون على طريقة #MannequinChallenge,0
#بالتأكيد  #الشيعه_في_خطر بسبب اتباعهم #ملالي_إيران_إجرام_باسم_الإسلام #عاشوراء  #ياحسين  #يازهراء  #اليمن_الآن… https://t.co/sNlMYBt1b6,0
هكذا يهيئ #السيسي الأجواء لعودة #أحمد_شفيق لـ #مصر (فيديو) رابط بديل: https://t.co/y9LPDt4Fr6https://t.co/0LFCz3y7G6,0
ليت كل مسيحيين مصر زيك #اللى_رافضين_السيسى_رئيس_بيعملوا_فولوا_لبعض #انتخبوا_العرص #مرسى_رئيسى #سيناء_خارج_التغطية …,1
اليوم عيد ميلاد #فيروز . 81متعها الله بالصحة,0
#عطنا_تغريده_مهايطيه ميريام فارس درست معاها في الضيعه في بيروت.الله ياهي ايااام ي جاسم كنا نكتب ع جدار المدرسه افكار ميريام والشر م ينام,0
هيلاري وبيل كلنتون في جامعة يال عام ١٩٧٢ https://t.co/ejhHwyt0ZL,0
فرنسا بأنهم ما يحبوا المسلمين وكذا ولما رحت ما حصلنا منهم غير كل حب واحترام🤔💞. https://t.co/DpriNNiujl,0
RT @aali4573: مصادر إعلامية أردوغان وبوتين يتعهدان بالسعي للتوافق بشأن سوريا خلال فتره وجيزة قادمة,0
“الأشغال”… بانتظار باسيلشهدت لقاءات الرئيس المكلف سعد الحريري في “بيت الوسط” بحثاً في مسار تأليف الحكومة وما... https://t.co/uHr6NdRKdn,0
أرسنال يراقب خريج الريال: ذكرت تقارير أن أرسنال يراقب عن كثب لاعب وسط واعد في ريال مدريد اسم... https://t.co/ifwdi7GIIs #C7_ae #دولي,0
@iM07rb @Google قوقل يتعاطون زقمسوين حملة للتحسين ترجمة قوقل عشان النازحين السوريينوهنا حاطينه رئيس سوريا,0
RT @hafssalshamy: حلباكثر من #35_شهيد بإذن اللهبينهم بينهم #9_تلاميذ وعشرات الجرحىبغارات #روسية بصواريخ #ارتجاجية على:(بستان القصر _ ال…,0
#جنايات_المنيا : تصدر حكماً بإعدام 37 إرهابيا اخوانياً وبحبك 492 لمده 25 عاما في قضيه اعمال العنف بمطاي بعد عزل الرئيس الخائن #محمد_مرسي,0
بيتخيل نفسه ليه فورمة لازار وبيطير زي سوبر مان ولابس شميز بولو ع بوكسر اخضر وبليزر بترولي ولابس نضارة هاري بوتر الأ… https://t.co/U6TkQ2hwct,1
هل الإستفتاء في ظل إشراف قضائي منقوص وانفلات أمني واضح وما نراه من عنف وانتهاكات هو طريق الاستقرار أم عبث بأقدار البلاد؟ الحكم مسؤولية,1
RT @AlArabiya_spt: أهلي جدة يواجه برشلونة بكامل نجومه في قطر https://t.co/hYEmDmi9ed,0
@Abdulla_Ali991 @Roudaalraesi أعوذ بالله ولا  جستن بيبر 😂,0
ترامب في وضع حرج ويتمسّك بالبقاء في سباق الرئاسة: عاش المرشح الجمهوري إلى البيت الأبيض دونالد ترامب يومين صعب... https://t.co/bPOGi8Oy3K,0
تفعل في #بنغازي و يشتغل و يقتل و يرمي في الكناسة .... الهم صنعه النشطاء من السياقة للعدادات .. https://t.co/mxU1AvYABp,0
الناشطون السوريون في العالم مشغولون بزواج ريكي مارتن بشاب سوري هل هو حلال أم حرام #حلب,0
مرسي محبوس وخاين ومش هيرجع والتصالح مرفوض #السادة_المحترمون …,0
@Ahmadooovich  رسالة لملكة كوكب الزهرة #شعر_أحمد_الشيخ #فيديو #فيديوات#شعر_فصيح #قصائد #شعراء #شعر #شعر_غزل… https://t.co/JcqzTh8FE3,0
ايه اكتر اغنيه عجبتكم من الفنانه #غادة_رجب في برنامج #احلي_مسا مع النجمه #فيفي_عبده و النجم #هشام_عباس ؟,0
#بروباجندا| «#الأمم_المتحدة» تطالب جميع الأطراف بوقف القتال في «#حلب»التفاصيل على الرابط التالي https://t.co/Ny9Yg37Hb7,0
لسنا ضد من عارض مرسي بل لسنا ضد من دعم الانقلاب لكننا ضد من دعم القتل وفوض القاتل,0
تعرف على تواضع #النبي صلى الله عليه وسلم #كلام_جميييل #تدوين,0
هههههخخههههههه #انتخبوا_البرص #يا_رب,1
#فيفي_عبده_الام_المثالية اصلا صارت كلمة مثاليه الحين سبه عجبكم كذا طيب امشي يابن المثاليه ههههههههههههههههه زمن حسبي لله على رجاله,1
@Etshhh @Sherif_A انا رجعت لصور البروفايل على فيسبوك عندي الفرق واضح المشكلة + حلها في اربع صور ورا بعض كدا 😂😂,0
حتى الدور المشرف الذي لعبه الإخوان في حماية الميدان في موقعة الجمل لطخوه عندما قرروا أن يصنعوا موقعة جمل في كل حتة في مصر من أجل مرسي الكذاب,1
لا تثقل يومك بهموم غدك فقد لا تأتى هموم الغد و تكون قد حرمت نفسك من سرور يومك صباحكم سعادة و سرور :),0
أن أكون وحيدًا معك، في نهاية اليوم،ألا أرى سواك، بينما المساء يمضيفقط ليؤكد قليلة هي المسرات،ومسرتي الوحيدة: أني وحيد معك.* بوب ديلان,0
ﺑﺘﻔﺮﺡ ﺍﻭﻯ ﻟﻤﺎ ﺗﺒﻘﻰ ﺍﻧﺖ ﺍﻟﺴﺒﺐ ﻓـ #ﺿﺤﻜﺔ ﺣﺪ ﺍﻧﺖ ﺑﺘﻌﺸﻘﻪ ! ^_^,0
: فيديو: الإخوان #كاذبون_بسم_الدين ,1
RT @yase10_elmasre1: @bentelsoltan اللهم امين ربنا ينصرنا علي  منبطحين اردوغان,0
مين جرب اللعبة؟ https://t.co/XgV2kbE1hc #SuperMarioRun https://t.co/p1kZ2BndYH,0
RT @News_ajell: لا فناء بدون امداد للسلاح.. فنحن اليوم نصنع الفرق#سوريا https://t.co/heRw2SAj58,0
غوغل تتحدى أبل وأمازون بأجهزة جديدة  https://t.co/GayUxtZs1V https://t.co/Hp2rQ8VhfI,0
#ألمانيا تطالب #الناتو بمزيد من الحوار مع #روسيا - للتفاصيل اضغط الرابط https://t.co/jf9fRtXdDk #الوطن_العربى https://t.co/IPPIkeh4HD,0
@EGYPTAIR @amrmsalama الطيارة طلعت الساعة ٣٠'٨ ياشوية كدابين ولا في اهتمام ولا معلومات صحيحة الناس اتطرد من الفندق ومحدش قلهم حاجة,0
صفحة العروض اليومية في امازون البريطانيhttps://t.co/HMQaYNLqeH,0
ميثاق الشرف الاعلامى الذى اتخذوه ذريعة لاغلاق الفراعين برئ من الانقلاب قتلوا الميثاق ويستشهدوا به,1
بمناسبة انتخابات الرئاسة الامريكية  معظم الناس كارهين ( دونالد ترامب)https://t.co/xPLYMLli8H,0
اخلاء سبيل قتلة الأربع بنات بتوع المنصورة، عجبا ! يفرج عن متهم في جريمة قتل بكفالة، ويعتقل غيره بدون جريرة,1
ماحد يجيب التراك بتاع #MannequinChallenge 😄,0
الثورة المصرية وحدت المصريين في نسيج واحد تكاتف المصريون جميعا لإسقاط النظام وحموا بعضهم بعض في ظل غياب امني كامل,0
RT @Badeeer: كل أمتي معافى إلا المجاهرين#كم_مره_افطرت_في_رمضان http://t.co/9TobhcaPwb,0
RT @Almogaz: تسريبات #ويكيليكس| #هيلاري_كلينتون: #قطر تدعم #داعش وهذه خطة المواجهةhttps://t.co/FkvNpiDvji https://t.co/Or6D7VSrx8,0
إسرائيل قلقة جدًا من إمكانية وصول الصواريخ الروسيّة من طراز إس 300 و400 للجيش السوريّ وحزب الله وتُطالب بتوقيع... https://t.co/MiST2ginFA,0
ننعي الي الانسانية رمزا متألقا للنضال في سبيل الحرية والنهضة والكرامة الانسانية القائدوالمجاهدوالمفكر العربي احمد بن بيللا زعيم ثورة الجزائر,0
"رواد الاعمال قصص نجاح ملهمة ومحفزة ح03 - ""طقس العرب"".. ريادة... https://t.co/0godwvbqyx",0
"ترقب لما بعد رفع شفيق من ""قائمة الترقب"" ##احمد_شفيق https://t.co/3KudpRRyZx",0
@ihe_94 @ya78m @amooo5 @badiajnikhar @Oukasafa @reoshalm @Mnory202 مساكين من الصبح و هوما رايحين راجعين عاى غوغل تعبت بدالهم ههههه ي,1
@amer_alkubaisi @ghazwanaljassem عامر الكبيسي كغيرهيحلمون بالعودة للوراء من خلال اردوغان او داعش او حتى من خلال ا… https://t.co/TFDYIjWXqG,0
#شياو_يان من #بيت_الوسط: سنبقى على تواصل مع #لبنان بشأن #سورياhttps://t.co/I5cPICnZs1 https://t.co/uxt0fNaed1,0
المشد الرياضي سويت سوت النسائيعرض مؤقت في امازونhttps://t.co/GMTRCE9BFw #مشدات #تمارين #حرق #دهون https://t.co/OWjb2kG5fq,0
جنازة #كاسترو تمر أمام ضريح #غيفاراhttps://t.co/rEsg127VXz#كوبا https://t.co/2R4lZolaWF,0
سيناتورأمريكي:على #أوباما الرد على #إيران الحوثيين بسرعة وبشكل حاسمhttps://t.co/8PRDZLJz8m#السعودية #إرهاب_إيران https://t.co/ZwCVasvxG6,0
تمرير دستور كارثي تحت التهديد بحرب أهلية كأننا بنمضي عقد أو شهادة زور تحت تهديد السلاح شغل يليق بالعصابات,0
RT @iix20i: #شي_فخور_انك_ماسويتهانو ماحملت بوكيمون,0
من بارز الله بالمعاصي خاب وخسر دنيا وآخرة، وكفاه هذا الهاشتاج وفضائح معاونيه #انتخبوا_العرص,0
اللهم أستودعك أهلي وأحبتياللهم أستودعك بلادي #ليبيا وأهلها وشبابها اللهم أنعم علينا بالأمان والاستقرار وحسن المعيشة والتغيير للأفضل,0
@war13vv بوب ديلان كاتب وموسيقار ومؤلف وملحن ورسام .. مش بوق :3,0
RT @EddeRoger: دونالد #ترمب حقق هدفه بالعودة من أسبوع صعب ومصيري قوياً!مرشح يقود تياراً،له مصداقيته لتحقيق #التغيير الذي تاقت إليه #أميرك…,0
آخر تحديثرادار: sat24 | البروق وطقس العرب #فريق_طقس_المدينه/مروان الردادي https://t.co/sKEyua4blh,0
مليون خزوق يفلقوه ده ال180الف توكيل زرايبي للعرص #مرسى_رئيسى #انتخبوا_العرص #الشعب_يرد_تحية_الرئيس #مصر #رابعة …,0
Retweeted سامي البشير المرشد (@sbm1956):نتمنى على وزير #اوباما #كيري ان يبتعد عن الملف اليمني فقد كفانا شرا في... https://t.co/cgGKnvmm15,0
نهضة الغرور والأنانية يدعمها النفاق,0
#مليارات_العمره_علي_هوي_مصربحب مصر وشعبها وبكره السيسي وإسرائيل وهييهيا سـيـسـي يا خـايـن هيقـلـيك يـوم وتـنـدم وهييهلحن بصوت شعبولا 😜💃,1
تبااااااااااااااااااااا لك ياااااااااااااااااااا #مارك وأخير استطعت تغيير إسمي دعواتكم أصدقائي كي أتمكن من استرجاع إسمي الأول,0
القزاز: أخيراً الرئيس المصري القادم قد وصل! https://t.co/SnazjtlCij #احمد_شفيق #الرئيس #السيسي,0
#في_عالم_موازي اي خول من دول يتمسك فى الشارع يقلع ملط و يركب الحمار بلشقلوب و نزفه ف العشوائيات,1
اقوى نسخة ويندوز فى العالم 400 نسخة فى اسطوانة واحده ويندوز 7+8+8.1+10 بجميع اللغاتمن الممكن لك ان تكون حملت... https://t.co/JcQSRXwQNi,0
"RT @RevolutionSyria: ومازال "" تحرير القدس"" يمر عبر تدمير سوريا وقتل السوريين والفلسطينيين بمساعدة أبو علي بوتين ..- مخيم خان الشيح ليلة أم…",0
دفاعاً عن لبنان العظيم!!#جبران_تويني https://t.co/avYlna1LRD,0
ميريام فارس تعمدت إخفاء وجه ابنها في أحدث فيديو له؟ https://t.co/1FFEuQ79Zh,0
بوكيمون اتكلم https://t.co/tefYi9ixpv,0
قمة قطرية تركية تطالب بوقف المجازر ضد السوريين .. صاحب السمو والرئيس أردوغان يدعوان المجتمع الدولي للضغط على النظام… https://t.co/k6rZH02hKj,0
"صحيفة عاجل الإلكترونية/ ""الإيدز"" يهاجم مليون و200 ألف شخص في عام واحد #الإيدز #الأمم_المتحدة - - عبر نبض @NabdApp https://t.co/OFMGnoNE7E",0
#اليمنية| بعد إنتهاء الهدنة.. إستعدادات لمعركة كبرى في #باب_المندبhttps://t.co/holUAkNTkx#التحالف_العربي_سند_اليمن#جنود_التحالف_سند_لليمن,0
مصر رائدة التحولات الكبرى حسمت التحديات التي واجهت كل المنطقة كالغزو المغولي والبريطاني وستضع حداً للتيارالعلما…,0
بعد صدام الشرطة بالنيابة فى سوهاج شعار الانقلاب الجيش فوق الجميع والشعب مالوش لازمة,1
RT @rahimmoheby: الحوار المتمدن:الملف الذي يرعب ملالي #إيران #المقاومة_الايرانية #الشرق_الاوسط #1988Massacre https://t.co/hdcHXRdyRV https:…,0
@Alito_NBA @AHMEDGARNETT الله يستر، لا يصير فيه درافت 🙈كان يجحفلوننا نجران والرائد 😂,0
#كيري الهدنة  الي سواها لا تفرق عن سابقه ولد الشيخكلها مجرد  إعطاء العدوان وتحالفه الوقت لقتل اليمنيين #النصر_لليمن,0
جبران تويني كان الوحيد يلي بيقدر يخاطب الجميع اصدقاء و اعداء #هوا_الحرية,0
#القدس-شرطة #الاحتلال تسيطر على اسرائيلي في #حاجز_قلنديا لقيامه بالركض  باتجاه سيارته دون ان تطلق النيران,0
الاحتلال يستهدف مراكب صيادين فلسطييين في غزةhttps://t.co/9G2d4HhUxa#فلسطين #الاحتلال https://t.co/cfa5Jpfaw3,0
@alimohd_ali  اكتب في غوغل معنى شكوبي وستجد الشرح ض2,0
#فيديو #حصري #ملكة_المسرح #ميريام_فارس من #حفل #زفاف الشيخة لطيفة بن محمد بن راشد آل مكتوم… https://t.co/ZgM2rMBmfg,0
==>  https://t.co/4PCVV96S7n #لحس  #تحرر #جنس #كس #زغب  # سوريا  #مسقط   #فلسطين #الرباط,1
شكرا لكل من جاوبنى,0
الحركة السياسية في مصر تأليف طارق البشري يكشف تواطوء قيادات الأخوان مع اسماعيل صدقي والملك فاروق ضد الحركة الوطنية اقرءوا قبل ان تشتمونا,1
#سوريا #Syria#مقالة#المجتمع_الدولي يوافق متأخراً على إرسال #مراقبين_دوليين لشرق #حلبhttps://t.co/69i3JDqspy… https://t.co/1wYvgqgX00,0
@ll1or مش دي نوال الزغبي؟ شوفتي بقي الفرق بين المصريات واللبنانيات😜عشان كنتوا فاكريني بكدب عليكوا,0
انظر عينيها وسوف تري العصية#بنغازي https://t.co/WbnE0qHGat,0
#نافذة_مصر |  #أزيحوا_السيسي_وبشار #ستبقي_حلب #راجعين_ياحلب اهل حلب رحلوا وهم عازمون علي الرجوع ياله من صمود... https://t.co/tIXzUn37oT,0
“ديلى ميل”: ترامب سينقل السفارة الأمريكية من “تل أبيب” إلى #القدس  https://t.co/4WlWa1M97X,0
"المنافسة بين #أبل و#سامسونغ تصل إلى ""#سيري""  https://t.co/9zWNGaKmnu https://t.co/EFJHsdc1Hr",0
مع انه تزوج وقاي  وفرحت لزواجه الا انو قلبي ينبض كل ما شفته ريكي مارتن حب الطفولة والمراهقة وحبي حالياً😢 https://t.co/GbS2k8Di9d,0
شاهد لحظات إستهداف آلية عسكرية سعودية في الممعود بصاروخ موجة في جيزان .rv2 https://t.co/MkhIYzFGaZ #عادل_امام,0
طب وامريكا اللي قالت ان اقمار التجسس بتاعتها شافت الطيران وهو بيضرب.. طب بوكيمون اللي قلقان نعمل معاه ايه https://t.co/t5EdUCh6Jr,1
.شاركونا غداً في اليوم الخامس من #معرض_الكويت_الدولي_للكتاب في بوث #مبادرة_الجليس حول أمسية… https://t.co/Ds4yUXwaqd,0
زبيدة ثروت #مزز_ما_قبل_البلاستيك,1
الأرجنتين لا شي بدون ميسي 😎حتى لو فازت أداء غير مقنع ❌,0
ليون و واكا شكلهم عادي ساتوري يمكن تكون شخصيته رهيبة 🤔اما غوتشي شكله بثرررررر https://t.co/SZf0l4ewvj,1
بعد 11 سنة، كيف تخلّى رفاق #جبران_تويني من وزراء ونواب وزعماء عن قضية إغتياله؟https://t.co/NGLGxMkNcn@LbciLebanon… https://t.co/qbC75APS4N,0
عاجل | #سوريا: #الجيش_السوري يسيطر على أحياء طريق الباب وكرم القاطرجي والحلوانية شرق مدينة #حلب وانهيار الإرهابيين.,0
#اليمن عاجل : الدفاعات الجوية تعترض صاروخ بالستي في مأرب: اعترضت دفاعات التحالف العربي صاروخا…… https://t.co/WXfmPZENW9,0
حلب دمار وخراب حلب تقتل وتذبح  😢 😢 😢 😢#الدعاء_الدعاء_لاهل_حلب#حلب_يالله_ليس_لهم_غيرك#ستبقي_حلب… https://t.co/HvLSPlZInU,0
كوبر يطلب تقريرا عن#احمد_الشيخ قبل اعلان قائمه امم افريقيا 2017 https://t.co/j8FxVfRULR,0
- الجيش خائن - الجيش يشوه الرموز الإسلامية #يسقط_حكم_العسر…,1
#ماذا_لو_المدارس_مختلطهماعاد توصّي احد على النظافه,0
بايدو الصينى ينافس جوجل ويطلق ميزة للتواصل مع الأطباء https://t.co/FsKbJ7fJaw #البحرين #الكويت #السعودية #الإمارات #قطر #عمان #المنامة #تك…,0
#الببلاوى: اعتبار #الإخوان #جماعة_إرهابية قرار سياسى وليس قانونيا (لن تنقذ رقبتك مهما حاولت أيها المجرم فدماء الآلاف في رقبتك وشركائك),1
RT @14__moony: سـاعـة الإشتيـاق ليس لهـا عقـارب .. ومع ذلك تلدغـك في كـل ثانيـة تعيشهـا#قروب_خواطر_للدعم#قروب_فيدرر_للدعم,0
السعودية ترصد لقاءات سرية مصرية إيرانية حول سورية  https://t.co/RwEatdqjmc https://t.co/SFjVDLNMzP,0
يا عمر سيبك من كل دة فى حملة منظمة لتشوية ثورة 25 يناير ورموزها أقرأ مقالة مصطفى النجار فى اليوم7النهاردة وشوف …,0
5 أفلام من خلف #حائط_برلين تُعرض بالمهرجان ضمن أسبوع النقاد#مهرجان_القاهرة_السينمائيhttps://t.co/mjGgwK9612,0
"RT @ishawky_: الأرجنتين لا تساوي شىء بدون أحسن لاعب في المجرة ليونيل ميسي""""",0
هاري بوتر يعود من جديد 🐥😂😂😂 https://t.co/6BpABMDRSf,0
عندما خيروا الشاب السوري بين بنات جامعة البا اللبنانية وبين ريكي مارتن فاختار ريكي مارتن وقال مو ناقصني قرف,1
RT @Alaraby_Sport: نجوم #برشلونة قريبا في #الدوحة.. هذا موعد الوصول والسببhttps://t.co/RlPzcjNcP8 https://t.co/QUbkV7Nevi,0
RT @AntikaKika: @nadinenjeim #نص_يوم_نادين_نجيم #نص_يوم  😭 ندوونتي عم تبكي😭😭😭😭 يارب الله ينتقم من جابر ههههههه من رمضان و انا بدعي عليه htt…,0
(.. وبين تلك الأوراقصورة وروايةوجرح كبيروألم مدفونكيف لها أن تكتبه؟) من كتاب #كان_حلم… https://t.co/tihNVMVmVf,0
احمد الشيخ سجل 8 أهدافاللي يضحكك منهم 5 ضربات جزاءيعني حضرتك من غير ضربات الجزاء سجلت 3 وصنعت 2 في 8 مبارياتعايز تروح المنتخب علشان كده؟,1
#مصر_لن_تركع يا سيسي .. احلى من الشرف مافيشي ... 💃🏻💃🏻💃🏻💃🏻,1
طريقة عمل العاشورا هههههه ظهرلى كده ع جوجل #احمد_يونس_في_صاحبه_السعاده,1
بمناسبة عيد المولد النبوي الشريف أهنئ الامةالاسلامية وخاصة من يفرحون بذكرى ميلاد الحبيب محمد صلى الله عليه وسلم كل عام وانتم بخير وعز وشرف,0
نجران - تهنئة أبطال الجيش اليمني واللجان الشعبية من جبهة البقع بمناسبة ذكرى المولد النبوي الشريف https://t.co/bCduYsGQJi,0
#انشر للفائده عشبه الجنسينج من اكثر الاعشاب فائده في تقويه الذاكره وزياده الاستيعاب والحفظ والتركيز يفضل استخدامها للطلاب ك…,0
“الغيطي”: “إسرائيل لعبت بقبرص واليونان أثناء حكم مبارك.. وإحنا نايمين في العسل” https://t.co/idgccBQZ2Q,0
اهمال إدارة المرافق العامة بما يؤدي لقتل متوالِ للمصريين جريمة تستحق العقاب الجنائي افتقاد الرؤية وبرامج الإصلاح فشل يستحق العقاب السياسي,0
ملعونة الحياة بدونك 👌#مشتاق_اسمع_جمله#عادل_امام#كلمه_لحبيب_قلبك#حب_أعمى#ولسه_يامصر_هشوف_فيكي,0
#اليمنية| تعيين #الجنيدي مدير لأمن #لحج خلفا للحالميhttps://t.co/LUT0l4VWsg#التحالف_العربي_سند_اليمن#جنود_التحالف_سند_لليمن,0
"هل تعرف معنى اسم الله الصمد ؟ ""الصمد"" الذى يُقصد إليه فى قضاء الحوائج ""الصمد"" لا يحتاج إلى أحد و يحتاجه كلُ أحد",0
#يسقط_حكم_العسكر #انزل_30_اغسطس #مصر_تنتفض_ضد_العسكر #مصر,0
2 عندي حق لكن هل أخلاقنا مثل أخلاقهم؟,0
بينهما احاديثو بينه و بين حكام العرب افعالفدعوا اردوغان و سلطوا الضوء مجددا على بقية المتقلبين فوق الأسرة https://t.co/0cyQntAU1L,1
مرسوم بوتين والحزم في سورية..بقلم غالب قنديل - https://t.co/K8HpfxAhio https://t.co/MsAM5Q0FzI,0
إلى المتخاذلون و المتحولون :يقول مارتن لوثر عندما ينتهي كل شيء لن تذكر شيئا من كلمات أعدائك لكن صمت أصدقائك سيترك أثرا لن يزول,0
مصادر : 80 حافلة خرجت من أحياء حلب الشرقية حتى الآن تحمل مسلحين وعائلاتهم.,0
@Yaqoobzz فيدرر عمك,0
🚫 للتذكير فقط✅ اذا ركبتي معي تذكري!! انا ماني سواق على كفالتك ،،ترا عادي جداً انزلك عند اقرب رصيف 😔#اوبر#كريم,0
@3abdullahAl @Roudaalraesi لِ لحظة حسيتهم يركضون عشان بيونسيه 🙂🔥.,0
قاومت وكنت الشوكة في حلق التنين أرهبت الدبابات العزل بالسكين ! #جنين,0
RT @al8nas_ksa: نائب العام لجماعة #الإخوان_المسلمين في #سوريا ..#إيران تريد تسليم سوريا للإخوان كونهم الأقرب لهم . #يا_إخوان #أردوغان h…,0
قفشت الوله هاري بوتر المصري فالتليفزيون https://t.co/Dntra8yUzb,1
RT @awadhalabdan: تقسيم العراق أصبح أمرا واقعا والمسألة مسألة وقت حتى تبدأ الدول الممزقة من العراق برفع راياتها وارسال سفرائها,0
134 شهيد و3400معتقل قتل وتعذيب واعلان دستوري يجعل إرادة مرسي فوق القانون لكن اردوغان لم يعترض الا عندما خلع الشعب مرسي الاخوان ملة واحدة,0
واضح ان الناس اللي ساكنة في 6 اكتوبر بتروح مدارس وتشتغل في القاهرة والجيزة وده سبب كافي لزحمة رهيبة,0
عجبت لفصيل يدعي الاغلبية الكاسحة و يعكر صفوه برنامج اسبوعي لا يتعدى الساعةعايزين سلطة و معارضة تبقى معاهم,1
اللي يعرفون اغنية بيونسيه Halo تعالو نتصادق,0
@federista1989 تحبها زي ما بتحب فيدرر و برشلونة ولا هي تحبك زي ما بتحب انت فيدرر و برشلونة ؟,0
بالصور: باراك أوباما يعايد ميشيل في ذكرى زواجهما الـ 24https://t.co/YWRhzQr6TY https://t.co/pXUx5bxyOT,0
⬆ نشط في لبنان 🇱🇧⬆#لافروف#الغاء_الاتفاق_النوويآخر تحديث: 2016-12-06 13:25:23;سبحان الله العظيم عددخلقة ورضانفسه وزنة ومداد كلماته.حسبي ا…,0
RT @sharif_hijazi: لحظة وصول الإرهاب للشرق الأوسط ونزوله من الطائرة الفرنسية https://t.co/djfvwi0yvK,0
@A_AbdAl3ziz @CleopatraPhVII @MustafaBaydoun @Nayefalthany1 @AlaaSamsung89 نسينا يوم الخسيسي يلحق اوباما وما سلم عليه مصر اكبر من الخسيسي,0
كلامي لم يتغير من يستغلون الإسلام سياسيا هم من صاروا أكثر كذبا و فحشا,0
Retweeted عميد آل شرف الدين (@ameedsharf):#خلاف_سعودي_أمريكي#العسيري يصرح بإنهاء هدنته المزعومة#كيري يعلن قبل... https://t.co/GxClMjYtQ6,0
مصادر إعلامية : #الجيش_السوري قدّم أمس مبادرة مكتوبة للقيام بـ #مصالحة وطنية شاملة في #الغوطة_الشرقية بنفس بنود... https://t.co/1lrfyiEJTy,0
مرسي: أحيي السويس الباسلة وبور سعيد الصامدة وهاقول لهم هانيمكو من المغرب,0
@malak_alhusaini قسم بالله محتاجه ايفون تكفين ملاك الله يخليك 😭😭😭😭😭😭😭😭😭😭😭😭😭😭😭😭😭😭 شوفي حسابي,0
«البدري» يكشف موقف الأهلي من استعادة أحمد الشيخhttps://t.co/utc7Q2Srfw,0
RT @ssa_at: كان طائفة من السلف يصومون عاشوراء في السفر، قال الزهري: رمضان له عدة من أيام أخر، وعاشوراء يفوت، ونصّ أحمد على أنه يصام في السف…,0
@kasimf التضخيم ليس على حجم المنطقه الشرقيه التضخيم بان الدور اصبح على ادلب واصبحنا بين جناحين جناح حلب وجناح الساحل مطوقين من ٣ جهات,0
#أوباما: ميانمار لن تنجح إذا استمر قمع الاقلية المسلمة #العرب #مسلمي_الروهينجا,0
مدّ لي حبال صوتكانتشلني من الغرق !,0
عدم عدالة توزيع الثروة في #الولايات_المتحدة أكبر مما هو حاصل في #فرنسا.https://t.co/MZYnJJwn4Sترجمة مختصرة 👇 https://t.co/zoTnflmFnr,0
جمال سلطان فضح الانقلاب واعاد الحق لمرسي بعد ان عانده كثيرا,0
اسلحه امريكيه يمتلكها حزب الله المجوسي  من اين لك هذا؟,0
النظام المجرم من خرج لعنده من مناطق حلب الشرقية  الان يلقى عليه القبض من افرعته الامنية والحبل على الجرار,0
تبقى بجد في كوكب القرود إذا إفتكرت إن شعبيتك تزيد بممارسة التسويف والقمع والتدليس والنفاق لتبجيل وتبرير ديكتاتورية فجَّة,1
الفنان #عادل_أمام و نجله محمد يشاركان بعزاء الفنان الراحل #محمود_عبدالعزيز https://t.co/cXDfUmKQcs,0
أحلى تحدي شفته لـ #MannequinChallenge  https://t.co/F9mS3192n2,0
ويعمل برنامج سيسي شوووو 😂😂😂 https://t.co/gQE5pBtahb,1
@Hodosakurai فعلا بوكيمون تطور 😂,0
#فودافون العباطه بين ايديك,1
"RT @jusoorstudies: نظّم ""مركز جسور للدراسات"" أولى جلساته الحوارية ضمن مبادرة (جسور للحوار) جلسة بعنوان #القضية_الكردية_رؤية_وطنية_سوريةhtt…",0
من اغني دولة في افريقيا الي دولة فاشلة بعد دخول الناتو وايجيك واحد متحزلق مداير روحه مثقف اوقلك معمر جهلنا احا مل… https://t.co/UDFykwpIQX,0
نهاية العقد الاجتماعي البعثي في سوريا بشار الاسد:قراءة في التحولات الاجتماعية والاقتصادية من خلال الجمعيات... https://t.co/rFrX0QT5qK,0
لحام اي شيء فى 5 ثواني وخطوتين فقط https://t.co/U10J3rEPqY?mLO #مهرجان_القاهره_السينمايي #SS10,0
#الناتو يكشف: ضباط أتراك في الحلف طلبوا اللجوءhttps://t.co/RBJkhobc9t https://t.co/a0KT4hzMcF,0
كبرتي يا بطة وطلعلك شنب وبقيتي بتقولي حكم.. غوتشي.,0
RT @Arabi21News: البايس: مباراة كرة قدم في #عاشوراء تثير غضب محافظين #إيرانرابط الموقع الجديد:https://t.co/qYdtN4c87nhttps://t.co/lwqnun…,0
@abu__sanad @yamnayopas @ahmad2020286 حزب الله يقاتل بعترافهم بسوريا علشان وﻻية الفقيه! https://t.co/rUmf9JKGpZ,0
أبل تفوز على سامسونج.. كيف؟!: المواطن – وكالات فوز غير متوقع سجلته “أبل” على “سامسونج”، وذلك مع إعادة محكمة ا... https://t.co/L8QCamVMSK,0
"قوات الأمن المصرية تقوم بضبط ""لاب توب"" يحوي أغاني مسيئة لـ""السيسي"" هذه ليست نكتةهذه حادثة حقيقية في مصر بعد …",1
أوبر انضربت يا جدعان...على هذا الشركة أن تعيد حساباتها وفحص سائقيها فورا...#Ubar#اوبر https://t.co/YdnUfS4mAw,0
من يتفرج معايا ع هاري بوتر,0
لازلت في محاربة جستن بيبر واي اغنيه تعجبني اشوف سومو اذا منزلها بصوته💓,0
RT @flakeo: عطوها وسام بوكيمون https://t.co/QifSENlzLB,1
رابط تحميل المعصرة عدد اليوم:مايطلبه المواطنون للرئيس الميمون والأبواب الثابتة ورسوم عمرو سليمأتمنى تعجبكم,0
فضلوا يبرروا بمعايير بيئية صارمة لاستخدام الفحم في مصانع الاسمنت وفي الآخر سمحوا باستخدام الفحم بدون موافقة البيئة #أوقفوا_الفحم,0
"""رائيكم  بقيام  الكتائب الارهابية بضرب الحافلات التي تنقل المدنين والجرحى في حلب الشرقية""",0
*حسين مرتضى* من *حلب*كم بلغ عدد الباصات التي قامت بترحيل المسلحين من الأحياء الشرقية لمدينة حلب خلال الساعات... https://t.co/J6I8Wc4gyY,0
طلع #كاسترو طرابلسي ونحنا مش عارفين,0
@MahoPalmer @TMZinArabic كانه هاري بوتر😂💔💔,0
الذين يتسابقون لتلبيس مرشد الاخوان الحذاء عليهم ان يدركوا انهم يهدرون كرامتهم قبل ان يتحدثوا عن الثورة ما يفعله الشاطر بكم لن يفعله بنا,0
#طقس_العرب: تساقط #الثلوج في مطار سيراكيوز هانكوك في #نيويورك#فيديو https://t.co/AaRmnwnpaV #طقس_كترل,0
هل تنقرض #مهنة_الصيد_في_غزة بسبب تضييق #الاحتلال؟ #إسرائيلhttps://t.co/tZwd075pIM https://t.co/K29KBBBrMa,0
#اليمنية| صدور قرارات رئيس الجمهورية بتعيينات عسكريةhttps://t.co/yozchN2ucV#التحالف_العربي_سند_اليمن#جنود_التحالف_سند_لليمن,0
RT @almuharrmi: هيلاري كلنتون في تسريب لويكيليكس: السعودية صدرت أشد الإيديولوجيات تطرفا في العالم.. يبدو أن معاداة السعودية ستستمر طويلا في…,0
اعتصام عمال ''بلاتنيوم'' داخل ميناء السخنة #حاميها_حرميها #الجيزة,0
@AhmadRasoul العراق مجرد ميليشيات و عصابچية مو دولةفعلى اي اساس تحترما باقي الدول، يمكن يستخطونا اي بس يحترمو لا,1
RT @mustafakamilm: يتفنون في الكفر..وصول النبي نوح (حاشاه) إلى #كربلاء للتعزية بمصاب #الحسين بمناسبة #عاشوراء#العراق #الحشد_الشعبي #الس…,0
باااااااااااااااااطل ياولاد التيت :/ من مسيرة #المطرية #أنا_حازم #مرسي_رئيسي #ياخاين_ياسيسي #حتماً_سنعود,0
#ﺣﻤﺪﻳﻦ_ﻋﺎﻭﺯ_ﻳﺤﺎﻛﻢ_ﺍﺳﺪ_ﺍﻟﻌﺮﺏ برضو #سأنتخب_السيسى_و_مش_هنزل_لمستواك,0
الرياضة اليوم ذُعر في برشلونة بعد أنباء إصابة “سواريز” https://t.co/RwMEaO7KGD https://t.co/pImPvLPpOJ,0
"#عاجل غوغل تتحكم في بيوت الناس - أعلنت شركة ""غوغل"" عن جهازها الجديد ""غوغل هوم""، وهو عبارة عن جهاز للتحكم الصوتي... https://t.co/5dCsEnSlwf",0
RT @MuHammaDBakkar4: فيصل القاسم: لماذا يستعرض بوتين إس٣٠٠ و٤٠٠ وباقي اسلحته فقط في سوريا ولانرى هذا في العراق ؟لأن تدخلها بسوريا هو بمواف…,0
صور من المعرض الاول للصناعات التقليدية الذي اقيم بدار الطابع ..بمناسبة مهرجان المولد النبوي الشريف ..اعمال يدوية... https://t.co/KrgCjFCp4J,0
تحقيق يكشف آثار مواد متفجرة في رفات ضحايا الطائرة المصرية المنكوبة#Egypt #EgyptAir_plane #Medi1 https://t.co/TCUUzjkcLF,0
خبر عاجل...بحسب استطلاع لشبكة CNN... هيلاري كلينتون تتفوق على دونالد ترامب في... https://t.co/432aDqjxaO by #cnnarabic via @c0nvey,0
العبيد فى اعلام العار لم ينطق بعد تصريح ايهاب رمزى ان الاقباط سيقاطعون انتخابات البرلمان ويصوتون لا للدستور اذا,1
#السعووديات_مرهلاتساعات نسائيه ماركة غوتشي،مع الاساور والخواتم وكرت الضمان فقط بـ250 ريال https://t.co/UwHO829lIX,0
شيء يشرح النفس، البُعد النظري للأمر أننا نكسر الصورة النمطية حول بعض الأقاويل بأن المجتمع يهتم للأكل أكثر من الثقافة #معرض_جدة_الدولي_للكتاب,0
@fnkuwait واليورو في نزول من ٢٠٠٩ وجاءت بريطانيا والـbrexit حقها زادته،، العالم جالس ينهار على كل الأصعدة (ترامب ما… https://t.co/IHWvmtoC4r,0
"جمهوريان في مجلس الشيوخ الأمريكي يطالبان بتعديل قانون ""جاستا""#سبوتنيك #الولايات_المتحدة  #السعودية… https://t.co/WRLOeFLpjx",0
أنا مثلى الأعلى #منخرع#عادل_إمام#فيلم_الإنسان_يعيش_مرة_واحدة 😂😂😂😂😂😂😂😂😂😂😂,0
شحلاته الي لابس شماغ 😂🔥  zerocarbq8 #mannequinchallenge https://t.co/ssobOciQKi,1
إستمرار تخاذل المجتمع الدولي بعدم رفع الحظر الجوي عن مطار #صنعاء ، يضاعف من إعداد الوفيات لجرحى #مجزرة_القاعة_الكبرى#الحظر_الجوي_جريمة_حرب,0
معقوله شما تشبهه هاري بوتر 😂😂😂😂😂😂😂😂 https://t.co/DyehqPY4kf,1
#نادين_نسيب_نجيم بتستاهلي لانك فعلاافضل ممثلة لامانة انا بحبك وبحب ثمتيلك ❤ @nadinenjeim https://t.co/r7V9vETcOa,0
ابغى اصادق وحده تشبه هاري بوتر بمدرستي وهي اكبر مني الي تعرف كيف تجي خاص تقولي بليز💔💔,0
حتی بالانمي نشيت لنا هاللعبة 😂💔#جيمرز #بوكيمون_قو #جيمر https://t.co/MDY8IBbnHM,0
RT @yase10_elmasre1: #الاخوان_احفاد_مسيلمة ما زالوا يكذبون  خبر شركة #ارامكو من قبل موضوع التصويت يا كاذبون لن تستطيعوا زرع الفتن يا  #صخلا…,1
حسين بك سالم ..متى يعود الى #مصر ؟ بصوت #عمرو_اديب,0
نفسي فيه و تفوو عليه ! #فيفي_عبده =)),1
أرمـــــــلة سورية 42 س مــــــــــقيمة  تبــحث عن زوج مــــــــــــسيار  https://t.co/0GYbc9slxh,0
"""يا ختي عليكم "" ريكى مارتن: تقدمت لخطبة صديقى جوان يوسف منذ عام ونعيش معا فى سعادة - https://t.co/zhK0jzsPsj #youm7",0
VirginTBO رامي عياش يجب عليك استعراض المرافقه. للجمهور قبل استعراض صوتك https://t.co/UeCwvetfNZ,0
الملك سليمان يصل الاثنين الى #بيروت على رأس وفد سعودي لتهنئة ميشال #عون بانتخابه رئيساً للجمهورية.,0
عشرات الجنود الشهداء لم يجدوا وقت لدىمطران #بيروت ليقدس ذكراهماعلام #لبنان ليذكرهم بالاسماء#جبران_تويني  يستحق؟عبيد #المال و #السياسة,0
من النهارده هتبتدي كل الوساخات اللي كان نظام مبارك بيرددها عن هيكل تتردد على ألسنة الإخوان وأنصارهم للإنتقام من كلامه عن فشل مرسي وجماعته,1
حلمت اني اخت جستن بيبر والبنات يجتمعون عليه واصوره بسنابي😭😭😂,0
ﻛﻞ عام و انتم بخير تعرفوا علي مظاهر فرحه عيد الفطر المبارك من خلال البوم صور ﻟﻴﻮﻡ العيد من جميع انحاء العالم,0
واحد من عاهات برقه خانب من قوت الليبين 10 مليون يورو قال فليذهب الدولار الى الجحيم و الخلود للشهداء.#ليبيا #بنغازي #برقه,0
RT @atwaniyat: #المقال : “فيتو” أوباما سقط بطريقة مخجلة في مجلسي الشيوخ والنواب... والحليف السعودي تحول الى “عدو” والاستعدادات لابتزازه بد…,0
@FahdAlthubity السلام عليكم بغيت اطلب طلبيه من امازون وعرفت انك وسيط وقيمه الطلبيه 249 دولار ولا ادري كيف الطريقة.,0
ماذا تفعل يا #فيدرر :Oحرام حرام و الله حرام :Pنقطة من النقاط التي يعجز اللسان عن وصفها <3 كوكب التنس نفتقدك :'( https://t.co/dPMsdX4s69,0
#مهرجان_القاهرة_السينمائي يحتفل بالسينما الصينية ويعرض 15 فيلمًاhttps://t.co/SdDJZuHHTw@almaghribtoday,0
اليمين المتطرف يقر بالهزيمة في «مارثون الرئاسة» بالنمسا https://t.co/KrsPFoRyMZ,0
عطية يطالب المجتمع الدولي تعزيز الدعم الموجه للأردن https://t.co/115oRpDAnx جريدة الدستور https://t.co/6RNdljsjZb,0
لعبة رائعة #فطحل_العربرابط اندرويد :https://t.co/NPS70o0Vkiأيفون :https://t.co/K80zqTbvRV https://t.co/OLYaUFRSQn,0
الخضري: ثمة حاجة لتبني المجتمع الدولي لسياسة «ضغط»على إسرائيل لرفع الحصار - https://t.co/R78868y8l3 https://t.co/PU2tEG68ib,0
"#الاحتلال يمنع 38 فلسطينياً من السفر الاسبوع الماضي لـ""أسباب أمنية""https://t.co/8h32fqVH8a https://t.co/hJJGRI37Mv",0
لكل يلي ما شاف حلقة النجمة #نادين_نسيب_نجيم في برنامج #في_بيتنا_ضيف موجودة على هذا الرابط 👇😍https://t.co/247CLcs0tG@nadinenjeim @dubaitv,0
الدولة تلتزم بتيسير سبل التراحم والتضامن والتكافل حسن لو خاصم ليلي الدولة لازم تصالحهم علي بعض,0
نجمتي نانسي  وب أبتسامتك َ تَبتدِاءُ مَراسِمُ أَعيادِي❤#Christmas 🎄🎉🎄🎉❤@NancyAjram️ https://t.co/ItoTsBiSZ8,0
#أونا| #غوغل تعرض هواتفها الجديدة بسعة تخزين لانهائيةالتفاصيل .. https://t.co/j8FIKzXEi5,0
#Assad#Syria_Army#سوريا#لبنان#العراق#ايران#حزب_الله#زباله#الجيش_السوري العربي البعثي المقاوم العفلقي الممان… https://t.co/LvZP4oxCCl,0
ما يحدث الان في القدس عاااار علي المسلمين لكي الله يا قدس#القدس,0
متي تتيقن جميع الفصائل السوريةان المجتمع الدولي الصليبي وبعض الدول العربيةضدهم وضد ثورتهم وان ينطلقوا من هذا المبدأ لتحرير ارضهم ونبذ الفرقة,0
لجماعة الشيرينغ ،،، القنوات الناقلة لـ مباراة ريال مدريد x كلوب أمريكا | الخميس | الـ 11.00 توقيت الجزائر,0
RT @emirates4you_ae: https://t.co/FSBTaYg5EXرئيس الفلبين يشتم باراك أوباما#الإمارات_بعيون_عربية https://t.co/mXakKuXgI8,1
@iiSaxed10 تالله انها لا تساوي شيء من نظارتي غوتشي,0
تونس !! #SuperMarioRun جاري الادمان .. https://t.co/3gc5K3dlQ7,0
14. ايش بتقول #نوال_الزغبي ؟,0
ويندوز 10 بمساحة تخزينية أقل من أنظمة مايكروسوفت السابقة https://t.co/EOyj5d2Mo6,0
@Elghannamm2 @hala_abdelwahab دة رئيس واجهة فقط #عمرو_اديب,1
RT @aitnews: Drifty Chase .. لعبة سباق سيارات ممتعة على الهواتف الذكية#ألعاب #آيفون #أندرويد https://t.co/04Y8ES9auG,0
https://t.co/jTrH1HaYMX سولانج.. شقيقة بيونسيه تتصدر بيلبورد الأميركية,0
فنانة سورية تنفجر باكية وهي ترثي حال شعبها (شاهد) https://t.co/kRM5ehfOxt,0
RT @Somaih26_6: مِن اقـــوال الرسول:أفَضَل الشُهور بَعد رمَضان شَهرُ الله المُحرم وأفضَل الصَلاة بَعد الفَريضَه صَلاةٌ في جَوف الليل..,0
اللهم اجعله غيثا نافعا وارحم الشهداء وارفع عن بلادنا البلاء يارافع السماء 👐#بنغازي,0
يآجعل دربكَ تسآهيل والفُوز فآلك #النصر_الشباب #نصراوي_لاتكلمني,0
#بالفيديو#الجيش_السوري يستهدف بالصواريخ الموجهة اليات ومواقع للمسلحين في #ميدعاني بالغوطة الشرقية لـ #دمشق#يونيوز https://t.co/Uc8rPh9gXB,0
اهتمامات كاسترو المتعددة من النساء إلى الطبخ #اهتمامات #كاسترو #المتعددة #النساء #الطبخ https://t.co/Z8i1CPVAEj,1
@elhamali85 الهام عندج فيسبوك,0
2 فقط جلسة ودية، موقفي من رفض الحوار مع الرئيس وجماعته وحزبه كما هو وملتزم بموقف الشارع الرافض للحوار بدون ضمانات وهو موقف جبهة الإنقاذ,0
العقيد ركن ابراهيم ال مرعيلهذا السبب رفضت دول #التحالف خارطة #كيري والبعض فرحان ويظن دول التحالف سنة أولى سياسة https://t.co/6Z3ECm7dr5,0
إلي المجلس العسكري ووزارة الداخلية : أوقفوا القتل وسفك الدماء فورا الدم المصري خط أحمر,0
كسم ابديت ويندوز 10 على سكشن 9,1
لصالح من يُلغى مشروع ( محور قناة السويس ) الذي كان من المقرر أن يرفد الخزينة المصرية بمائة مليار دولار سنويا ؟ الجواب…,0
"من فضل الإسلام أنه كرم المرأة, وأكد إنسانيتها وأهليتها للتكليف والمسئولية والجزاء ودخول الجنة #",0
في #مثل_هذا_اليوم من عامين...الفنان رامي عياش: سعيد للتعاون مع الأمم المتحدة التي تفعل الكثير لكل العالم… https://t.co/CVT9tBrTua,0
وتصبحون ع حب وسلام 🕊💗 @nadinenjeim #نادين_نسيب_نجيم #في_بيتنا_ضيف#nadinenassibnjeim #nnn #star #actress https://t.co/DV6imKyuHh,0
#اصعب احساس # #لما يوحشك حد# #مات# #سو#,0
RT @ama4425: الشيخ عبدالعزيز الطريفي :عبدالفتاح السيسي ظالم مجرم مستبدانقلابه لم يكن سياسياً بين طرفينبل هي حربٌ على الإسلامhttps://t.c…,1
ولا لقين كراش ولا بوكيمون سعتك الاكل ممنوع ❎#الاكل_ولا_الكراش,1
ما ان تكتب حملة تمرد حتى تنهمر عليك شتائم الاخوان أعصابهم متعبة من تدفق التوقيعات لسحب الثقة من مرسي سوف تهزمكم الثورة التى خنتموها,1
RT @M__albugaily: من غرائب الشرق الأوسط .. يؤيدون مصر في محاربة الإرهاب في سيناء ويعترضون على محاربتها للإرهاب في سوريا .. وعندك واخد خشري…,0
#التغطية_مستمرة الإعلام الحربي المركزي #عاجل#الجيش_السوري يسيطر بشكل كامل على السكن الشبابي المحاذي للبحوث العلم… https://t.co/LhIUb696a5,0
يقولون والعهدة على الراوي أن استير بولونسكي لما سمعت بترشيح البلتاجي لرئاسة المخابرات نُقلت إلى المستشفى لإصابتها بشرخ في الحلق من فرط الشخر,1
لو عايز تعمل فرق في مواجهة حوادث التحرش والإنتهاكات الجسدية في التحرير ساعد الناس المحترمة دي ولا تسمح للضباع بالمزايدات,0
RT @jamal_arif1: الاتحاد الكبير لعب في البرنابيو أمام ريال مدريد بدون واسطة ولاراعي..الحدث قبل 6 او7 سنوات..لاحظوا بدون راعي واحد للطرفين..…,0
#طقس العرب يتوقع تساقط الثلوج على #طريف و المناطق المحيطة بها الاثنين ليلا و فجر الثلاثاء #ثلوج_طريف #ثلوج_الشمال… https://t.co/vVW4zc8dMn,0
RT @A822822A: الجيش الحر السوري يرسل رساله لروافض #العراق و #إيران  و #لبنان ♦️هذا مصير ونهاية من يدخل #حلب الحريه حلب الإسلام👌 #سوريا #بغ…,0
عبر الناس داخل الكاتدرائية عن مشاعرهم بحرقة بعد قتل ابناءهم و بسبب التغطية الأعلامية الرسمية المخزية,0
بلطجة الإخوان والإعتداء على الإعلاميين بمحيط اكاديمية الشرطة #السادة_المحترمون,1
@ama4425 اليمين المتطرف خسر انتخابات النمسا اليوم,0
@Erzakuun @_itsYon خفي علينا يا بوكيمون قو,0
RT @FraihAlanzi: يا…أبا سعودليس نحن فقط مَن يبكيك في يوم وداعك الثقيل…يا…أبا سعودأهل #سوريا الذين خبروا مواقفكحزنهم أثقل وأمر…#فلاح_ا…,1
يا صاحب السمو إذا تحول #النائب_العام إلى خائن عام وأمن الدولة لمصنع للكذب فلا نتكلم عن دولة مؤسسات بل شلة عصابات والمستندات موجودة سموك,0
RT @mujtahedalsiasi: يا سيسي لتكن تحالفاتك علنيه مع روسيا والصين وإيران دوله بحجم وثقل مصر يجب أن تكون تحالفاتها مع دول نوويه عظمى وبشكل عل…,0
نعم ستظل #بنغازي قلب #ليبيا النابض شاء من شاء,0
"دمحمد الجوادي يشيد بإنجازات مبارك في كتابه ""النخبة المصرية الحاكمة"" #مصر #قطر #الإمارات #السعودية #البحرين #لبنان",0
RT @3FLnQe: مورينيو - بيليه مارادونا ميسي الافضل بالتاريخ- كنت ادرب رونالدو ليس هذا بل الحقيقي البرازيلي.المصدر قناة الريال⬇https://t.…,0
"ردة فعل أهالي #القدس بعد قرار منع الصهاينة للأذان ، رفعوا الأذان من أسطح منازلهم  فيديو مُهيب❤️ !""اللهم حرر القدس… https://t.co/kariLoKvQv",0
#اليمنية| #الحوثيون يلزمون مدارس #صنعاء بإقامة فعاليات حربية وجمع تبرعات للبنكhttps://t.co/TmFj8tSFND#التحالف_العربي_سند_اليمن,0
يحق لك يالمولد تشوف ميسي بنص عين 😂 https://t.co/twDzpuZHQ3,1
"@SametNabil @philippe_bassim هل قال السيد عن ميشال سليمان ما قاله عن الجنرال عون انه ""جبل ولا بينشرى ولا بينباع""",0
@Hazem__Azim !!!!!!!!!! والله موقف سيسي مشرف متخليش كرهك لسيسيي يعمي عنك حقيقة مصر اخدت موقف سيادي ماذا دخل سعودية ؟ كل بلد حر في قراره,1
ضميري الدراسي مسوي #MannequinChallenge  من امس 🙂,0
البطل لا يُهزَم عندما يخسر، بل يُهزَم عندما ييأس ويُغادر لا تترك حلمك,0
خلال المناظرة الرئاسية.. #ميلانيا_ترامب تتألق بتصميم باهظٍ من #غوتشيhttps://t.co/AKFAD9IXA9#فوشيا #مشاهير https://t.co/C0ScnwhN8S,0
مرفق بالمحتوى لينك للفيديو,0
RT @abozaid1898: وضعيت stc مثل وضع هيلاري كلنتون 😂😂😂😉😉😂😂😂 #الغاء_متابعه_STC https://t.co/mGKkJv2svc,0
علاقة روسيا بالفلسطينين منذ التاريخ حتى الآن - ج 2 - د. أمين صفية - #عن قُرب -,0
RT @watan_usa: فيصل القاسم: بشار الأسد مستعد لبيع أمه كما باع الكيماوي كي يرضي الأمريكان https://t.co/eReudmEqG0 https://t.co/MNXmINJmwe,1
#ليبيا  #الرائد_اقتصاد ##ليبيا الواحة للنفط: إنتاجنا تجاوز أكثر من 75 ألف برميل يوميا … https://t.co/wOQC1ONGNr,0
إسرائيل تطلق اسم “بيريز” على مفاعلها النووى https://t.co/l37KzOAt49 https://t.co/Og1qYHZMt7,0
مهارة عالية من بنت زي القمر مش هتصدق https://t.co/Io4cgcFAe4?ddlV #ماذا_لو_المدارس_مختلطه #كلنا_نصوت_لسديم_قديسات,0
@Bader_hilal @rslfi مسرحية سيد قطب نفس مسرحية صدام الإعلام الغربي بأشكاله يريد تثبيت صورة متلبسين الإسلام بصورة المخلص فلا تكن فريسة للغرب,0
الاعتداء على الثوار غير مقبول ويعبر عن سياسات تنتمى للعهد البائد نطلب محاسبة المسئولين عن جريمة أمس وسرعة الاستجابة لمطالب الثورة,0
لعبة #SuperMarioRun تحتل المرتبة الأولى في متجر ابل من أول يوم اطلاق!مَن قام بتجربة اللعبة؟ ما رأيكم بها؟ https://t.co/TqYskMh6ly,0
كفاية سياسة بقي,0
أندرويد 7.0 (نوجا) يصل أخيرًا إلى Nexus 6 مع تحديث أكتوبر الأمنيhttps://t.co/1wtgOBOdY8 #امل_عباس,0
#عيونها بتحكي #مأساة_شعب اجتمعت عليه قوى #الشر حينما طالب بالحرية.#فيتو #روسيا #الصين #سوريا #قاطعوا_روسيا_والصين… https://t.co/v8cvMP3brH,0
اقتراب اليمين المتطرف في الغرب من السلطة ربما يكون أحد أسبابه ردود  انفعالية سابقة مبالغ فيها لأحداث عابرة حدثت لها… https://t.co/UBJlc7hBKI,0
نوال ازايطب احلفي برحمة الزغبي انك نوال https://t.co/gE4zWBhwCE,0
هو كان اسمه بوتر وكان دايما يتأخر في التصوير والمخرج يكلمه يقله هاري بوتر هاري بوتر لحد ماطلعت عليه..,0
@MemedAbdalla @Abdulkhaleq_UAE هل الإرهاب  أمريكا  وروسيا  وإيران  حلال,0
#الشهرة_الالكترونية ☀️☀️☀️#الأمم_المتحدة: قرابة مليون شخص يعيشون تحت الحصار في #سوريا https://t.co/HebECNlhgC,0
@RaedAitch شفيك خربان؟ صورة وحدة مفصخه مشيتها كيعوت مشيتها اما جستن بيبر لا لا😂😂,1
يارب قرّ عيني بكُل دعوه فاض بها قلبي 💙,0
كورسيرا أكبر موقع عالمي يحتوى على مناهج جامعات عالمية هي الأفضل في تصنيف 2013! نتعاون معهم لتعريب المناهج، شاركونا! …,0
قسم جبران تويني نقسم بالله العظيم، مسلمين ومسيحيين، ان نبقى موحدين، الى ابد الابدين، دفاعاً عن لبنانواليوم مصر و س… https://t.co/stLLCNZjdA,0
لافروف: موسكو تأمل بإجراء حوار بناء بشأن الأزمة في سورية خلال لقاء وزراء خارجية روسيا وإيران وتركيا غداًhttps://t.co/ZSXiC7b3yGموسكو-س…,0
ڤالنتينو كيوت وناعم. الباقيين ما أخسر فيهم ريال قديم 😳تحديداً غوتشي ! ماهذا يا بيونسيه ؟ https://t.co/szjADT1gmR,0
زواج المطرب المشهور ريكي مارتنبرجل سوريهههههعفن الفنواهله https://t.co/1W5OHBI61L,1
RT @naji1290: #صنعاء لا تنزف #صنعاء تتبرع بالدم لأستعادة كرامة شعبها شاركونا #مجزرة_داعش_سعود_الكبرى https://t.co/5b0vTsD9TG,1
# بالصور أنصار مرسي يحرقون كنيسة ومدرعة للجيش بالسويس,0
تطبيق للتحكم في الإشعارات على أجهزة #أندرويدhttps://t.co/6UVkzpQuZ6 https://t.co/p4XMuvhuVV,0
رسالة لكل أم من أمهات شباب وبنات صناع الحياة كل عام وأنتم بخير وشكراً لكم على تربيتكم لهؤلاء الشباب والبنات فهم,0
جبران تويني ١٥ سبتمبر ١٩٥٧ - ١٢ ديسمبر ٢٠٠٥ . الله يرحمك,0
@whitemoca1 @Virdelet @Hamad_5_5 @Mr_Som3a4شصمونه😂لو نخليه مبدئياً #بوكيمون_سن_موناو اقتراح حمد #بوكيمون3DSواذا في اقتراحات من متابعينكم,1
"شقيقة بيونسيه تنافسها وكريغ لن يترك جيمس بوند: يبدو أن دانيال كريغ غير رأيه حيال أداء دور ""جيمس بوند”، كما أن... https://t.co/w3HTFLH8lj",0
وكيل رمضان صبحي يصف اللاعب بالاستثنائي ويوضح الفرق بينه وبين صلاح.. - https://t.co/ditGKFvsIv,0
لماذا غاب بوب ديلان الفائز بجائزة نوبل للآداب عن حفل تسليم الجوائز؟ الاجابة في هذا المقال #مجلة_الفلق https://t.co/zR5xu6ykQe,0
استجابه لمناشدة #عمرو_أديب :#السيسي يكلف الهيئه الهندسه للتعاون مع هيئة السكه الحديد لتطوير محطة أسوان علي نفقة الجيش والانتهاء ف اخر يناير,0
لماذا فشلت الجامعة العربية؟https://t.co/vAcdaoRzve https://t.co/U2l7k8pvgK,0
RT @nadia_almobark: مشاهير اليوناو هم ثالث أكبر وباء حصل في تاريخ الاسلام بعد داعش والأحزاب المذهبيّة المسلحة https://t.co/ywRSeVdk1i,1
بالصور.. قضاء فرنسا يدين مديرة صندوق النقد كريستين لاجارد بتهمة الإهمال https://t.co/Cfn8biChSg https://t.co/Ui5CdB8FWj,0
المرأه شريك أساسي في مشروعنا للوطن يكفي ما تعرضت له من تمييز وإقصاء بسبب موروثات إجتماعية سيئة وفهم خاطئ للإسلام,0
RT @Moaaz_Aboshama: @A7medS69 بس كنت بهزر مع جوجل 😂😂,1
#اليمنية| الإفراج عن خمسة من #الأطفال المغرر بهم في صفوف #الميليشيا بمأربhttps://t.co/1MiQTrZdFO#التحالف_العربي_سند_اليمن,0
كيزاد أفضل منصة لتأسيس الأعمال في المنطقة  #الإمارات #بالعربي,0
جسدكِ : غيمةٌ ،جسدكِ : مطرٌ من الضوء ،جسدكِ : غابةٌ في قصيدة سحر ،جسدكِ : عطرٌ حيٌّ ،جسدكِ : صلاةٌ ،جسدكِ : موسيقى !#أحمد_الشيخ_علي,0
#هاشم_الصليلينؤيد قرار مجلس التعاون الخليجيفي اعتبار حزب_الله منظمة ارهابية وكل من يتعامل او يتعاطف معه,1
@binkfit هذه صورة لحلب الغربية بسبب احتلال حلب الشرقية من نظام الأسدخرجوا يحتفلوا بقتلنا,0
RT @HamidHadeed: أردوغان استخدم الفيس تايم وليس السكايب.. ثم لماذا لست ندا له؟؟؟ هذا اعتراف منك باستعلائه وإهانته لك، خير لك لو تحذفها كما…,0
عندما يسيل الحِبر دماً.... فالكتابة أصبحت بدعة في شرقنا، ويا للأسف.في ذكرى جبران تويني.,0
أفضل تطبيقات #أندرويد خلال الأسبوعhttps://t.co/TSD2htuESQ#تطبيقات#تقنية#نصائح_تقنية,0
RT @FCBW_A7: MD | سيعود ميسي للتدريبات مع المجموعة يوم الخميس و من المتوقع أن يحصل على التصريح الطبي يوم السبت https://t.co/uFj2sR2IBD,0
#ميدان | أرأيت تلك العيون الباكيةيبكون على مغادرتهم حلب ولسان حالهم وإنا على فراقك يا #حلب لمحزونون#عائدون… https://t.co/ZrpSw5T3qE,0
@RTarabic هولاكونيرونبوتنهتلرصور لعملة واحدة,0
RT @s__alfarraj: ويقولون ليش نحب ونحترم أردوغانعندما تتحالف بعض الدول للإساءة للسعودية انظر مع من يقف أردوغان https://t.co/4h4zZgmhr6,0
كيري: ندعم اتفاقا شاملا في #اليمن #واشنطننغرد على التويتر : https://t.co/d7U8sfmP8o https://t.co/dyeD9mbo0k,0
عادة لا اعلن عن مواقفي السياسيةلكن كله الا الدستور في كلمة واحدة:مهزلةو لو وصلنا لمهزلة الاستفتاء حقول لا,1
«أبل» من ستيف جوبز إلى تيم كوك https://t.co/qiziWQRiwV,0
الاصلاحيون فرحو ع سحل القذافي وشجعو الناتو والطائرات الاماراتيه والقطريه وهي تقصف قواته والان مايدرون عن الشعب الليبي اللي يعاني من داعش,0
طيران التحالف والقوة الجوية والمدفعية تحرر جزيرة هيت من داعش  ولاية #ديالى  https://t.co/k71rMt2DFs  ',0
شخبار بوكيمون يالهبه ؟😋,0
⛔ بالفيديو| #عادل_إمام يرد على إطاحة #محمد_رمضان له في #رمضانشاهد : https://t.co/4bLEacr7nR https://t.co/KUO5ftBq2Y,0
خطاب مرسي بميدان التحرير كان موفقا وقسمه الرمزي ضروريا وتأكيده على أن الشعب مصدر السلطات وعلى الدولة المدنية الديمقراطية وحقوق المواطنة جيدا,0
من المعتقدان الكثيرمن #حكام_العرب لايتمنون عدم فوز #ترامب ليس لأن #هيلاري_كلنتون أفضل،وإنماهي يمكن تبتزهم وتمالئهم،لكن ترامب سيبتزهم ويفضحهم,0
كوز درة مشوي مكمورة في الغيط وعبد الحليم بيغني جانا الهوى #,0
#وكالة_سمارت_للأنباء|#خبر| جاويش أوغلو: عدد الخارجين من أحياء حلب الشرقية بلغ نحو 20 ألف شخص #سياسي #إغاثي_وإنساني… https://t.co/QynTI11FAc,0
الاخوان لا يحرقوا كنائس يا مروج الكذب,0
أوباما يدرس فرض عقوبات جديدة على سوريا: يدرس الرئيس الأميركي باراك أوباما عقوبات جديدة على سوريا يمكن أن تكون... https://t.co/dhgijPORJP,0
RT @nagwacnbc: اصبح واضح جدا انه تم ترشيح دونالد ترامب لانتخابات الرياسة الامريكية حتى تربح هيلاريهي ديه الديمقراطية: ما تتعبش الناخب وأعط…,0
اوعي تفكر تفكيرك خط احمر #كاريوكى,0
#فيتو :: #شاهد#الحلفاوي يحرج #عمرو_أديب بسبب ضربة جزاء الأهلي!شاهد من هنا:https://t.co/KrsX2774nS https://t.co/6dEe2UgetV,0
خبير اقتصادي..بدأ التعامل باليوان الصيني سينقذ مصر https://t.co/e9N5QxNqlr #اقتصاد #الصين,0
# #لغز_الحياة #مصطفي_محمود #البرنس,0
النمسا.. اليمين المتطرف يقر بهزيمته#الأردن_اليوم #الاردن #johttps://t.co/8qjIdQthob https://t.co/RLxdeG42aE,0
RT @Salehalhweiriny: بتصفيات مونديال86م كانت #الطائفهي ارض #العراق التي يلعبعليها بسبب حربه مع #ايرانوبتصفيات2018صارت #ايران هي ارض منت…,0
"RT @adnani29: سيشهد التاريخ للأجيال أن الرئيس محمد مرسي قال: ""لبيك يا سوريا"" فأطاحوا به، ونصبوا السيسي الذي جعل #مصر_تصوت_لصالح_المشروع_الر…",0
@deenaabumariam سوف ترين ايتها الشقراء وسوف تسمعين اغنية حبيبي اشقراني بصوت جستن بيبر,0
#Mannequinchallenge البتاع ده ظابط عديل 😹😹,0
@wweddii اييي و توني اجيك امازون عندهم شغلات بعد 😍😍 ثانك يوو 😘,0
RT @masralarabia: يحيى القزاز في ذكرى #حرب_أكتوبر: #إسرائيل تحقق أحلامها في عهد #السيسيشاهد عبر https://t.co/mj3UYIFOr4 https://t.co/IVHhf…,0
@zbnsaeed بيني وبين اوباما سته اشخاص ؟,0
اسألوا #البرادعي عما فعله في #العراق #البرادعى_طلع_جاسوس #باسم_طلع_حرامي #تخابر,1
RT @syst__em: إطلاق تحديث تراكمي برقم 14393.321 ل #ويندوز 10 المكتبي والهواتف,0
العرب القطرية : خطاب الوداع الذي لم يقله باراك أوباما! https://t.co/eeUPgnEPAu,0
RT @aelmaadidi: كلام فارغ سمعناه الف مرة وخطوط اردوغان الحمراء اصبحت كقوس قزح يتغير لونها حسب اوامر امريكا وما احداث سوريا عليكم ببعيد. htt…,1
قال البيت الأبيض ، أمس الخميس، إن الرئيس الأمريكي، باراك أوباما ، خفف أحكاما بالسجن بحق 102 من المدانين الذي ... https://t.co/uS0TZ7xDLB,0
فخامة الرئيس العماد ميشال عون في رسالة الاستقلال:- للعيد نكهة خاصة هذا العام بعد ان اثمر نضالنا واثمرت دماء شهدائنا https://t.co/k8VDDBF0YF,0
راجعت الردود فوجدت المتزمتين دينيا هم الاكثر استعدادا للتطاول بالبذاءات انهم يخافون من النقاش حتى لا تهتز محفوظاتهم التى لم يفكروا فيها,1
#اليمنية|قوات الجيش تتقدم في “الدفاع الجوي”بـ #تعز بعد معارك عنيفةhttps://t.co/uNp0yAHXDQ#التحالف_العربي_سند_اليمن#جنود_التحالف_سند_لليمن,0
#سوريا: مراسل الميادين:  خروج عدد من الحافلات من الأحياء الشرقية لمدينة حلب,0
في لقطة لتجمع اثرياء نيويورك و الجمهوريين الكبار في the devil's advocate بيقولوا المفروض دونالد ترامب يكون هنا :D,0
نبؤة عمرها 35 سنة .. هل تتحقق ؟ #امريكا #ترامب #كاسترو #روسيا #بوتين https://t.co/e2lHww7ZtE,0
"""سامسونج"" تنافس أبل وتستحوذ على الشركة المطورة لسيرى https://t.co/1jgCIVYrie #البحرين #الكويت #السعودية #الإمارات #قطر #عمان #المنامة #تكن…",0
أبل تتصدر قائمة أعلى الشركات قيمة https://t.co/dWhFutTtG5 https://t.co/0XwVx2uTgl,0
#برنامجي_المفضل #3 #أوسكار,0
RT @saadhariri: ٢- يد ايران وحزب الله في تدمير مدن سوريا وفي دماء اكثر من ربع مليون سوري، لن يغطيها الصراخ.  وأصوات أطفال حلب ستظل تقض مضاج…,0
زعيم شعب البيادة 50% فى الثانوية وزعيم الشعب الحر دكتوراة من اكبر جامعات العالم,1
مع اعلام خالتى فرنسا يؤكدون ان فيديو سيسي المسرب مفبرك ثم يؤكدون (هم بشحمهم ولحمهم) ملاحقة من سرب الفيديو,1
للاسف يا ابطال #حلب الضرب في الميت حرام فهاهي #فلسطين اصبحت منسيه #حلب_تباد_بسكوت_العرب https://t.co/vNIJ6XhOlb,0
#ﻭﺯﺍﺭﺓ_ﺍﻟﺪﻓﺎﻉ ﺍﻟﺮﻭﺳﻴﺔ، تعلن ﺍﻟﻴﻮﻡ، نقل ﻣﻨﻈﻮﻣﺔ ﺍﻟﺪﻓﺎﻉ ﺍﻟﺠﻮﻱ ﻣﻤﺜﻠﺔ ﺑﺼﻮﺍﺭﻳﺦ “ ﺇﺱ - ”300 ﺇﻟﻰ ﻗﻮﺍﺕ ﻧﻈﺎﻡ ﺑﺸﺎﺭ ﺍﻷﺳﺪ ﻓﻲ… https://t.co/W3wA7HACFr,0
مساكين اللي ماعرفو الكيبوب فاتتهم فخامه ، خلوكم ع ون دايركشن و جستن بيبر 💔😂.,0
"""#SNL_بالعربي"" يقدم عرض ساخر يجمع #لميس_الحديدي و #عمرو_أديب على الهواء في برنامج واحدhttps://t.co/H5pODgUcbY",0
RT @SirLuka_: اعلان بيبسي ايام زمان وقصة بين ريال مدريد ومانشستر يونايتد ايام ما كان فيه إشي اسمه برشلونةركزو على روبيرتو كارلوس https://t…,0
".""مصرع 13 عنصر من لواء فاطميون الشيعي بسوريا (صور)"".#سورية#الأمم_المتحدة#إرهاب #إيران#سوريا #حلب #حقوق_الإنسانhttps://t.co/U4Rr64sWTK",0
#الناتو : ضباط اتراك طلبوا اللجوء في بلدان تنتمي إلى الحلف,0
كم شخص يحب ميريام فارس https://t.co/C5P2RdZN9A,0
اش ذَا الإصرار ان هيلاري كلنتون تفوز ..! https://t.co/QmwyPVRDZL,0
"#اليمن | صحيفة لندنية تفاجئ الجميع وتكشف عن ""مصالحة تاريخية"" جديدة بين حزب صالح والإصلاح! https://t.co/tBwcIfgcl0… https://t.co/1FvtKOlKed",0
RT @dotemirates: أسهم #تويتر تنخفض 20% بعد تراجع #غوغل و #ديزني عن الرغبة في شرائهhttps://t.co/1JXvKQ8cCI,0
ضبط حشيش مع #لاجئين سوريين بالمفرق #شاهد التفاصيل من هنا:,0
بريطانيا: صورة قاسم سليماني في حلب تظهر شعوره بالثقة في سوريا أكثر من بشار الأسد.,0
"""الحركة الإسلامية ..رؤية نقدية""لـ "" محمد مختار الشنقيطي، عصام البشير ،راشد الغنوشي..واخرون""متوفر في… https://t.co/cXeMLwwJYc",0
جووووووووول #زمااااااااالك #دومينيك,0
الحمد لله حققنا مستهدف حملة ال21 يوم لمحو الأمية شكرا لشباب صناع الحياة و لكل شركاء الحملة يا رب أعنا على,0
RT @heekmh: قيل لأعرابي : أتحسن أن تدعو ربك ؟فقال : نعم ، قيل : فادع، ،فقال :اللهم أعطيتنا الإسلام من غير أن نسألك ،فلا تحرمنا الجنة ونح…,0
صورة من حديثي مع المعلق حفيظ دراجيصراحة احنا مكبرين الموضوع #ريال_مدريد  @derradjihafid https://t.co/Axfosly2nE,0
في عامها الـ٨١ تلك السيدة العظيمة ذات الصوت الملائكي، التي هي من روح الشعب خمرٌ وياسمين.. لـ«#فيروز» من قلبي سلامٌ… https://t.co/lw4dfKUkul,0
Happy birthday  peter 🎂🎂🎂🎂🎂ليش المسلسل أخد أصداء سلبية خاصة على أداء الفنان رامي عياش مقارنة بتمثيل حضرتك؟  #AskFaresBeik@petersemaan,1
يقدّم هذا القرار الذي رفعته فرنسا استجابة أولية لحالة الطوارئ الإنسانية في حلب ومن شأنه أن يتيح إجلاء المدنيين تحت مراقبة الأمم  المتحدة 2/3,0
@nourat_ أنا أتوقع ترامب وودي يكون ترامب خلاص ماعاد لأمريكا أي هيبة في ظل حكم أوباما او الحزب الديمقراطي محتاجين نشوف أكشن جديد 🙃😂,0
بيان الجيش واضح ولا مجال للحديث عن انقلاب عسكري إلا من كذابي الإخوانمرسي استهان بشعبه وقرر أن يكون رئيسا لعشيرته فقط فأسقطه الشعب,0
تاجر أسلحة أمريكي يدلي بتصريحات خطيرة حول تورط ادارة اوباما وبإشراف مباشر من هيلاري كلينتون تزويد أسلحة ومعدات... https://t.co/xbFKBQkki5,0
@Sw6PQNJ1lidhlUR 😂😂😂😂😂😂ماشي شي جديد غوتشي غوتشي,0
التعاطي مع ملف النازحين السوريين في لبنان يكون فقط مع منظمة الأمم المتحدة فقط ونازحين السوريين في لبنان يرفضون التعامل مع النظام السوري,0
RT @Ka_dahimi: #إيران السكين #الإسرائيلية في الخاصرة #العربية https://t.co/LwszhRWTl8 via @AlBawabaEnglish,0
#ستولتنبرغ| #الناتو يقدم دعماً سياسياً لأوكرانيا ويواصل العمل على وحدة أراضيها #مباشر #تركيا #أوكرانيا,0
عمره مقبوله يا حج  #أحمد_شفيق,0
RT @yousif_alfadli: الكويتيين امس يدورون بوكيمون اليوم كلهم سياسيين ماشاءلله,1
واتس اب 0500776424 https://t.co/cN7dLaIhnJ#شرك_الرافضه_في_عاشورا#خواجي_جمهورك_معك#مصر_لن_تركع#فهد_المولد_افضل_من_ميسيAF5P,0
الوزير #كيري: لا يمكن لاقتصاد أو لدولة أن تتقدم، إذا كان نصف شعبها مهمش. حينما تشارك المرأة في مجتمعها يكون أكثر اس… https://t.co/CwNCRmdwfZ,0
@Alito_NBA ياخي وقح,1
#day #to #remember #christmas #spirit @otvlebanon اليوم حسيت بمعنى العيد الحقيقي و غنيت بكل حب و بكل فخر واعتزاز... https://t.co/ydI3oC27cC,0
غوتشي فلورا الأسود فخم  💕💕💕💕 https://t.co/PPbGl9BVgF,0
“رامي عياش للشباب “اضربوا بيد من حديد@RamyAyach https://t.co/CwF1ynkeRo https://t.co/c0JsI8RoNP,0
RT @ARAB_GIZIBE: (جستن بيبر) و ديبلو (ابرزوها في عام 2015 ب اغنية Doctor pepper )اغنية Lifted اختصار بدا الحفل هذه العينات ال wu-tang clan.,0
#محمد_مرسي بميدان #رابعة_العدوية وقت الحملة الإنتخابية هل يستطيع السيسي أن يخرج من مخبأه لترويج لحملته؟ #غرد_بصور …,0
@nsd43620الاعلام الغربي تسلط علينا منهم من هو متعاطف ومنهم من يستغل الوضع للتشويهلكن ارجع واقوللو اعطيتها حقها سوف يخرسونوانتهىفهمت اخي,0
وش دونالد ترامب من الآخر شكله عامل زي وش إبراهيم الأبيض في أول مشهد خناقة في الفيلم... انا فعلا مش عارف هيحصل ايه بجد...,1
ﻭﻓﺄﻯ ﻣﻜﺎﻥ ﻭ ﻓﺄﻯ ﺯﻣﺎﻥ ﺑﻘﻮﻟﻬﺎ ﻟﻴﻚ ﻭ ﺑﺎﻋﻠﻰ ﺻﻮﺕ ﻏﻴﺮﻙ ﻣﻠﻴﺶ ﻋﺸﺎﻥ ﺍﻋﻴﺶ #ﺍﻻﻫﻠﻰ فى قلبى ﻟﺤﺪ ما #أموووووت,0
RT @al8nas_ksa: نائب العام لجماعة #الإخوان_المسلمين في #سوريا ..#إيران تريد تسليم سوريا للإخوان كونهم الأقرب لهم . #يا_إخوان #أردوغان h…,0
#بنغازي ياريتني متت ياريتني كنت معاهمياريت نتوسد قبرينفتك من الحياة بدري بدري ياريت في #التفجير  اطرطشن  اشلائي وانتهى التفكير 1/2,0
وصل الإفلاس بالإخوان إلى حد فبركة تصريحات على لسان المفكر الأمريكي ناعوم تشومسكي تبرر تخبط قرارات رئيسهم لكنهم إتفضحوا فضيحة المتطاهر,1
RT @aml_mostafaaa: ضيوف الابراشي السنه والشيعه الاتنين عار علي الاسلام منتهي الكره لبعض واصوات عاليه وهمجيه الست اتصلت الشيخ كان بيشرشح لها…,1
ريما نجيم تحيي ذكرى استشهاد جبران تويني https://t.co/9Dgw1YIGvs https://t.co/jhfDx5hDdg,0
رحم الله الحاضر الغائب أيقونة النضال الفلسطينى محمود درويش ، تحية ودعاء فى ذكراه,0
كمال خلف#سورية: #امريكا (تشويح) لا احتكاك عسكري.. والعودة إلى الطاولة قريبا#بوابة_الشرق_الأوسط_الجديدة… https://t.co/H3QuOEirJk,0
"بالمناسبة , صدفة بحتة ان يتم التفجير المزعوم بعد دقائق من وصول وفد امريكي من الكونجرس لبحث الاوضاع في #مصر …",0
اصلن هني غايرانين من ريكي مارتن خطب سوري وهني عنسوا #طقو_موتو #لن_يتزوجك,0
(وإنما الأمم الأخلاق ما بقيت فـإن هُمُوُ ذهبــت أخـلاقهم ذهــبوا) #خلق_جميل #خلق_جميل,0
الإسلامي (البرلمان) وذلك رداً علي الخطوة العدائية التي اتخذتها #الولايات_المتحدة بتمديد حظر عشر سنوات أخرى على الجمهورية #الإيرانية.,0
الأسد يعرض عفواً عن مقاتلي المعارضة إذا استسلموا في حلب: قال رئيس النظام السوري بشار الأسد الخميس إن مقاتلي ا... https://t.co/gEfg8nR2il,0
@Alito_NBA داري فصلة مالها داعي .. بس ع الأقل أحسن من غرين مطلع ابو العيال 🙈,0
تركيا: لم نبرم أي «صفقة» سرية مع موسكو حول مستقبل سورياhttps://t.co/tnVHlg7bxT https://t.co/pnhg8QV9gv,0
عمليات نوعية للقوات السعودية على الحدود مع اليمن – البيان https://t.co/cSuNtpD4R8,0
الجمهور يتفاعل مع فيديو نجل #ميريام_فارس - شاهدhttps://t.co/XMeqF7DC1J https://t.co/UzOgTWR2Kd,0
RT @yz26FtZNIY2MNVH: الداعشي أوردوگان # قادمون لنسحق رأسك كما سحقنا رأس داعش وآل سعود والأرض تشهد للرجال  وليس عن طريق # سكايب # https://t.…,1
نحن نمر بأحداث بعضها يدعو للجنون جهادك الحقيقي أن تحتفظ بقلب مشتعل و عقل بارد,0
بالفيديو : خطة زيدان لاسقاط ريال بيتيس ببطولة الدوري https://t.co/QdlDv5w7ei #هلا_مدريد,0
احمد شفيق مقدمة ضده 35 بلاغا إهدار مال عام وفساد منذ عام وقد حماه العسكر من التحقيق هل رأيتم مرشح للرئاسة متهم بهذا العدد من الجرائم,1
@tf_77x يمدحون غوغل يقولون مايخش شي,0
سيسقط سيسي عندم يدرك العبد ان لايوجد شئ يخاف ان يخسرهسيضحي بحياته ليس للنجاه لكن لكي يسقط مسببالكارثه معه في القاعسينسي معناته ويتلذذ بذلك,0
https://t.co/9clh37ysrVتحميل ويندوز 10 عربي 32 بت iso برابط مباشر https://t.co/5fZUqQIzva,0
أثق في رؤيةأحمد سعيد وأعلم التزامه بمبادئه وأنا معجب بتصريحه أن الحزب يستطيع أن يكون حزب الأغلبيةوأتمنى فوزه في الانتخابات لتحقيق تلك الرؤية,0
RT @71sh: اللهم تقبل منا صيامنا وخالص دعائنا وأجعلنا من عبادك الصالحين .#اليوم_الثلاثاء #يوم_عاشوراء #العراق https://t.co/iRDi3fuNv8,0
كلما كرر حزب النور افعاله الوضيعة كلما تذكرت الفعلة الحقيرة لممثلهم البرلمانى البلكيمى,0
"#لافروف: الهدنة التي اقترحها مجلس الأمن أمس هي ""استراحة للمسلحين""",0
#بلدياجتماع #تركي #إيراني #روسي في #موسكو من أجل #سورياhttps://t.co/FgPRWtMU43https://t.co/dE9lmVObJx,0
لا يجوز للسلطة التنفيذية ان تتدخل لمصادرة اي منتج ابداعي فيلما او كتابا او ايا كان نحن في حاجه للمبدعين,0
انا بلا فخر ضد #الفلول و ضد المتطرفين من #السلفيين و ضد #الإخوان و ضد تمييز اي فئة من الشعب على بقية الشعب انا مع #الثورة,0
#الجيش_السوري يسيطر على اجزاء واسعة من حي الحلوانية على طريق مطار حلب الدولي شرق مدينة حلب.,0
ذو العقل يشقى في النعيم بعقلة و أخو الجهالة في الشقاوة ينعم #أروع_أبيات_الشعر_العربي,0
بُوب ديلان ..الجَائِزَةُ الأعْلَى حِينَمَا تُتَوِّج الأغْنِيَّةَ الشَّعْبِيَّةَ .    وكالة يينا نيوز/… https://t.co/LdPo9Qpsjh,0
RT @FCBW_A7: إيمري كولاك (ديبورتيفو) : أردا توران مثل أخي و هو قدوة بالنسبة لي ، ميسي الأفضل و انا مُعجب به كثيراً,0
نظمت شبيبة كاريتاس لبنان اقليم الكورة بالتعاون مع بلدية كوسبا سباق تحت عنوان “Santa Race” شارك فيه عدد من الاطفال وا https://t.co/kRmrByhmTe,0
__ #نفسك_فى_أية_فى_الجنة_ ؟ أرتاح بدون نوم آكل بدون هم أضحك بدون نهايه أبي أحط أول رجل فيها أقول هذا الحلم المنت,0
#قمر: على خطى #جينيفر_لوبيز و #بيونسيهhttps://t.co/ZoH80Wix4fhttps://t.co/ZoH80Wix4f#helwamag https://t.co/Qdq60IpaCa,0
افضلي اتجاهل كل شيء واقعد اشوف هاري بوتر اليوم والله افضل ملجئ,0
"بحاول من يومين احجز عن طريق الويب سايت بتاعكم وفيه مشكلة تقنية ""كالعادة"" @EGYPTAIR",0
امازون تنوي فتح مقر لها في الشرق الاوسط https://t.co/3zIKbzcJUi,0
@Lionel__FCB ياخي ترا نفس سالفة ميسي مع ذا المنتخب ، وش ذنب المدرب إذا اللاعبين زلايب ؟؟؟!!,1
@hshzjwbzjqjsbz1 @km22next @ahmedlahou @iSomali_s @mrfahad555 يابن الحلال افتح اليوتيوب وانظر اليهم دينهم والله ماهو دين الاسلام,0
مرشحان أفضلهما سيئ!: سالم مشكور /خرجت مرشحة الرئاسة الاميركية هيلاري كلنتون متفوقة على منافسها دونالد ترامب ... https://t.co/AHZri1fC7f,1
هدى عبد الناصر تدعو الى انتخاب احمد شفيق في مقال بالأهرام يا دكتورة هدى الا ترين الدماء على يد مرشحك ما ابعدك عن مباديء أبيك يا خسارة,1
"Re:""To alba girls: ما تكونو احسن من ريكي مارتن؟؟؟""https://t.co/FsDLjayddJ 😂👌🏾",0
"بالفيديو.. محامي ""أحمد شفيق"" يكشف توقيت عودة موكله إلى مصر مع ""أسامة جاويش"" #احمد_شفيق https://t.co/PswJU5VEiV https://t.co/ekjYaEoqTp",0
"#جهزوا_سواعدكم اتى عهد التغيير ، اتى  بيّ التحرير : فخامة الرئييس ""الجنرال ميشال عون""",0
@7aba7ob هل انتشار او حتى وجود من يحمل قيم اليمين العنصري المتطرف شي جيد بالمجتمع؟ لا اعتقد.,0
فى حكم مرسي حظت مصر باحترام عالمى فى الانقلاب تحول العالم لعزلتها اعلامنا:مرسي اساء لمكانة مصر,0
@MuhammadRaine @SwordofBlossom آندي بيرساك مشهور بس مو مطبل نفس جستن بيبر والطقة ذيك,0
اطهر رئيس وزراء فى تاريخنا التحفظ على اموال هشام قنديل دون اى تهمة بكره تشوفو مصر,1
#حاجة_تستاهل_الحمد كل حاجه ف حياتنا اكيد !!!,0
الأسد يتعهد باستعادة المناطق الخارجة عن سيطرته: تعهد الرئيس السوري بشار الأسد باستعادة مدينة حلب وكل المناطق ... https://t.co/Uux5gUQrAi,0
@malak_alhusaini تكفين ملاك فرحيني من زمان اتابع سناباتك ولا كتب ربي انو افوز ب ايفون 7 ففرحيني من اي شي عندك الله يسعدك يارب ام سفانا ☹️💜,0
88 أعترض على الطريقة والمضمون والتوقيت لا يجوز إصدار مبادئ دستورية ملزمة بدون استفتاء الشعب أصلاً,0
RT @K119933: - ريتويت ومتابعة للتغريدة - وادخل السحب على ايفون 7 اسود لامع 128 قيقا - السحب الثلاثاء الجاي https://t.co/0lAbT0pCur,0
2/قوات عملية البنيان المرصوص تحاصر مسلحي تنظيم الدولة من 4جهات في مساحة تٌقدر بـ400 متر مربع شمال سرت وتستهدف مواقعة بالاسلحة الثقيلة#ليبيا,0
مايكروسوفت تتيح الترقية مجانًا لـ ويندوز 10 لأصحاب النسخ... https://t.co/JMCeCyMqlo,0
#الجيش_السوري لن يتراجع عن تحرير كامل مدينة #حلب https://t.co/pOLgew6TT8,0
أوباما: بيريز أكد أن العدالة هي روح الفكر الصهيوني: ألقى الرئيس الأمريكي، باراك أوباما، كلمة خلال مراسم دفن ا... https://t.co/1ZA7hpKRAP,0
أجور العمال في شركات الأسمنت أقل من تكلفة ورق شكائر الأسمنت #أوقفوا_الفحم,1
انظروا هذا الصحافي براد هوف و جشوا يقول : يجب على الاعلام  الغربي ان يركز على على هذه الخمارة للشاذين في دمشق ليرى… https://t.co/GNCQxYKPU1,0
للمرة الأولى ميريام فارس تنشر فيديو لطفلها جايدن وتنهال عليها التعليقات...وشاهد زوجها الوسيم وصور زفافها... https://t.co/A110FgzmeU,0
الهيئه الخيرية الاسلاميه :مرزوق علي الغانم يتكفل بنقل عشرات الالاف من النازحين السوريين من حلب الى المناطق الامنه مع توفير كل احتياجاتهم ،.,0
كود خصم 30 ريال لمشوارك الاول مع #اوبر #uber2ab98bmque,0
"RT @IranObs_ar: #المرصد_الايراني#الأخبار | روسيا تسعى لإقتلاع نُفوذ إيران في سوريا""ترجمة خاصة""https://t.co/APW8mJWvzg",0
": #تركيا كبير القضاة يتهم #أردوغان بـ ""فساد الضمير"" ويتعهد صون كرامة الأتراك وحرياتهم ",0
في الذكرى العاشرة لاستشهاد النائب والصحافي جبران تويني #الحريري : نفتقد الجرأة في القول والكلمة القاطعة بحد الصدق”… https://t.co/6ewJICG8Aj,0
مغاربة فرنسا والدفاع عن القضية الوطنية https://t.co/h8njQW15R8,0
ساعة رجاليه من غوتشي https://t.co/mqSal8iYXc https://t.co/Gs35i61eRQ,0
#حماس تطلق علي انطلاقتها إل 29 عنوان#قدسنا_عهد_ووعدفي ذكري مولد #نبينا #محمد_صلي_الله_عليه_وسلم,0
RT @general_shadi: #عاجل : مشكلة في #جوجل_ادسنس لايوجد تحديث بيانات الارباح اليومية#AdSense#الاخبار_التقنيةhttps://t.co/lJTg14QjlM http…,0
وأرى جمالكِ فوق كل جميلةٍوجمال وجهكِ يخطفُ الأبصارَا .❤@nadinenjeim #نادين_نسيب_نجيم https://t.co/RsMtPg2WCs,0
ما رأيكم في خروج فيدرر و نادال من التوب 5 لأول مرة من 13 عام؟! هل هي نهاية جيل عظيم؟  و شكرا لكم #beinmatchpoint,0
رئيس قطاع التسويق لشركة قها: طورنا فى العبوات والتغليف وبنصدر لفرنسا وأمريكا#كل_يوم | #ON_E | #عمرو_اديبhttps://t.co/mt4REvYzpc,0
#مصر | #التحرير | فيديو.. ارتباك بشار الأسد من سؤال مذيع دنماركي: أنت سبب دمار سوريا لماذا لا ترحل؟! https://t.co/kE7hF5xo2s #جبهة_شعب_مصر,0
@Alitti_Aljadeed   قد يكون اغلبهم من السوريين النازحين 💔 ماينلامون اهلهم يموتون جعل الموت لبشار واعوانه,0
"البديل | البديل "" أبو الفتوح: توريط الجيش في السياسة أكثر من اللازم خطر على الأمن القومي",0
@nasser_duwailah هل يعقل أن #حلب كانت العقبة أمام رحيل الأسد !! ومتى كانت روسيا موافقة على رحيله أصلا...,0
مرة جماعة اتبهدلت من عبد الناصر جم عملوا إيه بالظبط #تاتاراراتتت,1
بالفيديو.. #عمرو_أديب: «الشامبو خدعة وأنا عمري ما استخدمته»#جريدة_الزمان https://t.co/0VzbXdKl6y,0
"تحت شعار ""رسولنا قدوتنا "" نفذت مدرسة المعترض فعاليات متعددة بمناسبة المولد النبوي الشريف https://t.co/0DOWLpZVLz",0
مساء النور حبيب القلب #رامي_عياش  #أمير_الليل @RamyAyach,0
من اصدارات #دار_الصميعيالقول الأسنى في نظم الأسماء الحسنىللشيخ حسين بن علي بن الامام محمد عبد الوهابمتوفر في… https://t.co/7KgNddh9QN,0
RT @iRMLife: الاهداف مع المنتخب في المباريات الرسمية :كريستيانو - 52بيليه - 43الظاهرة - 41سواريز - 30ميسي - 29مارادونا - 17نيمار -…,0
"RT @Arabi21News: أكاديمية إماراتية تهاجم ضاحي خلفان بسبب موقف من ""إسرائيل"".رابط الموقع الجديد: https://t.co/mElAg89774https://t.co/8t6If6…",0
هل تعتقد أن #الأسد يصدق ما يقوله؟#آرانيوز #سوريا #بشار_الأسدhttps://t.co/I4bgN7fyxe https://t.co/S0N5MdHU4Y,0
"RT @TMZinArabic: هيلاري كلينتون: ""من الجيد أن شخص بمزاج دونالد ترامب ليس مسؤولاً عن القانون في بلدنا.""ترامب: ""لأنك سوف تكونين في السجن."" h…",1
@EgAntiCoup يعني حيكون زي اللورد دارث فيدرر ههههههههههههههههه,1
RT @viio_2: #شي_ما_يتكرر-❗️❕تسديد القروض ❕❗️-🌟 نسدادالقرض القديم 🌟واستخراج قرض جديد-0556346105-https://t.co/7aBYmAGEhRhttps://t.c…,0
لك منا كل احترام وتقدير يا اخلص وانظف وانقي رئيس وزراء في مصردهشام قنديل #اعتذروا_لهشام_قنديل #مرسي_رئيسي #انتخبوا_العرص #انصاف_الاخوان,1
حلبحلب ترحب بكمطرد #الإرهاب من حلب الشرقية بداية النهاية للقوى المظلمة #الوهابية #الغربية و #الصهيونية#سورية#روسيا#إيران,0
قرارات مرسي إهانة للذات الشعبية والقضائية من اجل الذات الإخوانية,0
@MAL20_20 بابل // هي ارض من العراق انزل الله هاروت وماروت انزل عليهم السحر ابتلاءاً من الله لعباده #مسابقات_وجوائز_سعد@ava_199,0
فيديو.. الأهلي يهزم الإنتاج الحربي بثنائية https://t.co/1clNRrq01o #غزة #فلسطين,0
#جمله_من_معلق_رسخت_ببالك حطها ف شبكة ، قطع الشبكة،  جيبها من الشبكة يا ايكر،  تعليق عصام شوالي ف ضربة سد لميسي على ريال مدريد🙊.,0
"الجزيرة مباشر مصر : حمدي زوبة ينافس باسم يوسف لكن بثقل دممع السنيد سليم عزوز و شاهد ما شافش حاجة حسين عبد الفتاح"" اللى أختشوا ماتوا """,0
@malak_alhusaini  يارب يكون لي نصيب معك ايفون يا ملاك والله حلم حلم الله يسعدك,0
@alexi0i لذلك أقول لك ما يثار في الاعلام الغربي من تهويل وتضخيم له مقاصد لتحريك الرأي العام .. المواقف الحقيقية لا تصل للصحف ابدا,0
@pokemongoqatar   اول بوكيمون حطيته فالجيم بتاريخ21/7/2016😍😍😍 https://t.co/AMBLt78aRg,0
استمرار تدفق أهالي حلب المهجرين من الأحياء الشرقية https://t.co/pS2IvEX6HZ,0
عندما يحكم الخروفالحالة العصبية البائسة لبعض أنصار مرسي جعلتهم يحتجون على المقال قبل أن يكملوا قراءته للآخر,1
@STC_KSA @ghamdisu بوكيمون اجل 😂😂😂😂😂😂😂😂😂 كم انتم مصخره,1
رئيس الوزراء الفرنسي مانويل فالس سيعلن ترشحه للانتخابات الرئاسية اليوم في مواجهة اليمين واليمين المتطرف#فرنسا #يونيوز,0
من الفضاوه والملل ناطرين مناظره هيلاري كلنتون مع ديشامب. ماكوووو شغل,1
"RT @f7__d: قال ﷺ : ""أفضل الصيام بعد رمضان شهر الله المحرم ""أستغلو أيام الصيام وأكثرو فيها الدعاء الله يكتب اجرنا ويتقبل منا❤️#صيام_عاشور…",0
حملت جستن بيبر كي اشعر بالسعاده😭😭😭😭😂😂 https://t.co/e6b2TNcpsT,0
"ما الذي تخبئه ويكيليكس"" لـ""غوغل""؟ - صحيفة فوارق الإلكترونية https://t.co/USx7JGUiph""",0
بوب ديلان يقرأ نفسه أمامناhttps://t.co/ro1iOp7HC7 https://t.co/MSODg59q46,0
📚 ياهو تطلق تطبيق ” إجابات ياهو ” على منصة iOS 📚: #الولايات_المتحدة ➰ https://t.co/tyjIORjxEE https://t.co/lHP0gPFILD,0
#الامريكان اكتشفو إمكانية وجود مياه على المريخ ^_^ #المصريين اكتشفو ان ب 2 جنيه فول كل جنيه لوحده اكتر من ب 2,1
طالب رئيس #البرلمان_العربي المجتمع الدولي بضرورة رفض واستنكار التصريحات الإيرانية العدائية ضد #اليمن و #البحرين… https://t.co/zU7rPigQov,0
صور| رماد #كاسترو يتوقف أمام ضريح #جيفارا قبل أن يتابع سيره في أرجاء #كوبا https://t.co/RLL8dUztn8 https://t.co/EAtyPdNyzr,0
خروج نحو1000 شخص من #حلب الشرقية.. وبدء عملية الإجلاء من #كفريا والفوعة https://t.co/cupfOop5wm,0
#الأمم_المتحدة بصمتهاالمخزي تعتبر شريك مباشر لمجازر العدوان السعودي الأمريكي #Airstrikes_Bomb_Yemen_Funeral https://t.co/tfgPr22Pe5,1
من كان مدرب اتلتيكو مدريد قبل مجيء دييغو سيميوني ؟ و كم بقي مع الفريق ؟ (ادري ان اغلبية ستستعمل غوغل) =D,0
الشرطة الأمريكية تشتري المسدسات الروسية#سبوتنيك #الولايات_المتحدة https://t.co/r5DeK52Hb0 https://t.co/AVxydf1G8m,0
ومن غير #الرئيس_ميشال_عون يستأهل ذلك في وجه الفساد والحراميي  #جهزوا_سواعدكم https://t.co/rf0Cb7QLuV,0
RT @_end1435: عشقي لهافنغتون بوست،سياسة السعودية لاتتعارض مع زيارتي لإسرائيل ..و اخطط لزيارة اخرى :) https://t.co/Ql9ie2E7IL https://t.co/…,0
@shmaly06 @PL4News هاذي النبتة طلعت محل م ماتو جنود بريطانيا وقت الحرب عشان كل سنة لازم يلبسوها ك ذكرى,0
طبعا لسه متفائل، بل أكثر تفاؤلا بخروج المكبوت إلى النور أي جراحة لا تخلو من ألم؟,0
في تويتر كن مانديلا والواتس دونالد ترامب والسناب مريم حسين أهم شيء راحتك.,0
إياكم و المكر السيئ - معنى هام جداً نحتاجه فى هذه الأيام,0
ابتسم فلتلك البسمة الصغيرة أثر كبير في إسعاد قلوب اﻵخرين,0
الجيش السوري يدمر آليات لتنظيم #داعش الإرهابي في #حلب.. و #الأمم_المتحدة تطالب برفع الحصار عنها#Waleed_Choukar,0
احمد الشيخ مظبطنى فى الفنتازى والله 😀,0
صورة وشهادة الزميلة داليا رضوان عن واقعة الإعتداء عليها من قبل الداخلية بسبب دبوس عليه 6 ابريل #الداخلية_بلطجية,1
#لبناني_يقيم_دوره_مكياج_بالرياضمانكبنى غير براطم نوال الزغبيونهود اليساومؤخرة هيفاء وهبيقلنالكم كله نفخ وهوابس😉😉 يازين نفخهم يلطش,1
يينكسر ملاذ الصواريخ علي اصابعنا كالفخار 🙌🏻 #قروب_فلسطيني #فلسطين,0
RT @rahimmoheby: الرئيسة #مريم_رجوي و #حقوق_الانسان في #إيران مرة ثانية و ثالثة. #الشرق_الاوسط #الخليج https://t.co/3lQ0YB1on1 https://t.co…,0
نزلنا نأييدك ومفيش حاجة اتغيرت وبقينا مسخة للعالم …,1
كيف تلعب أول لعبة ماريو مخصصة لأجهزة آيفون؟ https://t.co/jzeMgpF5An عبر @AbuNawafNet #SuperMarioRun,0
RT @azizmousaa: عجبا لمن خرج على فساد مبارك ويمتنع عن الخروج على القتل والاعتقال والفساد والتقشف والكساد والتردى#ثورو #سيسي_تاني_لا,0
لله الحمد تجوزنا 5000 محب و متابع لصفحة #الأقصى متى نصل لـ 10 آلاف محب ومتابع ؟؟ #تغريدات_الدكتور_عوض_القرني,0
RT @Hadyyymr: احياناً جوجل مبيفدنيش عادي جداً,0
#اليمنية| #روضة_الرواد تقيم حفل خطابي وفني بـ #سيئونhttps://t.co/MQ6Y9Kjdgb#التحالف_العربي_سند_اليمن#جنود_التحالف_سند_لليمن,0
قوات جيش الاحتلال تقتحم جامعة #القدس في بلدة ابو ديس فجر اليوم، وتصادر محتويات معرض للكتلة الإسلامية الذراع الطلابي لحركة #حماس.#فلسطين,0
فجاة حبيت السياسة و مجلس الشعب,0
مقطع مؤثر جدا عن عملية هروب المدنيين في أحياء #حلب_الشرقية من سيطرة الإرهابيين ولجوئهم الى #الجيش_السوري و… https://t.co/X6tMBSK1xb,0
إيقاف استقبال المكالمات لفترة معينة علي iOS https://t.co/s7BDUAkHcG#iOS10TH #ايفون٧ https://t.co/5WaNuUUDvn,0
حكمة الأسبوع: لكي يصدقك الناس عندما تشكو من إرث الإخفاقات الهائلة التي تركها لك النظام السابق لا ترث عن نفس النظام سياساته الفاشلة,0
@elsheikh_22 ترجع بالسلامة يا نجم . الموسم ده تقدر تثبت لكل الناس أن أحمد الشيخ كان مظلوم ومارتن يول معرفش يستفاد من نجم بحجمك . بالتوفيق,0
"نوكيا.. عملاق فنلندي ""حطمته"" أبل وسامسونغ https://t.co/MkSPUmYSBY",0
أفضل إعلان كويتي رمضان 2016http://www.mwso3h.com/569157,0
#من_أنت أحمد الشيخ .. #فلسطين #Palestine #لاجئ #حق_العودة #الوطن_العربي #قطر https://t.co/9GOwdiZz4s,0
أوباما يبحث مع مساعديه خيار القوة في سوريا: يلتقي اليوم الرئيس الأميركي باراك أوباما مجلسه للأمن القومي لبحث ... https://t.co/oabh3G5mbJ,0
"مصادر ""القوات"" : قانون الانتخاب طبقاً رئيسياً في لقاء ""بيت الوسط"" - https://t.co/X8EGkNITZz https://t.co/nH7QsqtKy0",0
صيغة توافقية بين مشروعي فرنسا وروسيامجلس الأمن يُقِّر نشر مراقبين دوليين شرق حلبhttps://t.co/6FTHsH2dz1 https://t.co/NZCmvApB0n,0
"RT @raedsyrian002: #التغطية_مستمرة هيلاري كلينتون تسرق شعار حملة الأنتخابية للرئيس السوري بشار اﻷسد ""سوا"" يا حيف https://t.co/CLcDGwQtYx",1
الفرق بين المرشحين هيلاري كلنتون وترامب ١-هيلا كلنتون 👈🏻عدوا مخفي ٢-ترامب👈🏻عدوا واضح,0
اخبار برشلونة اليوم Tuesday 11/10/2016 : اللاعبون الذين لم يتعرضوا للإصابة في برشلونة https://t.co/FIipdQRbjx,0
#مرتضى_منصور و #السيسي 3 #فلول و #عسكر 3 :) :,0
هوا البدلة دي فضي ولا فلصو 😂😂#عمرو_أديب,1
"RT @Musa_al3azmi: قال أنس بن مالك رضي الله عنه :"" ما سُئل رسول الله ﷺ على الإسلام شيئاً إلا أعطاه "".رواه البخاري#اللؤلؤ_المكنون",0
جوجل تتحدى أبل وسامسونج بهاتف جديد https://t.co/lzdW4TOMCW https://t.co/RLC6DfEZ8C,0
العالم لا يملك ترف إهمال مصر أو التدخل بفجاجة في الشأن المصري #السادة_المحترمون,1
#انفراد: يكشف سبب تأخير #نيللى_كريم عن حفل افتتاح #مهرجان_القاهرة_السينمائىhttps://t.co/fwknekrPPy https://t.co/FaQF3MckwK,0
قانون خليجي لمكافحة الإرهاب يلجم أصحاب الأهواء: لمشاهدة الجرافيك بالحجم الطبيعي اضغط هنا في محيط جغرافي مضطرب... https://t.co/rNXmYj42lm,0
كانوا رجال #مرسى_رئيسى #كانوا_رجال #الشعب_يرد_تحية_الرئيس #أنا_حازم #سنحيا_كراما,0
حكومة #هادي في #الرياض ترضخ وتوافق على الهدنة والذهاب الى المفاوضات لمناقشة خارطة #ولد_الشيخ .. #اليمن #صنعاء #كيري,0
RT @AboShla5Libraly: ايديكم شفناها ارتفعت لتأييد القرار الروسي لقتل أطفال حلب يا سفلة.. وشدة الودن لسا حتشوفها @Youssefalhosiny https://t.c…,1
شاهد|ولاية #صحار تقيم احتفالا بمناسبة المولد النبوي الشريف | https://t.co/6lA3odWZDn https://t.co/PJB40fGOIL,0
"RT @u1u160: ماركا | ريال مدريد سيواجه ( بيتيس ، ليجيا مرتين ، بلباو ، ألافيس و ليغانيس ) دون عموده الفقري "" راموس ، كاسيميرو ، مودريتش http…",0
آثار متفجرات في رفاة ضحايا طائرة مصر للطيران https://t.co/3q5m217bU8 #Egypt #مصر,0
اشغل أغنية ل #فيروز #بردنا_يحتاج,0
RT @saadalbreik: جاستا#مارتن ويلز خبير انتاج الأفلام في تزوير مقاطع الإرهاب  ويكشف أسرار مهمته للصنداي تايمزUSAوخدمة داعش برعاية https://…,0
@MirNakhla جوجل ايرث,0
@malak_alhusaini ملاااااك والله من اول يوم اعلنتي عن المسابقه اشتركت 😭😭😭😭😭 لاشنطة ولا ايفون ولا حتى امنيتك مع ملاك 💔💔💔,0
#افضل_طقم_لروجر_فيدرر نهائي الماسترز 2012 للاسف ماعندي صوره 😬,0
@UNRadioArabic القصف الوحشي و ابادة أهالي #حلب #سوريا #Aleppo #HolocaustAleppo #Syria https://t.co/3E5sVFZfbO,0
الاكتفاء بالتلويح بورقة الحسم العسكري في #تعز، كلما زاد المجتمع الدولي من ضغوطه، يؤكد أن أمد الصراع سيطول أكثر في اليمن#اليمن_سينتصر,0
الناتو : لا نرغب بحرب باردة جديدة مع روسيا https://t.co/PT0BpaIkIl,0
توكل كرمان تهدد روسيا بشن حرب عليها من وارسوا لتعلن تضامنها مع حلبمن يفهم القحيبه أن بلدها يضرب ليل نهار والمواطنين يموتون جوعا بسبب الحصار,1
RT @TheBaghdadPost: #نزار_السامرائي: مرتزقة #إيران القتلة في #سوريا و #العراق و #اليمن ليسوا أسرى حربhttps://t.co/f8ZNBcDWau#بغداد_بوست h…,1
بطريرك الأرثوذكس فى موسكو يعلن أن ماحدث فى حلب هوانتصارللصليب...خطيب جمعة في طهران: ماحدث في حلب انتصار... https://t.co/hM5fX6k3Pk,0
#أخبار_الاردن | #ترامب و #ستولتنبرغ يبحثان مستقبل #الناتو https://t.co/CfdhHkwdFf,0
فيدرر روديك ويمبلي ٢٠٠٩ #افضل_مباراة_تنس_شاهدتها,0
بعد توقف الإمدادات البترولية.. إعلاميو «السيسي»: السعودية سبب أزمة سوريافي حالة الحجب: https://t.co/yTP8ktsJbXhttps://t.co/t7HLf2dpFW,0
مايكل أوين: أعتقد أن أعظم لاعب لعب لـ ريال مدريد في كل العصور هو كريستيانو رونالدو، يليه بوشكاش #اسطورة,0
ألبوم #أيامي_بيك على قناة #اليسا ب اليوتيوب ❤#AyamiBikAlbum9thAnniversary @elissakh https://t.co/Yvbcb4dsMO,0
مِـجَ ـلَة 🎅🎄™ 󾠮󾠰 #Magazine13Arab الذهبيه#نوال_الزغبي @NawalElZoghbi بسحر جمالها الذهبي في اطلالتها اليوم… https://t.co/Xi4cQkfM8z,0
تقرير بريطانى: #ترامب سينقل سفارة #واشنطن من تل أبيب إلى #القدس | الموجز https://t.co/6B36ackBMe via @Almogaz https://t.co/0j04YE2jo0,0
وزراء دفاع وخارجية #روسيا و #إيران و #تركيا يجتمعون غدا في موسكو بشأن #سوريا. https://t.co/iDad6I7svE,0
لا أبدا أنا مسرور من كلامك,0
هذا الجدار ليس في الضفة الغربية، بل لحصار الفلسطينيين في #مخيم_عين_الحلوة لماذا كل هذا العار؟#فلسطين #لبنان… https://t.co/VL2LYiLedw,0
صح وعارف انه لا بكاء على دم الارهابي اومن يمارس عملا عدائيا تجاه الوطن او اقترف عملا من اعمال العدو ومصريتنا ليس رقم قومي وحسب,0
#شاهد🔴البرق كما لم تراه من قبلتابعونا دائماً عبر تطبيق #طقس_العرب https://t.co/gF8lwBNWjV    #أمطار #السعودية https://t.co/kNXWoknHK4,0
وعن علي رضي الله عنه قال: قال رسول الله صلى الله عليه وسلم:المهدي منا أهل البيت، يصلحه الله في ليلة. رواه أحمد  #الشيخ_ميزو,0
#ماذا_لو_المدارس_مختلطهعزيزي المعلم لاتتهاون برصد ومحاسبة الطالب على أي شي مخالف للوائح السلوك والمواظبة..تطبيقها يجعل البيئة المدرسة👍👍👍,0
@238Reaam مش طالبة هاري بوتر قسما بالله 😂,1
RT @HamdanHrb: ابك يولد هاري بوتر فلم للورعان شجرة تمشي وضفدع يتكلم ميخييييس https://t.co/0aYQBBGj9F,1
"# أنصار مرسي يحرقون محكمة ومتحف ""ملوي"" بالمنيا وأعمال سلب ونهب واسعة بالمدينة",0
#الفيفا_هلالي الامم المتحده هلاليه، الاسيوي (الذي تفل ع الاتحاد) هلالي، الجامعة العربية هلالية، والشعب كله يردد عشان سلمان #الهلال,1
RT @BassamJaara: الطائرات الروسية تحرق الاخضر واليابس والجنود الروس يسرحون ويمرحون  في شوارع حلب المحتلة ومدن اخرى لأنهم يشعرون بالامان!!,0
أرفض الدستور الذي ينص على محاكمة المدنيين عسكرياً,0
"أبل: ""استبدال مجاني"" لبطاريات ""آيفون 6 إس"" https://t.co/1O61ZWmuBp #غزة #فلسطين",0
ده بمناسبة مقالى السابق عن المثلية ..للى مايعرفش ريكى مارتن كان فى بدايته متنبأ ليه انه يكون مايكل جاكسون الجديد... https://t.co/4YfcZh5ydZ,0
أهل فلسطين وانجازاتهم العظيمة تتحدى جميع الدول .. #قروب_فلسطيني#فلسطيني_مبدع#فلسطين https://t.co/Jm8xgn0I4E,0
واتس اب 0500776424 https://t.co/NWTNjpqTLb#رساله_لمصر_في_جمله#VatanımSensin#العراق_تايلند#كلنا_اب_لصالح_محمد_السبيعيC9JW,0
العب بولنج ببلاش فقط بمولد سيدك السيسي = جانب من فعالية المولد لطلاب ضد الانقلاب جامعة حلوان #انتخبوا_البرص #كوهين_مصر,1
عاجل#القدس قوات الاحتلال تقتحم حي عين اللوزة في بلدة سلوان جنوب المسجد #الأقصى#وتبقى_مآذن_القدس,0
Fantastic Beastsسلسلة جديدة prequel لسلسلة هاري بوتر ، هتبقا 3 اجزاءاللي كان بيحب هاري بوتر او لو *حد مهتم* ممكن… https://t.co/XLD2DX8J8K,0
تكرر #روسيا جرائمها بحق العرب والمسلمين ، وها هي ترفع يدها الملطخة بالدماء مع #الصين ضد قرار لإيقاف نزيف الدماء في #حلب #حلب_تحت_النار,0
المجلس العسكري يعيد إنتاج مصطلحات صفوت الشريف وأنس الفقي من جديد وكأن المطلوب تكميم الأفواه #,0
#روسيا و #الصين تجهضان مشروع قرار بشأن #حلب بـ #مجلس_الأمن,0
فيديو : مظاهرة في باريس تطالب بطرد إسرائيل من الفيفا https://t.co/GEnZJhX9co,0
#المجد_للمبتسمين #المجد_للمبتسمين_صباحا,0
فيدرر vs نوفاك رولان 2011فيدرر vs مورى ويمبلدون 2012 #افضل_مباراة_تنس_شاهدتها,0
#بوابة_الوفدشاهد.. #عمرو_أديب يكشف مفاجأة عن الشامبوhttps://t.co/JNtcb35RYO https://t.co/2hN1a7Q4bk,0
الحضيف الجبان يرتوت لتغريدة يتهم فيها الملك عبدالله بالإرهاب ثم يقوم بحذفها !! #رتويت #الارهاب,1
أخشى أن الضرر و الدمار الناتج من طريقة و أسلوب إدارة البلاد منذ الثورة حتى الآن لن يمكن إصلاحه !,0
@malak_alhusaini انا محتاج ايفون بس ي ملاك ليش حظي نحس كذا):,0
شن قادة الانقلاب حملة مستمرة على كل أصحاب الرأي الآخر، حتى من يختلف معهم من حلفائهم، حتى لا يبقى هناك رأي آخر، …,0
""" توفني مسلماً والحقني بالصالحين "" فلا تعش بعيداً عن #الله وتطلب #السعاده",0
ﻣﻠﻜﺔ ﺟﻤﺎﻝ ﻓﺮﻧﺴﺎ ﻟﺴﻨﺔ ٢٠١٧ 💕.ﺷﻜﻠﻬﺎ ﻃﺒﻴﻌﻲ ﻭﻏﻴﺮ ﻣﺼﻄﻨﻊ ، ﻭﻏﻴﺮ ﻣٌﻜﺮﺭ ﺍﻟﻌﻴﻮﻥ ﺍﻟﻤﻠﻮﻧﺔ ﻭﺍﻟﺸﻌﺮ ﺍﻷﺷﻘﺮ ﻭﺑﺸﺮﺓ ﺑﻴﻀﺎﺀ، ﻓﻌﻼً... https://t.co/WRvVQZF5Nl,0
برلمان الشباب اليمني يدين المجزرة السعودية في الصالة الكبرى بالعاصمة صنعاء... https://t.co/FVmcWC25OK,0
الفنانه ميريام فارس ورقص المثير https://t.co/gBbvOEHLv1,0
RT @ChababsTweet: مصانع #أبل بدأت العمل رسميًا على جهاز #أيفون8، فأين أيفون 7اس؟  https://t.co/ZQ0N1BnfKR  #تكنولوجيا https://t.co/9IR0U9…,0
م حبيت الموديلات .. بس اهتمامهم ب ادق تفاصيل الفنشنق م اقدر اتجاهلو•#فاشن #غوتشي #الرياض #جدة #الخبر #الدوحة #دبي… https://t.co/MiNw9nYsVe,0
RT @whatsapp_5: ميسي : مبروك يا صديقي والى اللقاء في روسيا https://t.co/RDdeybNAIE,0
مفاجأة: #عادل_إمام يرفض العودة للفضائيات المصريةhttps://t.co/ths3ClqlG5 https://t.co/gKA4CPOqSK,0
@shfinews @shfinews خلو ولد عمكم #كيري  يتوسطيا حثالة اليمن نحن من يقرر صنعاء خلاص مصيره وليس مخيره,1
_2441 20140 __ لا مرحبا بالخرفان #سأنتخب_السيسى_و_مش_هنزل_لمستواك,1
#كاسترو يجمعنا,0
"#بشار_الأسد يمنح الجنود #الروس ""حصانة دبلوماسية"" في #حميميمhttps://t.co/Y5RfCk3D6s https://t.co/P878l1OPE9",0
#الولايات_المتحدة🇺🇸 عاجل | #الكونغرس الأمريكي يمدد العقوبات على #إيران لـ 10 سنوات أخرى,0
RT @MohamadAlarefe: ما يقع في #سوريا عموماً وفي #حلب خاصة هو كارثة عظمىقتلٌ وسحقٌ وهدمٌ وقهرٌ.اللهم اجمع كلمة المسلمين، وكن معهم مؤيداً…,0
@AlameerMeroo94 داعش جانت بنص العراق 😉 والحليم من الإشارة يفهم,0
"RT @tantalos2: وزير الإعلام الكويتي السابق: توقف السعودية عن إمداد مصر بـ""البترول"" خطوة أولى !https://t.co/DpvHtfO5Qn",0
ههههههههههههههههههههههههههههههههههههههههههههههههههههههههههههههههههههههههلا بس اضحك ع الي يقول ديبالا خليفة ميسي,1
السعودية تبدأ الثلاثاء مباحثات بشأن اول عملية اقتراضhttps://t.co/Z2cL8TPfODاعلنت السعودية انها ستبدأ الثلاثاء مباحثات مع مستثمرين محتم…,0
@amrmsalama هنرجع للقسم المختص ونرجع لحضرتك مرة اخري.,0
عن عائشة رضي الله عنها قالت: كان النبي صلى الله عليه وسلم يعجبه التيمن في تنعله وترجله وطهوره وفي شأنه كله. #ريال_مدريد,0
‎#‏ ‎# ‏ مؤتمر ناجح لحزب الوسط بالسويس وكلمة عصام سلطان التي قاطعها الحضور بالتصفيق عدة مرات,0
الأمير الوالد: مواقف #كاسترو تاريخية في مساندة القضايا العربية. #الدوحة #قطر #كوبا #فيدل_كاسترو… https://t.co/Q9djaBzSCN,0
@Alsamhouri نهاية العلم بأهل السنه تكون لهذا! الذي لا يعرف إلا الأخذ بأبشع المنتسبين للسلفيه !!مثل الحكم على أهل الإسلام بأفعال الخوارج!! 📓,0
@KhbJi @Madloo4 يظل كليفلاند أقوى,0
RT @Azobi_sa: ١-متابعه ٢-ريتويت  ٣-التوقع الصحيح مع مسجلي الأهداف داخل الهشتاق #مسابقه_عزوبي_فاصل الاول : ٥ آلاف الثاني : ايفون ٧ #السعو…,0
هدف الإرهابيين أعداء مصر   الخونة #الاخوان_المسلمين وفي #حماس و #سيناء أن تحتل اسرائيل #مصر بيوسعوا لإسرائيل... https://t.co/TDOepBNu66,0
@Jbr_poltic @SyrianRevolutin المجتمع  الدولي لا يريد الا الاسد ونظامه، وليس امام الثوار الا المقاومة والتوحد لافشال ذلك.,0
RT @mujtahedalsiasi: يا سيسي دي مصرتحالف مع محيطك العربي العراقي السوري الجزائري اليمني اللبناني والدولي الروسي الصيني الإيراني واعطي آل سع…,0
دراما رمضان المصرية.. الكباريه الكبير ,1
#ستبقى_حلب من غزه ومن قلب مهرجان انطلاقة حماس لبيك يا حلب https://t.co/VFrqobJkqI,0
مجلس عسكري و حكومة غير قادرين علي حماية مرشح رئاسي بارز، ناهيك عن توفير الأمن في البلاد، هما المشكلة و ليس الحل,1
في ناس واقفة بشوم عند الشوارع المؤدية للتحرير بتوقف الناس بشكل عشوائي وقفوا العربية ال قدامي واتجمهروا عليها بدون داع …,0
مريم حسين و محمد عبدو و حموش و جستن بيبر و ليدي قاقا بس  #مشاهير_ودك_ينسجنون,0
@3li_3abdenبحاكي في هيلاري كلنتون 😹😹😹😹😹 https://t.co/IoUKGKhrFP,0
يعني اخوان لوط ناس طاهرة؟,0
الاستاذه ميريام فارس ليها اغاني حلوه فشخ مش واخده حقها,0
ميتين ام الناموس على اللى متعاطف معاه #ارحل,0
📍 عاجل وهام جداً طريقة نصب وحتيال وتوريط جديده #الرياض #جده #الدمام #القصيم #كريم #اوبر #ايزي_تكسي #السعودية https://t.co/afb8ONKIGg,0
التقى الطفل بابا نويل وتلقى هدية... كانت أمنيته الأخيرة قبل المأساة!  https://t.co/ikGuG9X5tU #Christmas https://t.co/ciMMlRk15a,0
راحت عليك يا #أردوغان .. روح العب غيرها#العراق_تركيا#العباديالعراق#جون_كيربي #داعش #التحالف_الدولي https://t.co/P5KWSRqqoU,1
حقيقة الخميني#كلمه_للناس_البارده#مصر #السعوديه #الامارات #سوريا #العراق #اليمنhttps://t.co/hKuvNnDjNI,0
لم تفضح الحملات الصليبية على #حلب القانون الدولى والدول الخمس و #الأمم_المتحدة فقط بل فضحت حكام العرب المنافقين الخونة#حلب_تباد_بسكوت_العرب,1
__ حاضر حنسكت و مش حنقربله بنقد او سخرية عشان هو الاغلبيةحاكون امعة و امشي مع الرايجة حاضر,1
#الحياة_إيكونوميست| #الأمم_المتحدة تحذر من مشروع قانون العفو عن المعتدين على #القاصرات في #تركياhttps://t.co/4g5vWJBimu,0
#كاسترو من ثوري إلى ديكتاتور إلى نموذج  #منى_عبدالفتاح  #صحيفة_الرايةhttps://t.co/4LhdIiSDpZ,0
يونيسيف: موت 69 مليون طفل قبل 2030 https://t.co/VozkI1s04X #القدس #حلب #uae,0
RT @pturbos: #أردوغان في طريقه الى التفوق على #إنقلاب #أوفرين سنة #١٩٨٠بعدد المقبوض عليهم و المحاكمات... https://t.co/WsxG2CgXjE,0
انا من الشرفاء المعملوش ال #MannequinChallenge https://t.co/7zik3FkjRg,0
طبيبٌ يداوي الناس وهو عليل قصة مأخوذة من صميم الحياة المصرية إذا صح إعتبارها حياة,0
مداخلة نجيب ساويرس مع الإبراشيي وتعليقه على إستقالة دالبرادعي وأحداث مصر,0
فيسبوك تختبر تفنيه لتساعد المستخدمين في البحث عن واي فاي مجاني,0
#البرلمان | الاحتلال ينصب عشرات الحواجز العسكرية في القدس المحتلة https://t.co/xR8DVfT8bF https://t.co/sUIq0Uky5P,0
#البوابةمصرع 7 في حريق غابات في جنوب #الولايات_المتحدةhttps://t.co/mYO49efVsQ,0
دول بقا المغضوب عليهم والضالين بتفسير الشيخ الشعراوى رحمه الله . رغم أنف المتأسلمين#ستبقى_حلب https://t.co/QjdTw42iDt,0
@dareendaw فرصتهم كبيرة انهم يعيشوا في ظل ديكتاتور يعرفوه ولا يجربوا نار التنظيمات الارهابية زي جبهة النصرة,1
إستمرار الحراك الطلابي بـ #جامعة_المنصورة #مفيش_عساكر_يحكمونا,0
@nba_eng لا اتفق معك، أدمز ممتاز,0
"RT @Imlebanonnews: ميزة من  #غوغل"" لن تتوفّر في الأندرويد #تكنولوجيا - https://t.co/pF3MjmWoTn https://t.co/7vAcjGeO2B""",0
بريطانيا: لا نرى في سيطرة الأسد على حلب.. انتصاراhttps://t.co/Q4tftwjsg0,0
RT @8t2VMIm9SY4woew: احقر منظمة عالمية هي الامم الممحونة منذ ان تاسست تلك المنظمة الحقيرة لم تحل اي قضية بالعالم منظمة مرتزقة تبحث عن المال…,0
1 وصلتنى رسالة من مشجع كروى الى طاهر ابو زيد: كنت لاعب متميز وللأسف ضيعت كل ذلك بولاءك للأنقلابيين بل أصبحت من قادة الانقلاب,0
#حقوق_الإنسان لدى #الولايات_المتحدة ثم ينتقدون #دول_العالم_الثالث كما يزعمونhttps://t.co/tf4RKhqEwg,0
شاهد - آخر كلام: جمعة الغضب لا تزال في الذاكرة #,0
عيد ميلاد الغالية النهاردة دا يوم خير ان شاء الله #فيروز ❤️,0
RT @A822822A: ولأول مره  يتم تنزيل مقطع في حسابي لم أفهمه..!! أعتذر لكم ..!!طقوس الشيطان بلاحدود♦️#العراق #بغداد #البصره   https://t.co/S…,0
ترحيب أوروبي بهزيمة اليمين المتطرف في النمسا https://t.co/X2BQtsius7,0
#فيتو :: #شاهدأقوى تعليق من #عمرو_أديب عن ضربة جزاء #الأهلي!شاهد من هنا:https://t.co/uubw9A0pjw https://t.co/vfEEeI8TIw,0
«#مهرجان_القاهرة_السينمائي» يتبرأ من مؤخرة #سما_المصري https://t.co/KlsYVha4T6,1
RT @almowatennet: أبل تفوز على سامسونج.. كيف؟! https://t.co/wrHycqUf8Q,0
شاهد .. مواجهات عنيفة بين #الجيش_السوري والجماعات المسلحة في #الشيخ_سعيد جنوب #حلبhttps://t.co/RaKvhtYXhy https://t.co/C7tLJa8f6u,0
"""أبل"" تكسب معركة قضائية ضد ""سامسونغ""  https://t.co/bPJmv5BzXo via @RTarabic",0
#الصباح_العربيجوجل تكشف عن جهاز بث جديد بجودة عالية https://t.co/zns1Isbti1,0
رفع الأذان في مساجد القدس لن يتوقف#الأذان #مساجد #القدس #الأردن #الرأيhttps://t.co/TsRUU3CXvy https://t.co/qcYocjxShF,0
وانا كنت فين لما عملوا #MannequinChallenge  في الجامعة عندنا 😂😂,0
@kwabil ايضاًنعم ..لكن الاعلام الغربي هوسيّدالموقف في التشويه والتحسين بينما الاعلام العربي في التشويه فقط وعن غير قصد!!.,1
"بالفيديو.. عضو بالغرف السياحية عن فرض السعودية 2000 ريال على العمرة:""جزية لدخول الحرم""https://t.co/hF6jm3pawu",0
وللتاريخ دورات فاعتبروا وانتظروا!المعسكرات التي بناها السوريين للاجئي اوروبا بالحرب العالمية وحفاوة استقبالهم لهم… https://t.co/5SfLzrktSl,0
هل هناك نية لدى تركيا للانسحاب من الناتو؟ https://t.co/9pflfenMhJ https://t.co/jRMZL5uijz,0
#lebanon  باسيل: لبنان بدأ بالخروج من نفق مظلم  https://t.co/3KuUOv0ior,0
قال رسول الله ﷺ(إذا سمعتم الطاعون بأرض، فلا تدخلوها، وإذا وقع بأرض، وأنتم فيها، فلا تخرجوا منها) رياض الصالحين #ريال_مدريد,0
بعد إسقاط الجامعة العربية لعضوية سوريا وخيانة دور الجامعة العربية لدورهاأما آن للعرب أن يعترفوا بأن الجامعة العربية بضاعة أتلفها الهوي..,1
@turkialghurairi @munifalharbi @nayefaotibi والله لانشك ذرة بأبنائنا ولانسمح لاحد بتطاول عليهم ولكن مشكلتنا حقيقة ليس فقط في الاعلام الغربي,0
@HadiAlabdallah الحمدلله هاذي بإذن الله فقط زيارة يقوم بها أهالي حلب الشرقية الى أهل حلب الغربية والابطال سوف يطهرون حلب وكل مكان في الشام,0
[ تسلية ] : ريد فيلفيت كـ بوكيمون 💖💖💖 ~ https://t.co/IsdaRiU8Ti,0
"RT @nsalmk: الاغنيه الي الهمت بيونسيه لاغنيه ""run the world ""https://t.co/CK7CnrVZty",0
#نصر_الله: #سورية هي العقد الأساس في محور المقاومة || https://t.co/WauI93mSQQ,0
": عاجل استقالة وزير السياحة احتجاجاً على تعيين محافظ الأقصر "" ما زال فى مصر رجال يفضلون الوطن على المناصب"" الف تحية",0
الحمد لله ان حقن دماء المصريين وأصلح بينهم وعقبال القوى السياسية 3,0
كان نفسي أحضر مهرجان القاهرة السينمائي اليوم....لكن للأسف ما لحقتش أكوي (المايوه) بتاعي....!#مهرجان_القاهرة_السينمائي,1
بين منع الأذان في #القدس ومنع الصلاة في #البحرين.. الجريمة واحدة – موقع قناة المنار – لبنان https://t.co/Mo3XEcXb09 عبر @almanarnews,0
قاهر البرد والمسلحين ،، ابو الورد يوثق اخراج المسلحين مذلولين من حلب الشرقية https://t.co/vO25i3tasp,0
#تويتسو_خبر | برنامج قياس سرعة الإنترنت أصبح متاح على نظام ويندوز 10https://t.co/DLA1vktO8r https://t.co/WHKuMXq2VG,0
"""يريدون أن يطفؤا نورالله بأفواههم ويأبي الله إلاإن يتم نورهولوكره الكافرون""هذاهويقيناً بالله#ستبقي_حلب#ازيحوا_السيسى_وبشار",0
تغريدة قديمه:تم ضرب الجيش الليبي من قبل الناتوقبل اصدار قرار من مجلس الأمنس/ من الذي تآمر مع برنارد شو لتدمير ليبيا وجعلها وكر لداعش؟,0
RT @meshaluk: الناصح الأمين ساحق الجماجم مشوه الوجوه الذي يرى ما تفعله داعش صناعة للحياة يدعو السعودية للتحالف مع هؤلاء ↓ https://t.co/UF…,1
الاعلام الغربي وبلسان العرب يرجعون سبب فشل الربيع العربي هم دول الخليج نسو بتخلفهم وحقدهم هم سبب الفشل حتى انهم لهذا اليوم يتحاربون على قرد,1
@MITIB_FCB منتخبهم فقاعة صابون بدون ميسي,1
المحامى عن المتهمين فى تفجيرات دهب: لا متهم بأسم عادل حباره الذى اتهمته الداخلية بتنفيذ مذبحة الجنود فى سيناء دول بيكدبوا فى الكدب,0
@Alito_NBA @AHMEDGARNETT هل وانوا ال MLS كذا ؟,0
#السيسي_رئيسي_2014 بعد التصريحات الاخيرة لحامدين صباحيي تاكدت انه ليس كائن بشري عادى هو كائن فضائى وسيعودلهيئتة الفضائية يوما ما,1
"فافرينكا عندما سئل عن ما يتمناه لرياضةالتنس في الاعوام المقبلة ؟ رد فافرينكا :""ان يكون روجر فيدرر بصحة جيدة"" .- روجر هو كمال التنس ❤️.",0
@movies_popcorn هذا فيلم هاري بوتر الجديد,0
"🔴 #فيديو شاهد الإعلامي #عمرو_أديب يعلق ساخرا على احتساب الحكم ركلة جزاء غريبة لصالح #الأهلي المصري : ""الأهلي له بلن… https://t.co/Ghku1e64Ie",0
في حد إبن حلال عمل الفيديوهين بتوع ناسا جنب بعض عشان يبطلوا مغالطة ويقولوا ده نفى في فيديو تانيإتفضلوا الفيديو أهوه,0
@BassamJaara إن شاءالله قريب فتح حلب,0
"#ليه بنخاف من الموت و هو الحاجه الحقيقيه في الدنيا !""",0
من اصدارات #دار_الصميعيالهمة في ضوء القرآن الكريمعبد العزيز بن سالم الرويليمجلد قيم متوفر في… https://t.co/uBpH5lLJQh,0
مكتوبة ليك واهي كل حاجه بوقتها يكمل حياتك بيا لما دخلتها وقت ماشافك قلبي شافت عيني فيك صورة حبيبي اللي في خيالي رسمتها🙄❤ #اليسا,0
شاهدي أوّل فيديو لابن #ميريام_فارس من داخل المنزل  https://t.co/n3AxlHoaxZ  myriamfares https://t.co/gHa7pyBqrO,0
#الجيش_السوري يقصم ظهر المسلحين شرق #حلب..آخر التطورات الميدانية والسياسيّةhttps://t.co/i5KlpVbjOY,0
هو انا عشان بعمل الصح وبغير من نفسى للأحسن ابقى كده معقده #مجتمع_مريض #حافظ_مش_فاهم :),1
الجزيرةهل بدء حزب الله  تحضيراته لحربه بلبنان باصدار قراه لبناء الجدار والابراج حول مخيم عين الحلوة الفلسطينى الذى… https://t.co/3uYNnUyQcU,0
سياسي | المجتمع الدولي والمنظمات الإنسانية هما من يتحملان ما جرى في كفريا والفوعة https://t.co/FclEDL22x4,0
RT @ReNgo_Sport: تقارير.. ريال مدريد أفضل من دون راموسhttps://t.co/wtjt5MHU98 https://t.co/gLpjup8JaR,0
“بيونسيه” وابنتها بأناقة “غوتشي” “ولوران” https://t.co/Xhmx9So4jS,0
#فيروز هي الأغنية التي تنسى دائما أن تكبر، هي التي تجعل الصحراء أصغر والقمر أكبر.. شاركنا الاحتفال بـ #عيد_الدني وا… https://t.co/Arr6eDAhVD,0
#MannequinChallenge ذليتونا ترا 🙂,0
RT @putinarabia: لافروف:سنضرب الاٍرهاب في #سوريا .كيري:ربما نضطر لدعم المعارضة!لافروف:إذا ستخسرون مالكم فقط لأننا سندمرها!كيري: تقصد أمو…,0
أصبح الشعب العربي يهتف عندما ينتصر اليمين الرجعي في الغرب على اليمين المتطرّف.,0
#SuperMarioRunاللى يلعب هاي يضفني746303571224 https://t.co/aKa6iNhvH2,0
@chalist معلومه فقط با اسمش مشكل داشتيد، مثلاً اگه به جاى داعش جبهة النصرة باشه كه خيلى هم خوب و عالى,0
ويندوز 10 بيعمل تقريبا كل حاجه بمزاجه والموضوع مخيف,1
ترامب حاول يبرر فضيحته ب ان بيل كلنتون فضيحته اكبر منه ؛هيلاري تعجبني شخصية و قوة ثبات رهيبه 🌸,0
نتنياهو يطلب من كيري عدم اتخاذ أي موقف أمريكي في الصراع الفلسطيني الاسرائيلي قبل مغادرة اوباما… https://t.co/Xpgsc9Vyuk,0
#سوريابقي نحو 10 آلاف بين مسلحين وعائلات ينتظرون الخروج من الأحياء الشرقية لـ #حلب,0
#نجم بروسيا دورتموند عثمان ديمبلي يعرب عن رغبته في اللعب في برشلونةhttps://t.co/GQRQA3d7QB@egyptiontoday,0
#بلحه_نيته_سوده  حاخام يهودي: لهذا السبب يعتمد السيسي على إسرائيل  https://t.co/FCUxI4ZwUp,1
من تدليس الاخوان قولهم ان مرسي المعزول ليس مسئولا عن جرائم الشرطة التى تتبعه بنفس المنطق فان مبارك ليس مسئولا عن جرائم العادلي الا تخجلون,1
وزير خارجية #الجزائر يبارك احتلال الميليشيات الشيعية الغازية لـ #حلب، أحد يفهمه أن حلب الشرقية ١٣٪ فقط من كامل حلب؟https://t.co/7qxVIChgLy,0
دور رائع ومفاجئ لنساء مصر فى المظاهرات شبابنا ونساءنا يستحقون الصدارة ان شاء الله بعد سقوط الانقلاب,0
@WFP_AR اغلب النازحين السوريين في لبنان لايتلقون مساعدات غذائيه واوفقت من 3سنين,0
@ashraaf_alsaad @SALHACHIMI @fchoubachy ومالو...أخوتنا وأبناء عمومتنا وجيراننا ولنا معهم ميثاق يحتفلون بانتصارنا https://t.co/tQxwikdc6a,0
اون تى في تجبر ضيوفها على قول ما تريد والمذيعة ترفع ورقة امام الضيف ليقرأ منها اعلام العار,0
مُتَرجَم | خطاب قبول بوب ديلان لجائزة نوبل في الأدب | المنصة https://t.co/1LCn26BATf,0
RT @kokydraz: اردوغان وروسيا تطبيع  اتفاقيات وسمن على عسل ،، والاخوان اذ فجأءة،، وضوعوا كل انواع الاحذيه ف بؤهم ،، ولا جابوا سيرة سوريا ولا…,1
فى هجاء الغتاتة!,0
"رأى الرئيس ميشال عون أن (الرئيس السوري) بشار الأسد لو خسر الحرب، لتحولت سورية إلى ليبيا ثانية""،",0
نت #فودافون بيعلم الصبر,1
RT @hentai4arab: هنتاي المدرسي والاغتصاب والدياثة الفتاة تغتصب من قبل المتعقب المهوس الحلقة الثانية مترجم عربيمشاهدة مباشرة جوجلhttps://t…,0
RT @TheBaghdadPost: فيديو..أنظروا كيف زرعت #إيران الطائفية في #العراق؟..الأذن تقطع والنفط يسرق!#بغداد_بوستhttps://t.co/iI5oO1Sa5j https:/…,0
اعتراف من نقابة الصحفيين الفاسدة: هناك مناخ معادى لحرية الصحافة بعد الانقلاب أكثر من إى وقت سابق، الصحافة اتهانت,0
حملة هيلاري تفجر موضوع تواطؤ فريق ترامب مع موسكو من جديد https://t.co/lPKDgLS3ak https://t.co/FVmIFoXXvL,0
#عسيري : الهدنة في #اليمن انتهت ولن تمدد @AlArabiya ـ #السعودية #العالم #التحالف #العالم  https://t.co/7hjtygLKEu https://t.co/xHtUSFxDP4,0
RT @MarkaVIP: ادخل عالمًا من الأناقة والجودة الإيطالية مع غوتشيتسوّق الآن: https://t.co/EXjKjBAzIN#ماركة #قوتشي #الخليج #احذية #تسوق #Mar…,0
قسيس يرفع الأذان في #فلسطین #القدس تحديا للاحتلال الصهيوني. هذه هي فلسطين واهلها,0
"RT @IranObs_ar: #المرصد_الايراني#اقتصاد | تركيا توقف إستيراد الكهرباء عبر إيران""ترجمة خاصة""https://t.co/ghEhXDTfW6",0
#غوتشي_لأُناس#شركة-لتنظيف-البيوت-بالرياض#0556302116##مكافحة-الحشرات #غسيل موكيت بالرياض #SuperMarioRun https://t.co/UXqH1arqN6,0
لا لازدواجية المعايير عند نبذ العنف، لا لتبرير العنف بالسياسة أو أهدافها أو اختلافاتها، لا للإقتتال الأهلي عبر دوائر العنف والعنف المضاد,0
RT @alhaili22: #أردوغان للعبادي : نحن سنفعل ما نشاء، وعليك أن تعلم ذلك، وعليك أن تلزم حدك أولا😂😂وين الحشد الشعبي الجحش,1
مدرسة الطبري بشيراتون,0
كاتب سعودي معلقا على وقف السعودية امداد مصر بالوقود: “هذه الأخبار اللي تفتح النفس” https://t.co/GkPCA60T2k https://t.co/Np4RRCE38E,0
الرفاعي ممثلًا للمركز الدولي للوساطة والتحكيم في الرباط  #المجتمع https://t.co/txsrcynrR7 https://t.co/O66pIGb8QZ,0
@lordoffreedom7 جبهة فتح الشام لا تزال في نظر الغرب فرع الشام لتنظيم القاعدة في خراسان حتى بعد فك ارتباط النصرة مع خراسان,0
RT @qatnology: استعراض لتطبيق الرسام الجديد لنظام ويندوز 10تقدر تسوي صور ثلاثية الابعاد فيه وبسهولة بعد 👌🏼 https://t.co/LIvXLloIQt,0
@nojoom19 @fareskaram @RamyAyach @ziadbourjiii اكييييييييد رامي عياااش❤❤❤,0
وزير الدولة متل الحكم الرابع بالفوتبولبيقعد بيحضر الماتش وبيفل وبيقبض متل الحمام الباقيين#حكومة_لبنان,0
أحد يصفقني ويخليني انقلع أذاكر لأن باقي ٣ صفحات ما خلصتها بليز أقروها بلحن لوڤ مي حق جستن بيبر,0
"#كل_يوم: عرض فيلم ""#البر_التاني"" في #مهرجان_القاهرة_السينمائي#ON_E | #عمرو_اديبhttps://t.co/A9wVTtjr3t",0
اهداف مباراة ريال مدريد واتلتيكو مدريد 3/ 0 هاتريك رونالو  الدوري الاسباني  HD .m3v https://t.co/PdV3jnQO0P #فلسطين,0
"#البرادعى قال مصالحه يبقى خاين, #السيسى قالها يبقى #لا_للمصالحة بس هو بطل مغوار #تويت_كانك_معرص",1
RT @TradervicsKSA: وثق تجربتك في #مطعم_ترايدرفيكس ❤️واربح جوال أيفون 7 لأفضل صورة 😍#خذلك_سيلفي_مع_ترايدرفيكس#مسابقةموعد السحب في الإعلا…,0
#منى_سيف : لا للمحاكمات العسكرية للجواسيس اللى بيتعاونوا مع اسرائيل ! #تويت_كأنك_ناشط_ايام_حرب_اكتوبر,1
"كيف رد #أحمد_شفيق على أصعب سؤال..""هتشتغل في إيه لما ترجع"" ؟https://t.co/mLKWXC1rew#مصر #الإمارات https://t.co/7JHLGqOOzH",0
الهبه اليديده #MannequinChallenge نفس لعبتنا ايام قبلحركهحركهStop ✋🏼😹..طبعاً الجيل اليديد مايعرف هاللعبهبس يعرف هالهبه,0
RT @AFPar: جماعة #جند_الاقصى الجهادية تنضم الى #جبهة_فتح_الشام في #سورياhttps://t.co/ICW9iOUg6f#افب,0
@nanso15 @NancyAjram لاااااااااااا أنا بقصد نوال الزغبي❤❤❤,0
قبل كده وبعدما قفلوا النت في البترول كنا نرسل اللنك لسيرفرات برة وهم الله يجزاهم خير يرسلوا الصفحة، ونستمر على كده #تخيل,0
ياريت بس الإخوان يوحدوا الكذبة هوه مرسي جامد قوي وبيحبط مؤامرات شرسة؟ ولا مغلوب على أمره والدولة كلها ضدهكدب مساوي ولا صدق مجعرف يا إخوة,1
كريس وزين مالك يرتدون نفس الجاكيت من غوتشي، من ارتداه بشكل افضل؟ https://t.co/zhEpy982qE,0
أرملة سورية  بدون اولاد تبحث عن زوج مسيـــــــــــــــــار  https://t.co/DVxofn0sQy,0
@damerk_doob404 @Dhahi_Khalfan اسال الكلاب التى استعانت بقوات الناتو,1
لماذا شعب سوريا لا يتحملون ويجمعون أموال للشعبهم سوريا بدل مكوده ودعاراتهم الم يكونو مثل شعبهم طزززز بسوريا https://t.co/wIumHBp6Nd,0
#السعووديات_مرهلاتساعات نسائيه ماركة غوتشي،مع الاساور والخواتم وكرت الضمان فقط بـ250 ريال https://t.co/UwHO829lIX,0
حطه كله يا سيسي الكردوسي عايز اكتر 😂 https://t.co/QUEr2QqefS,1
@amrmsalama بنعتذر لحضرتك يا فندم علي التاخير.. سيتم اقلاع الرحلة في تمام الساعة 18:00 UTC تحت رقم 1800 بدلا من 800 بنتمنالك رحلة سعيدة.,0
RT @Rashedalkaabiii: والله عيب حتى #ميسي قام يطقطق علينا 😅✋🏼حد يشوف لنا حل 💔🇦🇪#مهدي_علي_برع #انقذوا_الحلم #اقاله_مهدي_علي https://t.co/…,0
#اخبار_كركوك_سات#الناتو: بعض العسكريين الأتراك في الحلف طلبوا اللجوءاعلن الأمين العام لحلف شمال الأطلسي... https://t.co/WEhYvEpRik,0
امريكا تدفع لمصر مساعدات عسكرية بالمليارات ليقتل الانقلاب شعبه ولا عزاء للديمقراطية وحقوق الانسان,1
كلمة بوتن ولمس كانت قوية وفيها تحدي كبير للغرب بخصوص ليبيا قال حرفيا( سنتصدى للارهاب المصنوع في كل العالم ولن نسمح بتدمير ما تبقى من ليبيا ),0
اشتقنا إليك يا اسطوره .#فيدرر #ShanghaiMasters https://t.co/fK9fBoFMhw,0
Retweeted أحمد بن راشد بن سعيد (@LoveLiberty):مقال في مجلة فورن بوليسي:كلنا ضالعون في ذبح #حلب. (بوتن والأسد)... https://t.co/TtfUUJj2WX,0
احبسونا و امنعونا #البعد عن #الاهلى محااااال,0
يا #الأمم_المتحدة مجلس الأمن #الحقوق_الانسان #BBC وهابي تكفيري يهدد مرشح للانتخابات بالقتل وتقولون من اين الدواعش https://t.co/pGpv8OWk55,1
RT @xFarnacle: هناك حوالي 1.7 بليون مسلم في العالم.اذا كان الأسلام فعلاً يدعم الأرهاب لكنتم كلكم ميتون الآن. http://t.co/QoKmCj6R7d,0
قناة روسيا اليوم/ #الأمم_المتحدة قلقة من مشروع قانون تركي يجيز العفو عن مذنبين بالاعتد... - عبر نبض @NabdApp https://t.co/cRp5gkI8hV,0
صراع شرس بين ريال مدريد و برشلونة على ثنائي اتليتكو مدريدالتفاصيل: https://t.co/ZQHObvGEnP#إبداع_الملاعب https://t.co/sCCW1u5LBN,0
الثوره قادمه #مصر_لن_تركع يا #سيسي وهنقتص منك بحق كل ذل شافه الشعب من يوم انقلابك وبحق كل سجين اتحرم منه اهله وبحق كل شهيد راح في ساعة غدر,0
مواطن من إدلب للفصائل ولمن تناسى إجرام من قتل مليون سوري /ياآخوة الاسلام إتحدوا ضد بوتن و خنزير الشام كونوايداواحدة https://t.co/39RI8mTgUF,1
RT @SaudFederer: #افضل_طقم_لروجر_فيدرر رولان غاروس 2008استراليا 2011 https://t.co/tetajVjNZL,0
الناشط السياسي محمد فؤاد:#ليبيا بحاجة إلى خطوات عملية من قبل المجتمع الدولي لمساعدتها في الخروج من أزمتها الحالية.https://t.co/EyGBQD7TMN,0
غشيانه ضحك😹😻يارب خليلنا إياها و خليلنا ضحكتها 🙏❤#نادين_نسيب_نجيم #في_بيتنا_ضيف #ملكة_الهيبة #الهيبة #رمضان_٢٠١٧… https://t.co/PlSM2YvvoF,0
@ChrisBHaynes @Alito_NBA سكته قبل اذبحه,0
الفصائل الذين يتوقعون أنهم سينتصرون بأسلحة وأموال الداعمين في الناتو كمن يظن أنه سينال أجراعلى بناءه مسجدا من أموال كسبها بربا أو ميسر!#حلب,0
لن يعود لمصر توازنها الا بحل سياسي يبدأ بالشفافية و المصداقية وبحكومة انقاذ وطني من أجل استعادة الأمن وتعافي الاقتصاد وبدستور لكل المصريين,0
@m_ashraaf1 بحبك .. هيثم نبيل ناس وناس .. رامي عياش المقام . ادهم معارف . وائل جسار,0
RT @Reyhan_News: المندوب المصري وجه نداءً للقوي الدولية والإقليمية والداخلية في سوريا بتجنب الصراعات والمطامع السياسية والنعرات الطائفية لا…,0
أثبتت تجارب علمية أن مضموناً كالذي يقدمه رامز جلال يفسد الأطفال و ينخفض بمستوى ذكائهم و لهذا تمنعه دول متحضرة,0
@eiad_tennis موفق ياكابتن يا اياد .. نشوفك تعلق على فيدرر في الموسم القادم بإذن الله ❤️,0
"تظاهرات البوسنة ""سراييفو""  نصرة لاهلنا في #حلبوتنديدا بمجازر روسيا وبشارإنا لله وإنا إليه راجعون#ستبقى_حلب... https://t.co/zeHcYWLbhU",0
لا فرق بين هيلاري كلنتون وترامب في مواقفهما المعاديه للإسلام وللعرب والمسلمينلاتنتظروا سياسه معتدله ومنصفه من أمري… https://t.co/57AB9uZOvV,0
إسرائيل تغلق الأراضي الفلسطينية .. والسبب؟https://t.co/XK1E6ke8Js#أخبار #البوابة https://t.co/ICvI81Fins,0
(بشار الأسد) يرفع رسوم إقامة الفنانين العرب والأجانب في سوريا https://t.co/qQmSP93VUA #اخبار_سوريا #سوريا سوريا اخبارسوريا,0
"RT @ALyemenNow: سيناتور امريكي يطالب أوباما بضرب الحوثيين وإيران ردا على استهداف السفينة الامريكية ""ماسون"" https://t.co/jg4SH5H15Q",0
@malikmalimalim1 @GalaxyBan1998 اوجدوهم ارجع للنت وانظرلحماركم المدعوالجعفري وهويعترف ويقول يجب الانفتاح على داعش الاعلام الغربي كلهم اعترفو,1
الأمين العام لحلف شمال الأطلسي: على الاتحاد الأوربي و حلف الناتو تعزيز التعاون والتكامل من أجل مواجهة التحديات #الراية,0
@S_ami06 لا أخلاق ولا شيم ولا قيم ولادين ولامذهب أين المجتمع الدولي من مايحصل في العراق وسوريا غزو مبطن لأمة الأسلام,0
@alous_  إليسا احساسها من قلبها بس نانسي تسطنع الإحساس #اليسا #elissa,0
"ﻗﺒﻞ ﻣﺎ ﺗﺘﻜﻠﻢ ﻋﻠﻰ ﺑﻨﺎﺕ ﺍﻟﻨﺎﺱ , ﺧﺪ ﻧﻔﺲ ﻋﻤﻴﻖ , ﻏﻤﺾ ﻋﻴﻨﻴﻚ ﺗﺨﻴﻞ ﺍﻧﻬﺎ ﺃﺧﺘﻚ #استرجل",0
غوغل تعرض هواتفها الجديدة بسعة تخزين لانهائية https://t.co/yurQ0XuB4h https://t.co/OSYsJsYRvB,0
‏مبارك عليكم الشهر! ‏#رمضان_كريم‏,0
#طيب_نفسي أعيش صح واشتغل صح واكافح صح وانجح صح و #افرح صح بقاااا #بلد_أصعب_مافيها_الطموح,0
سبوتنيك: الأسد: الحوار مع الجماعات المسلحة في سوريا ممكن: قال الرئيس السوري بشار الأسد في مقابلة له مع فصلية ... https://t.co/SNX4CTTTts,0
RT @TheArabHash: تصوير جوي عالي الجودة يظهر الدمار الهائل في مدينة #حلب نتيجة قصف الطيران الروسي والنظام السوري ... https://t.co/1CA1867H54,0
كواليس الجلسة التصويريّة الخاصة بالملكة #نادين_نسيب_نجيم في #دبي 🎬❤#ملكة_الصحراء 👑🌿إسم الله على جمالك 😍😍😍 الله يح… https://t.co/HSMxFaA2mt,0
) معلم و واعي يا يوسف,0
@LUHG18LUHG هذه حدثت في عهد ابن همام في عام ٢٠١١وبحث بسيط عبر غوغل ستجد الكثير والكثير! https://t.co/6HgVsydUO3,0
"""الجمعيات والمؤسسات الأهلية"" تملأ دول العرب من المحيط للخليج وتمولها #الولايات_المتحدة ودول #الإتحاد_الأوروبي، لماذا؟",0
وبنظرة عينيه يختصر الكلام .. كل الكلام ..ولنا عودة ...#سوريا#حلب_تباد #ستبقى_حلب #تمرد_لأجل_حلب#StandWithAleppo https://t.co/XpYcz4xUNP,0
RT @BarcaDN: الكاسير: ميسي لاعب رائع جدا ، وقد فاجئني كشخص انه مثال للتواضع,0
@kathe_kathe5177 @ShlamiSh_123 هذا خالد الرويشان الحقير وهو ليس خالد الذي كان وزير هذا نفس العينه القذره  ونفس الفشل جاء يهنجم صاحب اردوغان,1
RT @Engkerooelatar: طبعا لو حلفتلك اني بدور ع بوكيمون ف أوضه نومك مش هتصدقني https://t.co/lDZUspK2gG,1
كيفية الحصول على تنبيهات هاتف أندرويد من خلال ويندوز 10: تستطيع الآن الح... https://t.co/fLoe44WNZn #ملوك_التقنيه #تقنيه,0
@Salfh6weelh (١:اووووه لعبة تشغل الناس !!!!٢:لا ما يصير طلع سبب يمنعهم عن الانشغال١:خطة بوكيمون؟٢:نعم ابدأ التنفيذ)حرام وحرام!!!!!!!!!,0
متى سيدرك الانقلابيون أن العالم لا يرى نظام #السيسي كما يراه عادل إمام وإلهام شاهين؟ ياشرفاء #مصر أنقذوا مصر تمتلكون المفاتيح كلها فانهضوا,1
@saaam10006 كلمات أقوى من الرصاص قالها هذا الطفل السوري البطل ليقدم درسا للشعب العربي المتخاذل والحكام الخونة#حلب_تباد_بصمت_عربي#ستبقي_حلب,0
بسمة أمل جديدة مع لذة العطاء,0
تقول هيلاري كلنتون: إسقاط الأسد اولوية لي. https://t.co/8qioYxkNYp,0
#هتحبك_لو صحتها من النوم علشان تقولها بحبك ;),0
@FaisalAl3amr رقصها فريق الرجبي النيوزلندي أمام ملكة بريطانيا لحظة استقبالها لهم في قصرها.   https://t.co/1b1WJL5u12,0
منزل باراك أوباما ..للفخامة عنوان  https://t.co/61cpKWnH3c https://t.co/DtCHitil2e,0
@HebaAssem95 او نعمل سرش على جوجل😂,0
@S6am50 إلي في اليسار جستن بيبر؟!؟؟,0
@Novakw قاعة٦ بوث٦٧ #معرض_الكويت_الدولي_للكتاب #مجموعة_قصصية #وشوشة_بحر القاصة خالدة الثويني https://t.co/Mfrg22QF2f,0
"⭐️ #دولــــي • عرض يحاكي ""معركة موسكو"" عام 1941: شهدت ضواحي العاصمة الروسية عرضا عسكريا يحاكي معركة موسكو التي غيرت… https://t.co/z073rp3uU8",0
حب البلد بيعيش لما يموت الجوع #حمزة_نمرة مهما كلت وشبعت برضو مش بحبها,1
قمت بإجتياز 72  مرحلة#لعبة #لعبة #اشبكها#أيفون:https://t.co/YsKKUYVfZy#اندرويد:https://t.co/UzHflgf4AE https://t.co/bSetstrGxg,0
"RT @ALHADATH_KSA: العبادي يرد على أردوغان | بالتأكيد لست نداً لك وسنحرر أرضنا برجالنا وليس بـ""السكايبي""#تركيا #العراق",0
أديل  إليسا الغرب .. #إليسا @elissakh ❤ https://t.co/cuN2KpOx4v,0
أسف يا ريس،رغم إنتمائي للأخوان إلا أنني إبن ثورة الحرية لذلك ارفض السلطات المطلقة للرئيس مهما كانت السبب وأي كانت المدة,0
فيديو : إعادة تصميم اداة paint على ويندوز 10 من مايكروسوفت#ويندوز_10 https://t.co/38OdnVgPFX,0
الاعلام يستطيع ان يجعلك مسير لا مخيرفي الصورة الاولى داعش يبيع اليزيديات وفي الثاني طقوس تواداء في عاشوراء وجميعها… https://t.co/fDajtY1K7F,0
الدكتور حازم الببلاوى طلع اخوان--------------هههههههههههههههه #الببلاوي: اعتبار الإخوان جماعة إرهابية كان قرارا,1
"""نهاية العقد الاجتماعيّ البعثيّ في سوريا بشّار الأسد: قراءة في التحوّلات الاجتماعيّة السياسيّة...""، من ترجمتي https://t.co/alZHr10j5T",0
"#السعاده ان يكون من نحب بخير وعافيه فنحن نشعر بهم ونهتم لامرهم حتى لو لم نراهم 3""",0
RT @ashraaf_alsaad: لقاء القمة بين روسيا وتركيا #اردوغان موقف تركيا تجاه #سوريا متناغم مع روسيا لكن #مصر لما رفعت ايدها امس تبقى خاينةht…,1
مدافع برشلونة يطلب الرحيل في أقرب وقت https://t.co/J6hZOqVc0k https://t.co/g6PJsHM2jB,0
غضب اعلام العار ممن سخروا من هزيمة مصر من غانا حتى لا تكون فرصة لتلميع سيسي والانقلاب رغم ان من سخروا لم يضروا,1
RT @aladwani71: السيد أوباما والدعله لزقت عنزروت السيده ميشيل https://t.co/aVLltcltDi,1
#ليبيا_الآن | #فيديو فرح منتسبو الكتيبة 298 بإستهداف العربة المفخخة التي أرسلها الإرهابيون وتصاعد الدخان منها في من… https://t.co/bZOyurCliX,0
شاهد عرض عسكري لأبطال الجيش واللجان الشعبية بمناسبة #المولد_النبوي الشريف في خب والشعف الجوف 14-12-2016 https://t.co/XP7Iy6F1RE,0
مد العمل بقانون الطوارىء: استمرار للقمع وانتهاك لحقوق الإنسان والحريات الأساسية يوم حزين التغيير حتمي,0
"""القرار صهيوني""... #حماس ترفض منع استخدام مكبرات الصوت في المساجدhttps://t.co/jTAAch4M2w https://t.co/NjjE1gKjF4",0
ارفض البذاءات التى يبثها الشيخ محمود شعبان ضد الثورة لكنى ارفض ما حدث له في ميدان التحرير من إهانات واستهزاء بكرامته الثورة نموذج أخلاقي,0
بعد غياب الفنان #عادل_امام عن المسرحيعود الينا #السيسي بفكاهة أقوىمع كل خطاب له يجب أن تضحك#كلمه_للسيسي_الفاشل,1
"#أوغاسبيان نجم ""فيسبوك"" و""تويتر"".. هكذا علّق اللبنانيون على #الحكومة @nawalelachkar https://t.co/LOKwFADuIA",0
#اليمنية| تقارير دولية: خمسة آلاف من مقاتلي #الميليشيات من الأطفالhttps://t.co/7RjpThQrkc#التحالف_العربي_سند_اليمن https://t.co/jAWAHmjrRQ,0
بعد تنفيذ مجازر قي #حلب #واشنطن تحذر #دمشق و #موسكو #قصف_حلب #حلب_تحترق #Aleppo https://t.co/ldNX3oaarS,0
عندما يكون المتهم بطلا ويكون الحاكم والسجان جبناء مرسي رئيسنا الشرعى والانقلاب ساقط لا محالة,1
#التسجيل في #اوبر للسائقين  متاح في #الاحساء الموعد #الجمعة 25/11/2016الوقت( ٢-٨ مساء)الموقع برج الملحم التجاري… https://t.co/WFAJRWXsxK,0
@kowkowah97 لا حجيه بلاشعائر بلا بطيخ هذا يسمونه شوو وتشويه صورة الاسلام وبعذ في ايه ماقدر احرفها تقول ايذاء النفس حرام ماني ذاكر الايه,1
RT @msstol: اذا تذكرت انك بتداوم لين ٢٠ رمضان : https://t.co/UdmtgCZpMI,0
#المطرية  #انتخبوا_العرص,1
الكاتب #حسين_المطوع في زيارة لـ #دار_الفراشة #معرض_الكتاب #الكويت #قراءة #ثقافة #معرض_الكويت_للكتاب #كاتب #كتب… https://t.co/dDSc0qPp7Q,0
RT @arabia2_com2: #إتش_بي توقف اعتمادها على نظام #أندرويد وتتحول إلى ويندوز 10#الاخبار_التقنيةhttps://t.co/0I8U2p179s https://t.co/U83e…,0
الرئيس الأميركي باراك أوباما يكرّم فرق الأولمبياد…: رحب الرئيس الأميركي باراك أوباما بفرق الأولمبياد وأولمب... https://t.co/7iYyfFJRrL,0
لما حبناهم باعونا ... ولما بعناهم جروا علينا 👌#مشتاق_اسمع_جمله#عادل_امام#كلمه_لحبيب_قلبك#حب_أعمى#ولسه_يامصر_هشوف_فيكي#علي_هوي_مصر,1
جستن بيبر؟ https://t.co/1MAjtpbGn5,0
قد هتفنا بالولاءِ #حزب_الله #الخامنئي  #٤٠الحسين_تجديد_الولاء#ياحسين #كربلاء https://t.co/EUViOfno1h,0
#مصر | #التحرير | فيديو.. مذيع أجنبي يسخر من بشار الأسد: قتلت ربع مليون إنسان وتعتقد أنك تدافع عن… https://t.co/cnUuWySSvj #جبهة_شعب_مصر,1
بعد الانتخابات الأمريكيه إن لم يلتزم أردوغان بما تم الاتفاق عليه مع بوتين وهو سحب المسلحين من حلب ، فسيتم دكهم تحت التراب .,0
#عادل_إمام في عزاء الراحل #محمود_عبدالعزيز https://t.co/udGUEKiGXb,0
مش مهم المسمي اسمها ثوره، هوجه، موجه، وكسه، نكسه المهم ان الموت و الفقر و الخسائر هما اهم انجازتها #يناير,0
"على هامش اجتماع وزراء خارجية الدول الأعضاء بحلف شمال الأطلسي ""الناتو"" https://t.co/lVmz6DpUkp",0
ها علاش روسيا صفحت لتركيا و تنازلت عن حقها في قضية إسقاط الطائرة روخوي و مقتل قائدها.,0
مرسي يعطل القانون ويشق الوطن ويخاطر بالصالح العام من أجل تمرير دستور يخدم صالح جماعة في حتة مزنوقة لا تخضع لأي رقابة أو قانون,1
نظرة هادئة لمشهد ملتهبمقال اليوم أجيب فيه عمن يسألونني دائما عن الحل ويتهمون الكتاب عامة بعدم الحديث عن الحلول,0
RT @Soora_T3leeg: #حزب_اللي_ماحملو_البوكيمون#بوكيمونسبب انتشار اللعبه https://t.co/vC7zACsbeK,1
I liked a @YouTube video from @med0009 https://t.co/9vZ4UR3yLo نوال الزغبي و وائل كفوري مين حبيبي,0
ضحايا القصف الطيران الأردوغاني علي مدينة الباب 2️⃣بالأمس الاخونجي طرد النازحين السوريين العزل واليوم يقصفهم غدراً… https://t.co/EdpPmKfpkc,0
علي فكرة عبد الله السعيد صانع الاهداف الثلاثة الماتش الاخير,0
@hamd2027  وتدري ان خاطري بجنطة شانيل معاها جنطة غوتشي مع جوتيها  وبوك من لويس فيتون ...,0
يستضيف حي دبي للتصميم حفلةفنيةحية للفنانة ميريام فارس مساءالسبت 10ديسمبر ختاما لفعاليات ملتقى d3 في دورته ال2 المقر… https://t.co/aJ1FPOwCw2,0
كل البلاوي اللي #الداخليه هتعملها بعد كده فينا هتبقى بإسم #مكافحة_الارهاب وهنرجع تاني نغني لفق لفق في القضيه بتاعت #الالتراس #النظام_هو_هو,1
عراف ممانع يتنبّأ بانتصار #بشار_الأسد وعودة جيشه الى #لبنان! #سوريا https://t.co/hJOEacAwDp https://t.co/iZd13ZpfoI,0
#بروكسل — تمديد العقوبات الأوروبية على #روسيا حتى يوليو المقبل,0
RT @NiTrOoGeeN: تصريح روبيرت دينيرو عن رأيه في دونالد ترامب.... https://t.co/AdX670xCjy,0
#أسأل_تويتسو لما ادخل في جوالي على جوجل واكتب مثلا سيرة شخص ما وعلى ويكيبيديا الحرة يحمل  ولما اخرج اجده يحمل  واسكر جوال  يروح تحميل,0
ف كل مكان الاختلاط جات ع المدارس يعني اش حيسير مثلآ 🏃🏻😒 #ماذا_لو_المدارس_مختلطه,0
يادين امي ع الحظ يعني أحمد الشيخ مش هيجي يوم الاحد مع المقاصة 😐😠,0
"شبح ""البياسجي"" يلاحق برشلونة مرة أخرى ويهدده في الصيف: يبدو أن نادي العاصمة الفرنسية باريس سان جيرمان سيبقى ش... https://t.co/fvpkbTLKQF",0
تقدم لكلينتون بعد فضيحة ترامب ..والجمهوريون يتنصلون منه: وجد المرشح الجمهوري الى البيت الابيض دونالد ترامب نف... https://t.co/Luw0xb6VZ0,0
هو إحنا حا نعمل جلسات مجلس شعب ليه؟ ما الإخوان أهم بيخلصوا كل حاجة من مكاتبهم ولا حوجة للزحمة والمصاريف,1
#غوغل تضع اللمسات الأخير لمتصفح #كروم_55 لتقليل استهلاك الذاكرة بـ50% -  https://t.co/k9pLdoWr4c https://t.co/KKiUqLSecI,0
@Celebrities_Mag سوري بس وين نوال الزغبي و نجوى كرم كأفضل فنانين؟؟؟؟هني لازم يكونو قبل الكل؟؟,0
RT @KuwaitiApp: أبل لـ «الراي»: 2200 شقة للكويتيات ... وللمشمولين بقانون «من باع بيته» - محليات - https://t.co/32XI4w3zos,0
مِـجَ ـلَة ™ 󾠮󾠰 #Magazine13Arab اطلاله#مروه_نصر @marwanasrفي #مهرجان_القاهره_السينمائي 38وتاخر بسبب عطل بالسيار… https://t.co/9d6kU3fT3q,0
@nadinenjeim عيوووني مآ تشوف غير ( جمالك)  🙈😳بسم الله عليك وعلى عيونك وجمالك وكل شي فيك 💜#نادين_نسيب_نجيم https://t.co/HzqgKfMePx,0
3 عجز الحكومة المصرية المتواصل عن التعامل بفاعلية مع الأزمة وإخفاقها في إدارة ملف المفاوضات مع الصندوق بشفافية,0
الشاات بااايظ ليه يا #مارك -_-,1
من اصداراتنا المتميزة ايثار الحق على الخلقومعه الانوار شرح الايثار مجلدانمتوفر في #معرض_الكويت_الدولي_للكتاب https://t.co/9mhYRzyzt7,0
مضمون كلمة الرئيس، الاستعلاء على المطالب الشعبية والدفاع عن الأخطاء عوضا عن التراجع عنها وتبرير عنف جماعته ودعوة حوار شكلية، لك الله يا مصر,0
بوغدانوف يبحث مع السفير السعودي الأزمة السوريةhttps://t.co/T6IkriOcf3 #ريال_مدريد #برشلونة,0
مواطنين في منطقة التربة #تعز يفيدون بسامعهم طائرات عمودية متوجهة الى المدينة شكلها عتكون ليلة غبراء#اليمن #صنعاء #عدن #صعدة #مآرب #السعودية,0
موسى يصرخ بعد عودة #أحمد_شفيق : لو إترشحت قدام العظيم #السيسي هتاخد المركز الـ 17https://t.co/jashQUpCxg,0
RT @ashraaf_alsaad: لى اكثر من شهر وانا عاكف على كتب ابن تيمية واشعر ان جوجل والويكيبديا سرقا عقله فهو طوفان جارف من العلوم ويبقى بشرغير مع…,0
خطاب بوب ديلان في حفل نوبل كان لماح جدا خاصة في علاقة شكسبير بالأدب واللي خلاني افتكر كلام تولستوي عن السينما لما... https://t.co/yDxijzARWi,0
هل تحقق روسيا النصر حقاً في سورية وأوكرانيا؟ https://t.co/3ggRCaQfVO https://t.co/4F2CWyhI8E,0
عايز لكل رجل قبيلة 😂😂😂عايزها متقسمة #عمرو_اديب عبيط رسمى نظمى  https://t.co/lXv102EtKh,1
RT @Ahmed_omar648: هذه #سوريا ، كانت سوريا ، و ستبقي سوريا ! https://t.co/rUBw556Qf1,0
@kasimf يا استاذ فيصل ..هل تتوقع ان نراك في سجون الاسد بعد اجتماع موسكو وطهران وتركيا .. فتنتك بين المسلمين لن تنفعكلاتحسبن الله غافلا ..,1
اهداف مباراة المشوقة و الممتعة بين  سامبدوريا و ساسولو 2/3 .egk https://t.co/00VX20ADFa #فيروز,0
الانقلاب يغلق مسجد النصر ب #رفح ومن اظلم ممن منع مساجد الله ان يذكر فيها اسمه وسعي فى خرابها انتظروا عقاب الله,0
يعني مش هاري بوتر زي ما الامورة دي ما بتقول 😂 https://t.co/ZVf6EYb0UV,0
بوب ديلان شكله فوتوجينيك جدا ابن اللذينة,0
يعني ريكي مارتن الصراحة ماقدرأقول شي لأني أحب أغانيك شاسوي 🙂,0
ملعون كل وهابي سعودي يزعم انه مع اهل السنة وهو مؤيد لداعش #لافروف #حمله_دفي #سعد_لمجرد #عكار #الهرمل #النجمه #الصين https://t.co/HhCLrKxlAm,0
ابــــحث عن زوج مميز جدا انا ارمـــــلة سورية مـــقيمة بالســـــــــــعودية  https://t.co/Uc0IdZGblQ,0
الحكومة الحالية غير قادرة على إتخاذ قرارات وهي حكومة مرتعشة,1
الشعب مش لاقي ياكل والاسعار نار والشغل واقف والانقلاب يبنى نصب تذكارى فى رابعة بعشرين مليون مش حاسين بالناس,1
"فيديو - احتفال فريق روزنبورج النرويجي  بلقب كأس النرويج على طريقة ""تحدي المانيكان""  👍🏽🐼 #MannequinChallenge// https://t.co/QqTNCCR5ek",0
شو اخبار لعبة بوكيمون جو ?? انقطعت أخبارها والفتاوى المرافقة,0
أنت وَطن بنيتُ فِيه جَميع أمنِياتي ، وجَاء ذات ليلةٍ مُظلمة أحتل ذلك الوطن ومِن بعدها أصبحتُ غريب يتسكعُ بين الأحرُف باحثًا عن مَلجأ #سري,0
مراسلنا من #الاسكندرية : #صدقى_صبحى : #القوات_المسلحة ستظل دائما #الدرع_الواقية لهذا #الشعب_العظيم,0
@noonee580 @kxxlxxd من امازون تقريبا كان سعرها ٢٨٠ ريال,0
سجل للعمل في اوبر بسيارتك الشخصية ، من خلال الرابط https://t.co/rOtNHAKjbT #اوبر #شريك_اوبر #موهبه_تحس_نفسك_مبدع_فيها,0
مع احترامي لتركيا واحتقاري لنظام الملالي تجتمع روسيا وتركيا وايران لتسوية اوضاع #حلب وسوريا ... السؤال اين العرب ؟ من جد مافيهم بركة ..!!,1
ريكي مارتن و خطيبه https://t.co/b9pyss80Rz,0
الامارات دفعت للانقلاب 8 مليار دولار لاسقاط مرسي وايقاف مشروع قناة السويس وكسبت 100 مليار من الانتفاع بالمشروع لنفسها,0
هدف #احمد_الشيخ فى مباراه الداخليه واحتفال تحدى المانيكان <3 :) https://t.co/l9qYNxhcZh,0
بعد ساعة مناظره #هيلاري_كلينتون و #دونالد_ترامب,0
(إذ قالت امرأت عمران رب إني نذرت لك ما في بطني محررا فتقبل مني إنك أنت السميع العليم) [آل عمران:35] #ريال_مدريد,0
أوباما: ترامب يستخف بالآخرين ليحاط بالاهتمام: واصل الرئيس الأميركي باراك أوباما هجومه على دونالد ترامب، منددا... https://t.co/a5JImbpKxl,0
ماذا تستفيد #الكويت من اتفاقية العبور التي وقعتها مع #الناتو؟https://t.co/M0gCMhq0UH| #الخليج_أونلاين https://t.co/Rg4UerDmX7,0
بعد غياب حوالي خمسة سنوات شجرة الميلاد تعود إلى شوارع حلب بالتزامن مع اقتراب إعلان أحياء حلب الشرقية خالية من... https://t.co/1M2L20OlmU,0
معركة حلب لا شك بأنها المعركة الأقسى والأهم في كل  المعارك التي اندلعت في إطار الحرب التي يشنها العدوان الفاجر  على  سوريا#ستبقي_حلب,0
تطبيق يقوم بتحويل هاتفك الاندرويد الى جهاز كمبيوتر يعمل بنظام تشغيل ويندوز https://t.co/5Hjkr6t6Zd,0
"تشكيل الحكومة بين #الحريري و #جعجع في ""بيت الوسط"" : https://t.co/JksDJBVtPV - #الحريري #تشكيل_الحكومة #جعجع https://t.co/bIjb9oM7D2",0
جستن بيبر https://t.co/gsIatUWJ02,0
أوباما في وداع جنائزي لأوروبا: «#الناتو» وروسيا.. وماذا عن #سوريا؟...https://t.co/UHz3tRAuCI,0
RT @Eyaaaad: جماعة في الهند تناصر دونالد ترامب واحتفلت بعيد ميلاده الـ 70 قبل اشهر وقدموا له الكعك متمنين له الفوز في الإنتخابات https://t.…,0
كلمة بوب ديلان المغنى والشاعر  الفائز بجائزة نوبل فى الادبالتي تم إرسالها للأكاديمية السويدية المانحة لنوبل... https://t.co/GIMWjUKvsd,0
هو كل رئيس عرص يحكم #مصر يتشطر علي #الجزائر ؟! مره بحجة الكورة ودلوقتي بحجة #الارهاب ؟! #انتخبوا_العرص #العرص_يغرد,1
@GwadyM #احمد_شفيق اضعف من ان يواجه #السيسي ﻷنه عجز عن الدفاع عن نفسه أصﻻو لكن ﻻ مانع من استبداله بالسيسي فلن يصعب سحقه هو ايضا .,1
#لبنان: امرأة واحدة في حكومة #الحريري.. ووزارة المرأة من نصيب رجل!https://t.co/7lNSaPVlGB https://t.co/sNemGYfJpC,1
خاص بالصور- #عادل_إمام و #محمود_ياسين ونجوم مصر في عزاء #محمود_عبد_العزيز https://t.co/Rwau941TYZ,0
#اليسا في برنامج #كل_يوم_جمعةمنتظرينك طلتك علي نار يا ملكة 👑😍@elissakh https://t.co/skwDLkrvTk,0
RT @Dr_Magid1987: احتراق مجموعة من الشباب  اثناء ممارستهم طقوس عاشوراء في المثنى جنوب العراق!!احراق النار والاحتفال بها من طقوس المجوس ما…,0
@A822822A  لا نقف مع الارهاب https://t.co/ZwIgoRglYp,0
انا بتفح فيسبوك كل شهر مثلا عشان اتفاجئ بال ريكويست مسج و المحن,1
إسرائيل تفرض طوقا أمنيا على الضفة الغربية https://t.co/Y6iz1bktIK https://t.co/G9ZMDA69iY,0
انتظروا ثورة الجياع قريبا جدا #مصر_الليلة,0
ميدي انكسار زحف لمرتزقة #جيش_الكبسة وتكبدهم خسائر كبيرة في العديد والعتاد21-11-2016#اليمن #Hona_Almasirah https://t.co/zUAHlCWvHA,0
هههههههههههههخدوها من الي نصب عليكوووو#مصر_شعب_حضارة_مش_سيسي  😕 https://t.co/6s1Z4b6LFx,1
احلى أغنية تيتر في رمضان اغنية شيرين - مشاعر من مسلسل حكاية حياة | النسخة الاصلية #مصر #كلام_في_الحب,0
وصول وزير خارجية تركيا الى بيت الوسط,0
إمدادت طبية شحيحة في #اليمن.. والحل من #جيبوتي.. https://t.co/L1Lx22pjLs,0
RT @Penguin_Shanel: اللهم بلغ آبي وآمي رمضآن وهم لا يشكيآن تعباً ولاهماً♡,0
غياب العدل فى وطنى يبشر بانفجار غضب بركانى شعبى #يسقط_حكم_العسكر #الداخلية_بلطجية #انتخبوا_العرص,1
#الأمم_المتحدة: ننتظر موافقة #موسكو و #دمشق على هدنة بـ #حلب بحلول 24 الجاري,0
#EgyptAir#وفاه_الفنانه ذات العيون الساحرة #زبيده_ثروت في عمر 76 عامhttps://t.co/Nl01hwMP8r,0
#السينما_مطلبنا#uber #أوبر #الرياض #السعودية #تخفيض #خصم #رمزكود خصم مشاوير أوبر7xcdn3rwue,0
ومفكرتش في المساااجد بيوت الله حرقت وقاعد تفكرلي في الكنائس ةاواي تبنيها تاني !!!!!,0
RT @gntlman_riyadh: ياحلوها من دكتورة وهي معصبة تقول عيوني..بس مسكين يبي يقراء لو عربي بس عربي..#ضحك #طبيب_عيون #قفشات #العراق https://t.…,0
برشلونة يسعى لصفقتينن نار ياحبيبيبى نار! https://t.co/LKYGuKnm4Z https://t.co/iYcgJtzgdp,0
@itthad_barca مشكلة الارجنتين انها تختار مدربين مشّي حالك.الفريق يتأثر بغياب ميسي لان الفريق اصلا بدون مدرب.,1
#في_حاجة_صح ان الجيش المصرى قوى ومتماسك,0
ميسي قاعد بيسب دين في البيت.,1
للتوضيح دار المنى السويديه في صاله ٥ جناح٨٤ وليس في صاله ٧ #معرض_الكويت  #معرض_الكويت_الدولي_للكتاب,0
@nanso15 @NancyAjram بس إنتي نسيتي نوال الزغبي😊😊,0
لو حاولنا نحصى جرائم الانقلاب فى شتى فروع الحياة لن نتمكن أبدا عددها اكثر من أن يحصي,0
#حدث_في_٢٠١٦ صعود اليمين المتطرف في العالم بروز المملكة كدوله عظمي  الأمم المتحده تشارك في قتل الشعوب ونشر الكولرا ف العالم,0
مطر ربي يفرج عليك يا #بنغازي وبلادي #ليبيا,0
RT @TheTopVideo: من داخل مستودعات #أمازون اكبر شركة للبيع على الإنترنت وكيفية التعامل مع البضائع والشحنات https://t.co/CGgQSn23qs,0
انا مع خريطة طريق وجدول زمني للانتقال الديمقراطي ونطمئن من ثم المواطنات والمواطنين بأن مصر لن تكون مع حكم مجلس عسكري يستمر إلى ما لا نهاية,0
RT @kasimf: أكثر من ثلاثة ملايين سوري يعملون في الخليج، وقد ساهموا في بناء سوريا من أموال الخليج. كم سوري يعمل في ايران وماذا قدمت للسوريين…,0
هنلف ونرجع لنفس النقطةلما تقول إن كل اللي قالوا لا ثورة مضادة يبقى ماتكلمنيش عن التفكير العلمي والمنطقيبس كده,0
#اللى_رافضين_السيسى_رئيس_بيعملوا_فولوا_لبعض #مرسي_رئيسي #انتخبوا_العرص #سيناء_خارج_التغطية #سأنتخب_السيسى,1
@pt_sa5 يخسى آي هيرب ، يمه أمازون يجيب لي حالة تعرُق شديدة .,0
رفض الطعون ضد شفيق يدل على انهم سيدفعون به للرئاسة بالتزوير لا يجب ان تستدرج الثورة لمعركة معروفة نتيجتها سلفا لابد من عزل شفيق ومحاكمته,1
"""إسرائيل"" تحبط مخطط لحركة حماس لتفجير حافلة بالقدس https://t.co/vFuIX2s8oI https://t.co/zWxxBAeeIP",0
|||| https://t.co/BJLsyhbTlr  <==#شراميط  #سحاق #كس #سكس_عربي  #متحرره  # العراق #القدس   #عمان #طرابلس,1
(ونادى أصحاب الأعراف رجالا يعرفونهم بسيماهم قالوا ما أغنى عنكم جمعكم وما كنتم تستكبرون) [الأعراف:48] #ريال_مدريد,0
نوال الزغبي من الحجات الي هتفضل جميله علي طول...😍😍😍😍 https://t.co/LF0NYx1nyq,0
"@Samyawad11 بتغنيلها 'يا بنت الجيرانِ.."" تبع رامي عياش؟؟ مغروم شكلك لشوشتك!! 😆😆",0
@amrmsalama @EGYPTAIR معطوش السنط للناس علشان يبقي تاخير عادي وميردوش تمن التذكرة زي ما الناس المحترمة بتعمل,1
"#أردوغان يطالب ""#الناتو"" بدعم #أنقرة ضد حزب #العمال_الكردستاني https://t.co/mFW0PvS3Nb",0
"جثة #فيديل #كاسترو ""90 عاما من #النضال تنتهي برماد في صندوق خشبي !!! بعض النهايات ارتباطها بالدِّين ينهيها بشكل افضل ...",1
النصرت حلب  طردسفراء الدول العربيه التي  توئد بشارقاتل شعبه  وفي مقدمتهاالجزائرومصروتونس وحل الجامعه العربيه التى لم تأتي بخيرقط #حلب_لبيه,1
زمان كنت اغرد في السياسه وقالوا قديما السياسه نجاسه الحمد لله اني تطهرت من تلك النجاسه #معكم_أدهم #مصر #التحرير # #مرسي_رئيسي #السيسي,0
"تيري سترادا.. امرأة هزمت أوباما وهددت العالم بـ ""قانون جاستا""..https://t.co/SFwDIGHVNi",0
مرة أخري ولكي لا نحبط، انتخاب رئيس بالإعلان الدستوري المبتسر يحمل معه بذرة الخلاف بين السلطات دستور ديمقراطي جديد هو مفتاح مصر المستقبل,0
"جوزيه: صحوة الزمالك؟ طبيعية بعد رحيل ""برشلونة إفريقيا"" https://t.co/KkWJOW8seZ https://t.co/NVV6hQhgut",0
"RT @IranObs_ar: #المرصد_الايراني#حقوق_وحريات | أفغانستان تدين بشدة تعامل إيران تجاه المهاجرين""ترجمة خاصة""https://t.co/sViVpQfMJo",0
جبنا ، جلاب للمخيم ، ويوم درا ابوه زفنا وجان احطها برأس هذا وانخش بالحمام ، والمسكين انطق طق 😂😂 #اعترافات_الطفولة,0
مايمرروهمهما عملوا الدستور ده مش هيعيشلأنه ولد ميتا وبني على باطل وسيقود إلى باطلدي قناعتي ومؤمن بيها,1
«#الناتو» مطمئن حيال #ترمب وأوباما يودع أوروبا بالاتفاق على التعاون https://t.co/a7H4PIuHHG#عكاظ https://t.co/pE52ybpQCw,0
لبا الناس الذويقه ابو صطيف وياسر ، عاد على البلوفر اللي كان معاه حكايه ثااانيه#افضل_طقم_لروجر_فيدرر  https://t.co/GKKkSX9Em2,0
#أونا| #كامل_الوزير ل #عمرو_أديب: #الرئيس وجهنى لتطوير #محطة_أسوان ب... - عبر نبض @NabdAppربنا يخليكوا لينا https://t.co/fbRYtDzBs9,0
#ابناينا_المحتجزين_بايرانعنصر أفغاني من الميليشيات #الشيعية  الداعمة لقوات النظام قُتل قرب #مطار_T4 التيفور شرقي… https://t.co/IR6s5jHvtO,0
اجل اهزوجه ميسي الكلب القم ياكلب انت وياه,1
@_adaziz في موقع اسمه يلا شوت،ادخل عليه من غوغل تلاقي كل مباريات العالم وبالجودة الي تريدها,0
"""@22255Safa: #ستبقى_حلبولن يخذل الله المقاومين ابدا يقيننا في الله""                      وحسبنا الله ونعم الوكيل",0
@LbciLebanon @BLCBank @RamyAyach رح تولع السهره مع البوب ستار رامي عياش,0
من صكوك جمال مبارك إلى صكوك الإخوان، تعددت الصكوك والقفا واحد,1
بيعتوا حريتكم عشان تعيشوا وتاكلوا بس حتى دي استخسروها فيكوا :)) #غلاء_الغاز ومن بعده #البنزين ومش هتقدروا تفتحوا بئكوا,0
@238Reaam مش طالبة هاري بوتر قسما بالله 😂,0
@MiDooCR والله اشتقنا وفاض بنا الشوق 😍😢لا زلت عند الوعد الذي قطعته اعتزال مشاهدة التنس لحين عودة روجر فيدرر,0
#امريكا تحارب وتدعم الإرهاب في آن واحد!تحاربه مع التحالف ، وتدعمه بالسلاح مثل ب ي د الكردية وغيرها!!ودعمت خونة البحرين والحوثيين ، متآمرة!,1
#اليمن #مجزرة_القاعة_الكبرى احمدوا الله كثيرا واشكروه فانتقاذة للزعيم وحفظة وحمايتة وتوفيقة له طول هذه السنوات... https://t.co/omYw3gMdGK,0
د علاء الأسواني: هل نذكر معاً المطالب التي خرج من أجلها الملايين ؟! أقرأ المقال كاملاً على هذا الرابظ:,0
@amrmsalama @EGYPTAIR الخطوط الإيطالية أتأخر قبل كده بتنزل في فندق علي حساب الشركة وبيوصلك ذهاب وعوده للمطار في تاك… https://t.co/L5aAiPS03J,0
RT @A822822A: بعد شرب الكحول يأتي دور التطبير♦️♦️#الشيعه #العراق #بغداد #كربلاء #النجف #لبنان #سوريا #حلب #البحرين #الكويت #قطر #الجزائر #…,0
تحية لقضاة مصر الأجلاء لدفاعهم عن حقوق الشعب المصري وحرياته وتمسكهم بمبدأ استقلال القضاء,0
RT @iImpossible101: لما تطلب برنامجو أسالك عن نوع جوالك..ماابيك تقولايفون سكس ذهبي مطرز بفضه قيمته عشرة الاف. ابي اعرف أندرويد ولا ايفو…,0
@EsotericMajed كلامك مغلوط من ناحية الصين، الفقر في تناقص سريع جداً. سوء الاحوال الوظيفية ايضاً في تناقص. لكن الاعلام الغربي لعب عليك.,0
الإخوان جماعة إرهابية وهم من قتلوا ابني,1
اليمين المتطرف في النمسا يعترف بهزيمته امام فان دير بيلينhttps://t.co/z4gZD3JWDU,0
#جبران_تويني ما مات!اشتقنالَك! https://t.co/qYhFMdUSqc,0
يا عسكرى واقف بالفرس على جتتى لا انت البطل ولا انت فتوة حتتى يوم ما تقول هاخد البلد هقولك خدها بس على جثتى ع…,0
وسط ارسنال : دراكسلر والكوت اوزيل سانتي رامزي تشاكا كوكلين تشامبرلين النني أيوبي . يخرب بيت الوسط الجبار,1
"نحن أمة إذا وضعت لمستخدمي الإنترنت فيها كلمة ""فضيحة"" في عنوان أي فيديو في يوتيوب ارتفعت نسبة مشاهدته أكثر من الضعف (حقيقة مثبتة رقميا)",1
": #عباس: #المحرقة ""أبشع جريمة"" في التاريخ الحديث "" ""مغازلة ما بعد المصالحة",0
@RTarabic يا #روسيا اايوم لايهمني المليارين أنا تهمني أختي هذه التي قتلها بوتن والأسد والشيعة لعنة الله عليهم! https://t.co/k5TiR7JLIz,1
#زائد_18 | منذر فؤاد يكتب: كيري يحاول إنقاذ الانقلاب في اليمن#كيري #اليمن  #الحوثيين https://t.co/l30rc2yo7Q https://t.co/YdZAXMSfli,0
ما لا يعرفه الكثيرون حتى السياسيون منهم أن الرئيس الروسي بوتن هو يهودي وليس نصرانياً.,0
#الجيش_السوري يستعيد مدينة #التل بريف دمشق بعد خروج المسلحين وتسليم اسلحتهم,0
أرفض تكليف أي مسئول من الفترة الإنتقامية السابقة,0
تحميل جوجل كروم النسخة العربي – Download Googel Chrome – رابط تحميل غوغل كروم 2016 – تنزيل… https://t.co/CkBGisdMiP https://t.co/H4fTPG0Bz2,0
#أخبار_الآن | ا ف ب:  مصرع سبعة اشخاص في #حريق غابات في جنوب #الولايات_المتحدة,0
RT @A822822A: ♦️تطبير الشياطين في يوم #عاشوراء ♦️ هل هذه سنة آل البيت أم سنة البوذيين والهندوس.!!! #العراق #بغداد #البصره #كربلاء #البحرين…,0
لا ترتبط بفتاة لا تجيد الطبخ فالحب لن يطبخ لك الغدانزار برياني(:😂#معرض_الكويت_الدولي_للكتاب,0
#سبق| عمرو موسي: أتحمل مسؤولية فشل #الجامعة_العربية https://t.co/rnuSVqpomF https://t.co/n1JGMB9TUe,0
#عادل_إمام يتسبب بمشاجرة في عزاء #محمود_عبد_العزيزالرابط البديل:https://t.co/Beb0GxmV8Shttps://t.co/AB3sE1Stdp,0
معين المرعبي : وزير دولة لشؤون لشؤون النازحينhttps://t.co/h4dnZ6BKu8#لبنان https://t.co/xilr2iS2FR,0
دشت علي وحدة كورية تقول شن جق جون جوم بق بققق ترجمة غوغل تقول منو هايا من ياعرب منج لله يا شهد,0
حسسوني سوبرمان واﻻ داير حاجه كبيرة !!وكان ماهداه ربك..يبقى لحيق خوته ان شاءالله #بنغازي https://t.co/pdR9lPCk5x,0
كنائس #القدس ترفع الاذان ردا على قرار منع الاذان .شكراً يا أتباع نبينا عيسى عليه السلام . https://t.co/8F4HHvFty2,0
أوباما يتعهد بإرسال بشر إلى المريخhttps://t.co/r7zkqNTsfm#صحيفة_البيان https://t.co/1op73iFjyd,0
#عمرو_اديب: سلام عشانه سافو .. حافظ كيانه سافوبرنامج كل يوم | #ON_Ehttps://t.co/qYhJS6kJFN,0
RT @medo2194: عاوز اتصل بالسفارات اسألهم انزل بقى من البيت ولا لسه المخاطر الأمنية موجودة؟#ام_خاطر_تبقي_امك_يا_اوباما.#بغدادي,1
مكتوُبة ليك إنّي أنا اللي تعيش لهامكتوُبة على إسمك حيااتي كُلهاأول ما قلت بحبّ كانت ليا انا ()مين تستاهلهاا غيري او تتقال لها !💕🎹#إليسا💕,0
5 هاتلي اخوان أي حاجة مش تنوين ومش ضمير اخوان وبعدها كلمة مش هتلاقي غير لوط وشياطين!,1
RT @ALAMAWI: هذا ما فعله المجاهدون في ريف حلب الشمالي براية التوحيد التي يتاجر بها الخوارج..نقول للخوارج واذنابهم موتوا بغيظكم:)https://t…,1
RT @abokaid8: #وظائف بالشركة السعودية للخطوط الحديدية سار برواتب تصل الى 8 الاف جامعيين للتقديم 👇👇🌹🌹https://t.co/quoWWXXCEN https://t.co/…,0
عاد آجا هتآخذ راحتها أكثر مع فيدرر ياليت هالمرة iptl يحطوها مع فريقالمايسترو بتكون وديات ديسمبر حدثكبير عندي في… https://t.co/QzzUxkWAhK,0
أبل: «جنوب عبدالله المبارك» تسلمته «السكنية» في 31 يوليو الماضي: قال وزير الدولة لشؤون الإسكان ياسر أبل إن مو... https://t.co/vxiQOfkl9n,0
وش صار على بوكيمون قو؟,0
RT @orokenda010: فضيحة جديدة لضباط جيش بشار الأسد متطوعات اللواء 130  أتينا للدفاع عن الوطن و قائد الوطن و ليس للعمل https://t.co/pG98FfeQf…,0
#بوب_ديلان يغني في السويد .. هل يستغل الفرصة لإستلام جائزته؟https://t.co/5N76HfZ470 https://t.co/oKszI0CcmD,0
قسوة مخيفة في رفض الآخر الفكري أو السياسي أو الديني وتشويهه وتخوينه تمهيدا لنزع إنسانيته وممارسة العنف ضده,0
@Alito_NBA انا ماخفت من شي الا ان يكون عقلية مشجعي السلة كعقلية مشجعي القدم 😖بتكون عندك عاهات تفكر,1
كوني لنا الأم الرحيمة التي لا تكدر أبنائها مهما كانوا أشقياء ....وكوني لنا الأب القوي الذي يخاف على أبناءه مهما كانوا أعصياء ..#ليبيا,0
عكس اللي شايفنها 🎧#اليسا 🎶 #طرب 😌❤ https://t.co/3Ocmbsj2vd,0
الأسد: لا تعاطي مع الإرهابيين لكن الحوار معهم ممكن إذا كان سيحقن الدماء: الرئيس السوري بشار الأسد يقول إنه لا... https://t.co/3CnJnEjGzI,0
مرسي مش سبب الكارثة ال احنا فيها مبارك ودولته هما السبب في كل ده أهدروا تعليمنا و أمننا وحقوقنا لأجيال طبيعي نوصل لكده,0
@nike7tennis اه بس لا رافا ولا فيدرر التنس الى اين 💔 ؟,0
من هنمنكان شلانچ طيب ولا ايه يا حبايبي 🤔 #MannequinChallenge,0
لا انا مسمعتش جوجل دي انت بتخم يا ابو صلاح #احمد_يونس_في_صاحبه_السعاده,1
ريال مدريد يفتقد راموس في مونديال الأندية https://t.co/b9ZqslO1ua https://t.co/kJpSuttQIu,0
#أخبار_سوريا #ميداني#الجيش_السوري يستهدف تجمعات الإرهابيين ومحاور تحركهم بالقرب من #حارة_البجابجة وشرق... https://t.co/GN2tn0oMw6,0
ينعى حزب مصر العربى الاشتراكى الدكتور/يحيى الجمل الذى وافته المنية اليوم أسكنه الله فسيح جناته والهم اسرته الصبر... https://t.co/eYlYIRBfG3,0
#ksa بروبرتي نيوز | زعيمة اليمين الفرنسي المتطرف تشيد بنتيجة استفتاء إيطاليا https://t.co/PWPF1xJo72 #riyadh #jeddah,0
فعاليات متميزة لطلاب صف 2/6 بمناسبة المولد النبوي الشريف اشراف الرائعة عايدة العمرية ... https://t.co/WkjKyAqBx8,0
إليكم قصة أولاد_سليمان، #القذاذفة، والقرد!#ليبيا#اسأل_أكثرhttps://t.co/ZHKjoxC1BG,0
صحيفة المصري اليوم/ #يحيى_قدري: عودة #أحمد_شفيق ل #مصر باتت حتمية  - عبر نبض @NabdApp https://t.co/aE86v79RTA,0
RT @_TR60: واللي عليه قضاء من رمضان مافيه مشكلة يقدر يصوم عاشوراء لأن عُرف عن عائشة رضي الله عنها أنها تقضي في شهر شعبان وكانت تصوم السنن و…,0
#اليمنية| مدير امن #لحج يتفقد عدد من المرافق الأمنية والحكومية بالمحافظةhttps://t.co/0zvqq3NZEW#التحالف_العربي_سند_اليمن,0
"هل تدق بغداد طبول الحرب ضد أنقرة؟: تناول برنامج ""ما وراء الخبر"" دلالات التصعيد الدبلوماسي بين العراق وتركيا، ... https://t.co/fkWtOWuWWs",0
@altaei2008 @ahmd1239aa @ka8h5AsKnC0hNVv @1shOoOosh1 @1sho هههه الطائي قلب علينا وصار كومدياااني...يقطع شرك روح وتحمم وادخل الاسلام من جديد,1
لا للمحاكمات العسكرية,0
#ميشيل_جبران_تويني: ما يضمن بقاء وزعامة السياسيين هي الطائفية ومن الطبيعي أن يتمسكو بمعادلاتهم الطائفية للبقاء في السلطة.@MichelleTueini,0
@EGYPTAIR رسلت و لم اتلق اي رد الى الان !,0
"#بنغازي||طاقم""وليام نوفيك""#الأمريكي يغادر مركز #بنغازي الطبي بعد إجراء 39 عملية جراحية لأطفال يعانون من تشوهات وأمر… https://t.co/5p4l01gl93",0
تثبيت #تطبيقات #الاندرويد من خلال الكمبيوتر https://t.co/s7BDUAkHcG#تطبيقات_اندرويد https://t.co/8EnfFn3qPz,0
دونالد ترامب رداً على انتقاده بشأن تصريحه المشين المسرب بحق النساء : أنا تحدثت بسوء عن النساء هذا صحيح ولكن بيل... https://t.co/Mp0orhkjrp,1
صحيفة الموجز الإلكترونية/ سياسي إماراتي: عودة #أحمد_شفيق تمهد منافسته بانتخابات الرئاس... - عبر نبض @NabdApp https://t.co/h0hdrL8Wd9,0
#هيومن_رايتس_ووتش: على #الولايات_المتحدة تعليق بيع الأسلحة لـ #السعودية فوراً -  https://t.co/xCGD8M9a5x https://t.co/xXp2KSt6MM,0
@s_alabdool @alkhames حسبي الله على ملالي قم وعلى صنمهم خامنئي ومن تبعه من روافض العرب الخونة كمثال حزب اللات والحوثية الانجاس,0
@samueil_free هل رأيت الى اين انجرف الاسلام هل نتعبد ونصوم في اعياد اليهود هل تصدق هذا صيام عاشوراء من بدع الوهابيه ان كنت تصدق,0
@munee82_ بيونسيه 💘,0
علاقة النائب بالناخبين لابد وأن تراجع سنويا في جمعية عمومية مثلما تفعل الشركات مع المساهمين العقد بيننا هو البرنامج والعقد شريعة المتعاقدين,0
البيان ذكر بالنص: · اثق في اخلاق الاخوان برفض هذة التصرفات من بعض افرادهم,0
RT @mmmaltami: شعب يحب التجديد، منح فرصة للسود (أوباما) والآن النساء (هيلاري كلنتون) https://t.co/qSFEg8C9Bx,0
بمناسبة المولد النبوى الشريف نهنئ الامة الاسلامية و ندعو المسلمين الى صحيح الاسلام و ان الاسلام دين الجماعة الواحدة دون تشيع او تفرق او عنف,0
RT @hadeelOueiss: أوباما سمح لبوتين بتدمير سوريا بسلبيته وضعفه.. دونالد ترامب سيكون فاعل في تدمير سوريا الى جانب بوتين انطلاقاً من حقده ال…,0
مازالنا فى إنتظار الإعلان عن التحقيق مع الرؤوس الكبرى للنظام هل إقتصر الفساد على قيادات الصف الثانى؟!,0
#بلدي#الناتو: دعم #روسيا للأسد تسبب بمقتل مئات آلاف #السوريين#سورياhttps://t.co/QupC02wONp,0
طلبت هارديسك خارجي من امازون (52$)و جاني ذا الشي... https://t.co/S95HrbOtzD,0
سيطرت قوات #الجيش_السوري يسيطر بشكل كامل على #السكن_الشبابي في مدينة #حلب #جيش_الفتح #جبهة_النصرة #تلفزيون_المقاومة https://t.co/Sr5wOHNk8R,0
لم تقم الثورة وتستمر لمدة ثلاث سنوات وتضحي بالكثير من اجل نفوس متعصبة ومريضة تنشر الفتنة بين اطياف الشعب #الثورة #البحرين,0
@aldanahk @girlposts دام انه مال هاري بوتر بستعمله 💅🏼,0
@I_MOh7_ فيدرر في التصنيف السابع ومونفيس بالثامن فرق خمس نقاط فقط ، الله يعين بس 💔,0
RT @torshany: اعلان غوغل #GoogleMaps دليلك لحرب المناطق والشوارع والأحياء في #ليبيا,0
#بيقولك_أعرف_بلدك القاهرةلقا، الأديان في مربع واحد هكذا أراد الله مصر واهلهاآمنين باذن الله #اخوان_ابليس,0
RT @FCB_9M: هدف #بيكيه السادس على ريال مدريد ليلة جلد مدريد بالسداسية التاريخية على ملعبه وامام جماهيره 😂🔥 https://t.co/IRrK8nzoL3,0
اجتماع للجامعة العربية و الاتحاد الاوروبي غدا على مستوى الوزراء .https://t.co/v9ZABkUOadالقاهرة 19 ديسمبر 2016 - تعقد الجامعة العربية …,0
توران: رفض برشلونة عرضاً بقيمة 50 مليون يورو من أجلي: كشف لاعب وسط برشلونة آردا توران بأنه كان موضع اهتمام كب... https://t.co/mfFQ9mlWML,0
RT @Siila_00: جيش الكبت العالمي فهمنا ليش زعل طيب جستن بيبر  ايش اللي زعله لايكون كان عنده امل انها تطالع فيه #SouhilaBenLachhab,1
كثيرة هى المتاجرات  .....لكن المتاجرة بدم شخص واتهام ناس بيه هكذا ...تدل على قذورات اﻹخوان والمقاتلة ...#طرابلس#بنغازي#ليبيا,0
شاهد صباحية شعرية في العاصمة صنعاء للجبهة الثقافية لمواجهة العدوان بمناسبة #المولد_النبوي الشريف 14-12-2016 https://t.co/3dhIazxO40,0
لعنة الله على اوباما وامريكا ولعنة الله على بوتن وروسيا وبشار الاسد وعلى حقوق الانسان  #روسيا_تقضي_علي_حلب https://t.co/3Xhd0k2F11,0
نقطة أخيرة قانون التظاهر الذي يحتاج إلي إعادة النظر في عقوباته كما يقول #الببلاوي أصدره هو في عهده وبنفسه أرائيتم كيف وصل العبث بعقولنا؟!,1
@qudsn  مهو ميشال عون صار رئيسهم وهو صهيوني طبيعي منه هالتصرف,0
#بنغازي #ليبيا  انتصارات الجيش الليبي في بنغازي.. ترحيب دولي وصمت من حكومة الوفاق - إرم نيوز https://t.co/D4wBul5kxV,0
@nadinenjeim يخليلي عيونك اللي عرف قلبيطعم الحياه من بعدها  😍💜💜 #نادين_نسيب_نجيم #ملكة_الهيبة https://t.co/htC96SlXKk,0
RT @badwi: هكذا تتم عمليات شحن البضائع في مخازن امازون 😍 https://t.co/lxA71DmCfz,0
قسما بربي لو رأيتك أمامي لجعلتك جثه هامده تأكل منها الكلاب,0
موقع كلمتي: الصين تدعم الاقتصاد المصري بـ18 مليار يوان #الصين https://t.co/gfCaChJg8m,0
RT @RTarabic: #إسقاط_طائرة حربية سورية في #دير_الزورhttps://t.co/F2NryMCD96 https://t.co/7u5Wf9Aeu1,0
ابعد عنهم ما انتاش قدهم #وايت_نايتس,0
اقرا ؟ خطر مشاهدة الافلام الاباحية _تفتك الدماغ,0
طموح ساركوزي الرئاسي يتبخّر https://t.co/to0LtWCFOz #غزة #فلسطين,0
الكلام من برا السلطة حمادة والكلام من جوه السلطة حمادة تانى خالص,1
خبر مهرجان الطماطم في الاعلام الغربي من الاولويات و لكن عمت عيناه عن مسيرة الطوفان البشري المليوني في #الاربعين,1
مساوئ العمل في جوجل https://t.co/kWeDxUdGAo #الدولة_الاسلامية #وكالة_أعماق,0
قوات #الاحتلال تعتقل الشاب كمال جابر من مخيم نور شمس قضاء مدينة #طولكرم ظهر اليوم. https://t.co/75VD1j9pfV,0
#مدار_اليوم: بعد الابادة بشار الأسد يفضل الاتفاقات المحلية لتهجير السكان https://t.co/wPndbLT6HT - #Syria_feed,0
#عاجل #أخبار_مصر #بوابة_القاهرة عمرو موسى يقر بفشل الجامعة العربية ويوجه رسالة لمصر والسعودية  https://t.co/VjBy34TK8y,0
سوري الرابط اهه,0
وصول الثوار لميدان التحرير احد اكبر علامات اسقاط الانقلاب والعلامات الكبرى والاخرى قادمة مع قادم الايام,0
#النمسا تخذل #اليمين المتطرف.. وأوروبا تتنفس الصعداءhttps://t.co/1szmk3AtjA,0
تركيا تنفي عقد اي صفقة سرية مع موسكو حول مستقبل سوريا وتشدد على موقفها بشأن رحيل الاسد!,0
كنت اكره القراءه و حولني الى مهوسه بها حولت البيت الي #معرض_الكتاب ممتنه لك جدا استاذي,0
#ما_وراء_الخبر | ما مستقبل اليمين المتطرف في أوروبا بعد انتخابات النمسا؟الحلقة كاملة: https://t.co/y9KQnxaUEx https://t.co/i8uRrQPj7d,0
@AsmaKIDL https://t.co/opKPFsbi3s  هذا رابط لموقع امازون وفيه الدواء,0
RT @TheTopVideo: مذيع يخدع المارة ويعلن أن #هيلاري_كلنتون انسحبت من الترشيح للرئاسة الأمريكية وأن #ترامب هو الرئيس !..شاهد ردة فعل المارة…,0
صورة مسربة لـ ويندوز فون 10 توضح شكل الأيقونات الرئيسية https://t.co/KYJf14XzXg,0
لَا حًــــوٌلَ وٌلَا قُــــوٌة إلَا بِّالَله سُبْحًانَ الله الْعَظيِم وَبِحَمْدِهْ #اذكار #غرد_بذكر_الله,0
تطبيق Red Moon لفلترة ضوء الشاشة الأزرق على أجهزة أندرويدhttps://t.co/kpTwX2hIiU https://t.co/Zkyo1WIfeL,0
@LOW_HR @Eyaaaad ابشر بالعوض ولَك جوالي ايفون ٧,0
@shahd_hussaini اردوغان بنى تركيا اقتصاديا وسياسيا و سياحيا وامنيا اما العبادي دمرها طائفيا وعداء لجيرانه العرب وقتلا باهله فرق بين الاثنين.,0
RT @Bo07_Ontha: مساء يشبه مساء شهر رمضان ، تملئه الطمآنينه وتغشآه رحمة البآرئ ، مساء العاشر من عآمنآ الجديد مساء عاشوراء اللهم ارح قلوبنا…,0
ديوان الوقف السني يقيم احتفالية بمناسبة ذكرى المولد النبوي الشريف في مخيم حي الجامعة للنازحين https://t.co/fCs0S6eDUj,0
الدماء التى أريقت في مجزرة ارتكبتها الدولة بماسبيرو لايمكن ان تضيع دون حساب واجب الرئيس أن ينفذ وعده بمحاكمة كل من تورط في قتل ابنائنا,0
سبق أن كتب د.محمد الرميحيمقالاً يحذر به من تدخلالخليج بـ #اليمن !وبعد بدء #عاصفة_الحزم تراجع !الأن مغالطات جديد… https://t.co/eOdofyn1Ed,0
مصر تصوت على قرارين متناقضين بشأن سورية وامتعاض سعودي https://t.co/U8jgmpHEiZ,0
#الجعفري يشن هجوماً حاداً على #السفيرة_الأميركية لدى #الأمم_المتحدةhttps://t.co/zuPybLezJG https://t.co/w8MB2gulrP,0
ﻭﺯﻳﺮ ﺍﻟﺨﺎﺭﺟﻴﺔ ﺍﻟﺒﺮﻳﻄﺎﻧﻲ ﻓﻲﻣﻘﺎﺑﻠﺔ ﻣﻊ ﺻﺤﻴﻔﺔ ﺫﻱ ﺻﻦ ﺍﻟﺒﺮﻳﻄﺎﻧﻴﺔﻳﻘﻮﻝﺇﻥ ﻗﺮﺍﺭ ﺍﻟﻐﺮﺏ ﻋﺪﻡ ﺍﻟﺘﺪﺧﻞ ﺿﺪ ﺍﻟﺮﺋﻴﺲ ﺍﻟﺴﻮﺭﻱ ﺑﺸﺎﺭ ﺍﻷﺳﺪﻋﺎﻡ 2013 ﻛﺎﻥﺧﻄﺄ ﺣﻘﻴﻘﻴﺎً,0
#الأمم_المتحدة: زيادة كبيرة منذ عام في استخدام تكتيك عنيف من قبل الحكومة السورية https://t.co/m0nQ5BQD7j,0
RT @kimo7879: #السعوديه_الاماراتميسي:ماذا فعلت بهم ياصديقي فهد ؟!فهدلميسي: من متى المعرفه 😂😂😂😂😂😂#عودة_بطل #فهد_المولد#منتخبنا_اولا #مع…,0
مع ريال مدريد استلم فريق مجهز من جوزيه مورينيو كان يصل لنصف نهائي الابطال وفي اول موسم لكارلو جنى ثمار المو وحقق التشامبيونز,0
RT @MC_Doualiya: وصول المجموعة الأولى من المهاجرين الإثيوبيين إلى إسرائيل https://t.co/QEA4sfw7Br https://t.co/pLSt1x9ysX,0
اقرأ عن عشرة خطوات تجعلك والداً أكثر سعادة  في كتاب  #أباء_أكفاء_أبناء_عظماء #معرض_الكويت_الدولي_للكتاب قاعة6 جناح… https://t.co/DQFq9KuP3f,0
القوات العراقية تنهي 15 إرهابيا من داعش على طريق بيجي  ولاية #نينوى  https://t.co/4KRlesKljd :,0
الي يومنا هءا لم يكتشفوا من هو قائد الانقلاب الفاشل في #تركيا ....للمغفلين اللي نسيوا ويصدفون الهلفوت #أردوغان ...امان ياربي امان 😁😁😁,1
"الانقلاب معه الرصاص والنار والغاز والتعذيب والضرب والسجن والمال والاعلام والجهلاء والجبناء, الشعب وحده سيسقطهم جميعا بالسلمية",0
أسرة لميس للتسويق تتمنا سنة سعيدة و أعياد مجيدة#الأردن #عمان #Amman #Jo#Christmas#merrychristmas#Holidays https://t.co/uYJjmN6eME,0
#جهاد_الخازن يكتب: #عيون_وآذان ( #كاسترو بين أنصاره وأعدائه)https://t.co/uoanVmU5h7,0
أهالي مدينة حارم يقتحمون حواجز جبهة فتح الشام وأحرار الشام النصره سابقا  ويحطموها غضباً لأجلحلب                https://t.co/O7NCmI1q5v,0
RT @AliBu7sain: سبحان اللهصيام رمضان غصب تصومونه لكن بصيام  عاشوراء يزيد ايمانكم الله يتقبل,0
ما في اجمل من نوال الزغبي وما بيخلق 😂#غرد_كانك_في_التسعينيات,0
إقرأوا ماذا قال هذا الكافر󾮚󾮚󾮚أفيقوا يا مسلمونترجمة خطاب أوباما الاخير في البيت الأبيضأعزائي الأميركيينوأنا... https://t.co/2wT84HGOXs,0
@nawalheart_nz @Kenza_Morsli هاي كيفك انشأالله الأف مبروك حياتي بليزاريدموقع الفنانة نوال الزغبي ؟واخبارها وجميع اغنيهالاني بحبهاكثير,0
@a7lam23456 منو هذا بوكيمون,0
RT @ELRey_FCB: بيب : ميسي أفضل لاعب في تاريخ دوري الأبطال و لا يوجد من هو أفضل منه 👌🏻و يلوموني فيك 😍😍 https://t.co/52gi26aKVk,0
مادري منو قايل حق البنات انه كشه ميريام فارس حلوه ولازم تسونها كل يوم وتلوعون جبدنا فيها يا اختي سويه كبه اذا ماتبين تسوينه يعني,0
بالفيديو.. مايكروسوفت تعيد تصميم تطبيق paint على ويندوز 10https://t.co/3wJzMZWsc9 https://t.co/XohfLOKZ9G,0
اذن فلتحرقنا الحرب جميعا حظ سعيد في محاولة ابادة او اخضاع مئات الالاف,1
تصدى نور الدين للقوات النصرانية المتحالفة ضده والتقى بهم في رمضان سنة 559هـ غربي حلب عند حارم وهزمهم جميعا#ستبقى_حلب,0
@20fourMedia من هم الذين يحبهم الرئيس الأمريكي الجديد؟#الولايات_المتحدة #ترامب https://t.co/CtMUSzZvXv#سبوتنيك,0
في طريقي الي التوحيد و النور سمعت من واحد مجرب ان بطاطين النمر كفاءة,0
"ﻗﺎﻝ اﺑﻦ ﻋﻤﺮ رضي الله عنهما : "" اﻟﺘﻘﻮﻯ ﺃﻥ ﻻ ﺗﺮﻯ ﻧﻔﺴﻚ ﺧﻴﺮا ﻣﻦ ﺃﺣﺪ ""تفسير البغوي (٦٠/١)#قنفوده #ليبيا #الجيش #بنغازي #طرابلس #طبرق",0
لعبة #SuperMarioRun بدأت فى التفوق على لعبة #PokemonGo بكسر اولى ارقامها القياسية !!https://t.co/3Hbqvaf8gu https://t.co/eplT9J0CQ0,0
موقع مدينة القدس - Al-Quds City - نيابة #الاحتلال تطلب السجن لفتى #مقدسي 18 عاماً https://t.co/VXVUXTqBBS,0
@moe2891 فعلا اتفق الاعلام اكبر مهجج لتعصب الجماهير,0
يا اهل الحرمينانتم تعلمون انا نحبكم ولو اجتمع اهل الارض لـن يفرق بـيننا سيسي ولاغيره 🇸🇦اخــوة🇪🇬#مصري#مليارات_العمره_علي_هوي_مصر,0
احس بيونسيه الفنانه الوحيده الي تقدر تغني وترقص لايف ذي الايام,0
#رماد #كاسترو يصل إلى سانتا كلارا ليتوقف بالقرب من ضريح #جيفارا https://t.co/dEMeMpdOJJ,0
الكرامة بدأت في #بنغازي باغتيال المشائخ وتبدأ الآن في #طرابلس باغتيال المشائخ,0
سبحان الله ياسعد بدايه البث بالمطبخ ثقل ونهايته مرجيحه ولعب 👏🏼#حزب_الاعاده,0
معاناة الفلسطينيين على حواجز #الاحتلال كل صباح.#صور من حاجز #قلنديا. https://t.co/86ytb8JPSl,0
"زي النهار الطفل لما ينفلت من بين أيادي الضلمة ويشقشق أنا شفت روح الحق لما إتسللت صرخت وفي وش الخرس إنطق""عمار وفؤاد حجاج",0
لابد من التوجيه التحيه الى حزب البناء و التنميه ( الجماعه الاسلاميه ) الذى تنازل عن نصيبه فى التاسيسيه من اجل احداث ال,0
RT @fahadalajmi_101: العاهرة الأمريكية (هيلاري كلنتون) تهدد الكويت والسعودية وقطر وتتهمهم بدعم الإرهاب وتتطاول على مساجدنا وديننا الحنيف ht…,1
بوب ديلان يحضر حفل جائزة نوبل “بروحه” https://t.co/ZBOvikY69b,0
@QualityTQM اين يمكن ان اجد تخصص الجوده في الخدمات الصيدلانيه في جامعات بريطانيا ؟,0
"عندنا القضاء ""الواقف"" وهو المحاماة والقضاء ""الجالس"" وهو القضاة والعدل ""النائم""!ا #جلال_عامر",1
غير معقول وجود قوات جيش وصاعقة فى المدارس الصور مرعبة للعالم كله وجايين تقولو عايزين سياحة,0
"عزام الأحمد: ملف #المصالحة بين "" #حماس"" و"" #فتح"" بيد #قطرhttps://t.co/Af2sjpz7NZ#اسأل_أكثر",0
بالفيديو: الفنان العالمي ريكي مارتن يعلن خطوبته على الفنان السوري جوان يوسف - مونت كارلو الدولية https://t.co/lTX69jOtta,0
"RT DasmanNewsCom ""دسمان | بالفيديو .. بشار الأسد يسخر من ""الخوذ البيضاء"" وترشيحها لنوبل - https://t.co/HYAanWGY2I""",0
الوزراء اغلبهم أكاديميين من حملت الدكتوراه نتمنى #مجلس_الوزراء يجمع الأكاديمي والناجح من القطاع الخاص,0
RT @Netaawy7: آيفون 7 يعاني من 7 عيوب مزعجة وصادمة للمستخدمين !https://t.co/cM2J7GmQZB#نتاوي #آيفون7 https://t.co/VfMjLtRo2a,0
RT @nbnlebanon: باراك أوباما يُنهي ولايته الرئاسية بالإعتذار من الرئيس بشار الأسد!https://t.co/Ikz1kg7XJU https://t.co/Db0Hk4fhP9,0
#حمدين_صباحى لو بقى رئيس هيوافق على قانون التظاهر وغلاء الاسعار والكهربا والغاز وبكره يشيلو دعم السولار بطلو فتى وافتكاسات بقى,1
RT @AboOmarAlssalfi: @alialhlnagqds11 @silent_EAGLE511 @raa2252 @IBENALNAJAF @salimkhna أحسنت وأجدت أخ الاسلام,0
الشاباك #الإسرائيلي: حذرنا الجيش من شح المعلومات حول كتائب #القسام الجناح المسلح لحركة #حماس قبيل حرب 2014  بثلاثة أشهر.#طيف_نت,0
#غزة-جيش #الاحتلال يؤكد اشتباك قواته مع المتظاهرين شرق غزة مساء اليوم,0
#لافروف: لعبة #أميركا في #سورية خطرة  || https://t.co/BLBYVIHb5x,0
كان سيصبح حظ مرسي أفضل في الحكم لو لم يكن قد اهتم بقراءة سيرة قائد جماعته حسن البنا، بقدر إهتمامه بقراءة سيرة نيلسون مانديلا,0
RT @sheikhabuqatadh: ٣-من الذي دخل في طائفة الأمريكان وبساطيرهم من الأفغان لما دخلوا ضد طالبان،وصار عبد الأمريكان سيفا على أهل الإسلام،وهو…,0
@HamsaSaid @hama_habib و على رأي بوب ديلان https://t.co/uTjhImnO46,0
طقس العرب: المناطق المتوقع أن تشهد تساقطا للثلوج لساعات قليلة مساء الإثنين https://t.co/MUgoKbsGxz https://t.co/jc2PIsrGLN,0
#السعودية تطالب #مجلس_الأمن باجراءات ضد دول تدعم ميليشيات الحوثي والمخلوع في اليمنhttps://t.co/5FegD4R1CY@almaghribtoday,0
لانتعجب عندمايجاهرمسئول ايراني بالتدخل بشئون العرب ودول الجوار تعلمون لماذا ؟لأن اللعب اصبح بالمكشوف ولاحاجة للتقية فدعم المجتمع الدولي فاضح,0
انهيار المنظومة الطبية في شرق #حلب نتيجة القصف العنيف من النظام و #روسيا... و #واشنطن تحذرhttps://t.co/DGR2vjH7fd https://t.co/4OK954r3CP,0
صور| رماد #كاسترو يبدأ رحلة تجوب البلاد ثلاثة أيام قبل دفنه https://t.co/jpQmIIr0KU https://t.co/4SEr6ItNXF,0
RT @AljamalSalma: كيف وبأي عين ستظهر زوجة وابنة #ترامب لمساندته ودعمه مجدداً في حملته الانتخابية مع هذا الفكر المريض الذي يحمله عن المرأة.…,0
RT @Saudi_P0ll: تخطّط #جوجل لنشر بالونات ذكية وطائرات بدون طيار لتبث إنترنت بسرعة 5G أسرع من السرعة العادية ب 40 مرة. https://t.co/E5brY7vo…,0
"تكريم ""نووي"" لبيريز في إسرائيل:  https://t.co/nZUxz9TVfF",0
برأيي بتضلّ أفضل من تمثيل رامي عياش، بيتر سمعان وخاصة أفضل من تمثيل ليلى بن خليفة! إلى الدراما درّ،#إذا_شي https://t.co/gc7OLXFLKC,0
الأنذال كان المخطط ليومنا المنقضى هذا ، من خصوم الوطن والإنسانية ، هو تحقيق أعلى نسبة عنف وحرق واقتحام وقتل ،,0
@putinarabia الله ينصر الرئيس بوتن وبشار ونصر الله  ويحميهم ويطول عمرهم ويأخذ كل اعدائهم,0
RT @ALAMAWI: كيف وقعت قوات النظام في كمين على مدخل بلدة معان بريف #حماة وتحول النصر إلى مقتلةتقرير: سليمان عبد المولى #سوريا https://t.co…,0
#الخارجية_الإيرانية : #الولايات_المتحدة مسؤولة عن تنفيذ إلتزاماتها الدولية#الاتفاق_النووي #ايران #واشنطن #يونيوز,0
#اليمنية| مؤسسة روح الشباب توزع بطانيات شتوية ومصابيح للنازحين بـ #ذمارhttps://t.co/OwCBOmE4N7#التحالف_العربي_سند_اليمن,0
"""#حجر_جهنم"" وراء غياب #كندة_علوش عن حفل افتتاح #مهرجان_القاهرة_السينمائيhttps://t.co/qD1zagZ5aP@KindaAlloush https://t.co/3TZuL2ZEYZ",0
#حزب_اللهلأول منذ سنين أتغيب عن حفل #الاستقلال في سفارة #لبنان ب #لندن.يؤلمني جداً أن #الاحتلال الفعلي المسلح صار الآن شرعياً ودستورياً...,1
بالصور: هذه هي أجمل أشجار الميلاد حول العالم... ولبنان من بينهاhttps://t.co/A8jQXmDSnz#Christmas #ChristmasOnLDC… https://t.co/YbAdQgBzGo,0
#الاتحاد_برس: ماكين ينذر بانهيار النظام العالمي ويحمل… https://t.co/oLYbsin8I3 #أخبار_العالم #العرب_والعالم #أمريكا #أوباما #المجتمع_الدولي,0
#اليمن_الإخباري | ميليك سيعود أمام ريال مدريد https://t.co/xIKuZdL0k9 #كورة #رياضة https://t.co/IRxSdDt0T4,0
كل يوم يزداد ايماني ان ربي حبيبي معي يارب لك الحمد جميع الامور ميسره بكل حب,0
RT @RevolutionSyria: #حلببستان القصر مركز بستان القصر الطبي #HolocaustAleppo#PutinAssadHolocaust#ObamaComplicity11-10-2016#Syria htt…,0
"بريطانيا تحظر ""ساعة أبل"" في اجتماعات الوزراء https://t.co/4quV0A9Ckk",0
"#أثيوبيا تتهم #مصر بتقديم الدعم المالي والتدريب لعناصر إرهابية لنسف استقرار البلاد https://t.co/r8boEfAjor"" يا سيسي يا مزعزع استقرارهم",0
الأخوان او #مصر صراع وجود ومعركة بقاء يحاول الأخوان انتاج المشهدالسوري عن طريق توسيع بؤرالإرهاب بين رابعة،النهضة،الألف مسكن ومدينة الانتاج,0
RT @RTarabic: أسرع هاتف #أندرويد في #الولايات_المتحدة#اسأل_أكثرhttps://t.co/pacXwHP12J https://t.co/FVvfZ24NFq,0
RT @yazanyazani: @abumoh2012sn2 اوباما استخدم الفيتو والكونغرس اقر جاستا نفس المعراصةالتي تجري اليوم تدين وتطالب بتحقيق وهم مشاركين في الجر…,1
@lifewithayout اهيه الي مسويه اكونت غوتشي امس اتوقع!,0
تطبيق إسلامي رائع حمله أكثر من 10 مليون مسلم !للتحميل #آندرويد:https://t.co/oyWmCx3nROللتحميل #آيفون:https://t.co/DlB0mNn8mp,0
@UNRadioArabic هل هناك تحقيق او تقصي او لجنة دولية او منظمات اممية ترصد وتثبت ذلك قطعآ لا اذا تبآ لكم سوريا شعبها قتل وطرد وانتم قلقون,0
الانقلاب يقترض 62 مليار اخرى من البنوك فى سبتمبر اموال المصريين تتبخر بكره تشوفو مصر,1
اللي اختشوا إنشقوا لذلك لا أراهن إطلاقا على ضمائر المنتمين للإخوان لأن نطاعة السمع والطاعة قتلتهاأراهن فقط على البشر اللي هيكتشفوا الكذب,1
"@MaherMosly يا أخ ماهر أنا أحب فيروز و لكن لم أفكر يوما بعمل سيرش بإسمها،لقد تعديت مرحلة ""جمهور""لمرحلة فانز جستن بيبر،و هي لعمرك مرحلة👎🏼",0
RT @DrMahmoudRefaat: #هيلاري_كلينتون و #ترامب مختلفان بكل شئ الا في قضايا العرب وان اختلفت اليات كل منهم لتنفيذ المخطط.. فقط البعض مخدوعين…,0
أنضموا معنا للإستمتاع بأوقات ممتعة مع الأهل والأصدقاء خلال موسم الأعياد بفندق الخليج البحرين!! #Christmas… https://t.co/BCcteV3Fuk,0
ساويرس يطالب بمنع المظاهرات منتهى الوقاحة من احد اكبر اللصوص فى تاريخ مصر,0
الان حملت ماريو وبديت ألعب به، أقدر أتبارى معكم ولا زيه زي غيره؟.#SuperMarioRun,0
اخخخ يا فيدرر ❤️❤️❤️ .... عطوني افاتارات له,1
إرجاء الحكم على تشكيل عصابي ضبط مع مليوني حبة مخدرةhttps://t.co/JmEe3ftY7a #ريال_مدريد #برشلونة,0
""") #شيرين",0
براءة مبارك في قتل المتظاهرين كانت في جلسة 15 أبريل 2013 يعني في عز حكم الإخوان ولم يتم الإستئناف,0
RT @jordanSw306: @aqsaitis @StillNader @watany1974 @ibsle86 مش عارفة انا بدور ع غوغل لما بحتاج وبعمل كوبي بيستهو وعلم الاردن مش بكي بوردتي,0
#اختاه بلاش قدام الناس لما تسمعي اغنية شعبي تقولي عليها يع و انتي اصلا بترقصي عليها ف البيت,1
سورية: لافروف وظريف يدعوان لحل سياسي ونصرالله يستبعده https://t.co/icZHhlwNFI https://t.co/juaMA4kIm1,0
عندما يتهم الجهاز المركزى للمحاسبات رسميا وزيرا بالفساد يبقي عليه العوض فى العدل سيبك احلى من الشرف مفيش,0
RT @DrHamsheri: تأكيد لافروف بأن اوباما لن يهدد الإرهاب الروسي في سوريا دليل على ان اوباما شريك أساسي في ذلك اواصبح اوباما موظف لديهم https…,0
#عن انك تصاحب باباك ومامتك وتحكيلهم عن كل حاجة من غير ما تخاف منهم لانك واثق انهم هيساعدوك,0
RT @qtr_msms: #أطفال _سورياطفولة☹تستنجد إنسانيةعالم تواطئعلى دمائهم😡اغتال أحلامهمواغتال أرواحهم💔دون أنيرف لهم جفنأو يرق لهم قلب#س…,1
انهم يكتبونني بطل اكتوبر الفريق سعد الشاذلي يكتب عن الكذب على الشعب ورضوى عاشور تكتب عن الثورة بين اليأس والأمل,0
RT @RTarabic: #واشنطن تخفف عقوباتها المالية ضد #إيرانhttps://t.co/YTxtvP4tAU#اسأل_أكثر,0
الرئيس السوري بشار #الأسد قريبا في #حلب https://t.co/G6uXkpL2gS,0
RT @hananeacademy11: في عاشوراء يرقص اليهود ويفرحون حتى تنهار قواهميبكي الشيعة ويلطمون حتى تسيل دماؤهميصوم المسلمون فتغفر ذنوبهمالحمد لل…,1
@Venusiann بفتح فيسبوك بلاقي الجملة بوجي بفتح تويتر بلاقيها انستغرام ولك حتى سنابشات! خايفة افتح البراد تطلعلي! 😢,1
شكراً :),0
@anwaralx2ياباشاانت متعرفش ان بتوع جبهة النصرة المصابين كانوا بيعالجوا فى مستشفيات اسرائيل..وزارهم نتنياهو عشان يطمن عليهم,0
امل محمود فى ذمة اللهرحلة عطاء ومقاومة باسلة ستبقى فخرا لجيلنااالهم اجزها خيرا عنا وبواسع رحمتك ادخلها واسع جنتك,0
[ شرح ] : حل مشكلة اللغة العربية في ويندوز 7 و ويندوز 10 مشكله اتجاه الكتابة في الوورد . https://t.co/Md0p0qxfLj,0
يا حبيييبي....قلبي الصغير لا يتحمل..وين رد حكامك في #الرياض على #اسرائيل؟ كفوا ايدكم عن #اليمن #سوريا #البحرين… https://t.co/JPjgrfwn2L,1
@Gio_Q8 @Mr_Som3a4اشوف ان #بوكيمون_3ds افضل لان الهاشتاق اللي ذكرته مستخدم من قبل,0
#watanhor #وطن_حر | عين على البرلمان - هيلارى كلنتون ترشق دونالد ترامب باتهاما لما قاله عن النساء… https://t.co/GDSBBV02pU,0
#أونا| #كامل_الوزير لـ #عمرو_أديب: #الرئيس وجهنى لتطوير #محطة_أسوان بعدما شاهد صورهاالتفاصيل .. https://t.co/QGt1QllpIl,0
RT @aawsat_News: من #فلسطين | إسرائيل تعتقل عشرات الفلسطينيين في القدس الشرقية المحتلة  https://t.co/Q4c8Qn7kN7 https://t.co/XyvSmfhSHc,0
فاتورة فودافون الشهر ده أوووووووووفر!!!!! ايه ده؟ ده أنا لو فاتح خطي على الصين ما تجييش نص المبلغ ده طب مش دافع!,0
"RT @IranObs_ar: #المرصد_الايراني#الأخبار | برلماني سابق: سلوكيات إيران الخاطئة اصبحت مباحة""ترجمة خاصة""https://t.co/Txd0lgVSn7",0
@_Majd_ القم ياوضيع هذا حال منتخبك بدون ميسي,1
دستور يتوافق عليه الشعب حقوق انسان ثابتة دولة مدنية جيش جزء من السلطة التنفيذيةما لم نتفق على تلك الأساسيات لتوحدنا كمصريين فكلنا خاسرون,0
صحيفة روسية : حزب الله دفع ب 5000 مقاتل الى سوريا استعدادا لمعركة ادلب#بسام_جعارة #سورية,0
قوة الأدلة في مجزرة صنعاء. أجبرت بوكيمون بطلب لجنه تحقيق من خبراء أميركيين ومستقلين....,0
أصدقائى لاتنظروا للوراء وإنسوا التجربة الاخوانية بما لها وعليها لنبدأ مرحلة جديدة لمصر بيد واحدة نبنى ونعمر والكل يشارك,0
اللهم انصر اخواننا المسلمين #العراق#سوريا#فلسطين#بورما,0
ما حجم اعمال الشاطر وكم تبلغ ثروته وما مصادرها وهل دفع الضرائب طبقا لنفس القانون الذي يطبق على ساويرس التطبيق الانتقائي للقانون فساد فاحش,0
@nlmoveeee @rawygeneral2 ابن القندرة مخلي بصفحتة الذليل أمام بوتن قردوغان الله يلعنك ياجايف يامخمخم إردوغان الذليل أمام بوتن ابن الزنا,0
#ترامب يثبت فشله في السياسة الخارجية مع #الصين (مترجم)https://t.co/IPyXNNAx8f,0
RT @MohamadAhwaze: يعني كل هذه الجرائم في سوريا والأخوة في مصر يقولون نريد نعرف ماذا تريد إيران من سوريا واليمن ..,1
#اليمن | لهذا السبب: 5دول عربية منها السعودية تنتظر كوارث متوقعة خلال سنوات (أسماء الدول) https://t.co/MO4ddlhTwE https://t.co/Cc831Nw4Ld,0
ما يجرى فى سيناء إرهاب يروح ضحيته عشرات الشهداء وخيانة لأمننا القومى ، وما يجرى فى رابعة والنهضة ظهير سياسى له,0
مجلة: يجب على #واشنطن الفصل بين مطامعها ومصالحها#اسأل_أكثرhttps://t.co/ZfBbRvDUI5 https://t.co/e74Luw8umf,0
يجب توحيد جبهات القتال في سوريا وتوحيد أهدافهم لإحتلال دمشق وقتل بشار اﻷسد وبذلك تتوقف روسيا عن القصف وبعد ذلك عمل لجنه لحل خلافات الجبهات,0
RT @rafef_22: لان راتبين ذالاشهر مش ممكن ابدا تخيلو اربع شهور راتبين لا على الاقل شهرين رمضان وذوالقعده #نبي_البنوك_يوقفون_اقساطهم_من_رمضان…,0
نجم برشلونة السابق ينقذ ميلان من شبح الاصابة:   مازال الاسباني سيسك فابريجاس لاعب نادي تشيلسي الانجليزي يبحث ... https://t.co/ir4mpyMBfa,0
RT @wesal_rsd: رهبةً من وحدة الرصد بـ #وصال ..معمم يغلق المايكروفون أثناء سبه للصحابة رضي الله عنهم ..!!!#محرم #العراق #البحرين #السعود…,0
صحيفة الجارديان البريطانية التى وصفها المسلمانى الانقلابي الخائن بالكذب توجت الأسبوع الماضي بجائزة فرونت لاين كلوب,1
#اليمنية|   #أوباما يبحث ردا “متناسبا” على عمليات التسلل الإلكتروني #الروسيةhttps://t.co/9Vcg2nmTB2,0
المصري اليوم عندما نشرت ملخص المؤتمر وضعت الجملة في غير سياقها وكأن ليس من حق شباب الثورة الوصول للسلطة وهذا عكس مبادئ حزب الوسط تماما,1
حتىواناتانيالحنينوجلدالصمتانيبعثرالضجيجبداخليليسكنالسهرساطلقالعنانلبريقعيناي انيخطفالنوم#فيروز https://t.co/qJK104wuac,0
#الأمم_المتحدةالرمم المتحده تعجز عن اخراج بوتن من سورياولاتعجز من دخول وطني العراق وسرقة نفطه,0
لقاء البريستول-كانون الأول ٢٠٠٤، بضعة أشهر قبل الانسحاب السوري، سنة قبل الاغتيال. يا لها من سنة تاريخية! يا له من ر… https://t.co/XaLBC57qax,0
الرجوع للحق فضيلة حمد الله على سلامة أحمد السيد النجار,0
"""رماد #كاسترو "" يعرج على ضريح جيفارا ويواصل المسيرة#اسأل_أكثر .https://t.co/5FXaKVMDHu",0
المظاهرات أمام سفارة #الامارات_عاهرة_الخليج في #جمعة_الحسم #راجعين_30 #الانقلاب_العسكري,1
زمان الواحد كان نفسو يكبر عشان يشتغل و يصرف على نفسه و يتجوز دلوقتى الواحد نفسه يكبر عشان يعرف يحضر ماتش :) #الكورة_للجماهير,0
اخر طراز سيارة جاكوار 2017 شاهد كيف صممت احدث السيارات .iqi https://t.co/Pi7yJxcbJi #فيروز,0
الفنان التشكيلي الأستاذ / إبراهيم الموسى أثناء كتابته كشافة #ثانوية_الجامعة ضمن مشاركة المدرسة في الاحتفاء بـ… https://t.co/6OTMFzOfu6,0
ارجو الدعاء للراحل العظيم محمود السعدنى __ اليوم ذكرى وفاة الولد الشقي,0
https://t.co/01FhxogPSUالموصل الحدباء الشيخ كمال الخطيب صوت #فلسطين الأصيل #الموصل #الموصل_مقبرة_الروافض,0
#لافروف يعلن #فشل_مبادرة_كيري حول #تسوية_الأزمة في #حلب بعد سحب الجانب الأمريكي اقتراحاته بهذا الشأن,0
@alfheedA اخي احمد يجب ان نصحح معلومة الاستاذ #عمرو_أديب ان اغرب بلنتي هو ما احتسب خارج منطقة الجزاء للنصر السعودي… https://t.co/rvxJVLGR1f,0
@mohamed49759964 طب بقولك ايه شوفت حته رمضان صبحي اللي عملته عند الخط وادتهالك ضيعته😂,1
كتابات الموقع | مقالة بعنوان: الاعلام الغربي والارهاب، الازدواجية والتوظيف / هادي قبيسي  #اميركا #داعش #جبهة_النصرةhttps://t.co/KNO3WXmGbN,0
اجتماع ثلاثي في موسكو لبحث أزمة #حلب https://t.co/c50G6e5Wta,0
لا أهاجم مرسي لأني أستكثر عليه الرئاسة بل لأنه كذاب ومخلف لوعوده وفي رقبته دماء شبابلا أسميكم خرفانا فحتى الخروف يستحي أن يدافع عن كذاب,1
@Hafez_AlMedlej مبروك فوز المان يونايتد وغدا سيفوز ريال مدريد,0
هذا الفرق بين الشرعي والمغتصب من تغريدات الرئيس بمناسبة #عيد_العمال العام الماضي ولهذا حاربوه …عجل الله فرجه # …,0
أوباما يُعلن الطوارئ في فلوريدا بسبب “ماثيو”: المواطن – وكالات أكد البيت الأبيض، الخميس، أن الرئيس باراك أوبا... https://t.co/C30vhOYTdj,0
@EGYPTAIR حضرتك بعمل checkعلي التيكت لقيت انه cancelled,0
تصرفات القادة !! نعم لأردوغان مصر !,0
رئيس #النمسا في أول تصريح له بعد انتصاره على اليمين المتطرف : فوزي مؤشر إيجابي لـ #أوروبا https://t.co/aPJoizPXEb,0
الجيش واللجان الشعبية يكسرون زحفاً لمنافقي العدوان على منفذ #البقع وسقوط عشرات القتلى والجرحى بصفوفهم#اليمن #FCBlive #MannequinChallenge,0
RT @turkyepost: #أردوغان : إذا كان المرتكب غير مسلم لا يسمونها عملية إرهابية ولا يتحدثون عن الإرهاب اليهودي والبوذي والملحد #تركيا_بوست,1
أوباما وميركل يدينان الضربات الجوية في حلبhttps://t.co/zaChWPcE6aقال البيت الأبيض في بيان إن الرئيس الأمريكي باراك أوباما تحدث هاتفيا …,0
RT @wesal_rsd: انزعاج المرجع الشيعي محمد تقي المدرسي من استمرار بث قناة #وصال !#السعودية #الكويت #العراق #وحدة_الرصد #ايران https://t.c…,0
كيف لإنسان في كامل قواه العقلية أن يقدم نفسه للشهادة من أجل واحد بهطالة مرسي؟,1
"#الأمم_المتحدة: قرابة مليون سوري يعيشون حاليا تحت حصار"" أطراف النزاع في #سوريا.#السعودية #المملكة #الخليج #الرياض… https://t.co/AHTPoSUaf7",0
رودي جولياني حاكم نيويورك السابق يطل برأسه من برج ترامب#وجوه #واشنطن #العرب https://t.co/nTNGzt8NKE,0
RT @RM4Arab: ماركا | ريال مدريد سيُجري أمسية اليوم حصة تدريبية ( 18:00 توقيت مكة ) و ستعرف عودة 10 من أصل 15 لاعب تم إستدعائهم للمنتخبات. h…,0
مقال النقاب على موقع الشروق وفي كتابي مصر على دكة الاحتياطي ليس هذا موضوعنا الان اردت فقط ان ابين كيف يسلك الفاشيون عندما تختلف معهم,0
اشترك في خدمة النشر في صفحات الفيسبوكhttps://t.co/eVIO3sQCve 54 #مهرجان_القاهره_السينمايي https://t.co/1rzmNAzTu9,0
الطفلة التي نقلت معاناة كل أهالي حلب الشرقية... https://t.co/HvkCzUnlOC,0
المشكلة ان خطاب الاخوان لو عدوا من تلاتين ستة هو هو الخطاب الفاشي اللي شغال دلوقتي من الليبراليين,0
أول قرار لـ #أحمد_شفيق بعد رفع اسمه من قوائم الترقبتعرف عليه..https://t.co/y2NXG1q0Ie,0
عندما أنظر للعيون والشعرأنسى أنني شخص يائس أجل إنني المغرم الولهان المتيم بتلك التي تدعى #ميريام_فارس ❤❤بعشقك ميرا https://t.co/roi3unpC3c,0
في #تركيا تعمل الدولة جاهده لتفريغ 300 الف عالم للبحث العلمي للوصول الى عام 2023 وبإشراف مباشر من #اردوغان دققوا التصن…,0
"المعنى الحقيقي للوطنية المعنى الحقيقي للضحكة الصافية #باسم""",0
#ليبيا | #عاجل: إشتباكات مسلحة بالقرب من فندق #ريكسوس بالعاصمة #طرابلس.,0
RT @skills_sa: ليست المره الأولى تنجح في شوط المدربين فقد فعلتها مع العراق ولكن الشيء الفني الجميل هو إدخال فهد المولد كمهاجم في الوقت المن…,0
تكاليف محاكمة مرسي تتجاوز 50 مليون جنيه الانقلاب انفق 50 مليون جنيه لمحاكمة فى زمن لم يتجاوز 50 دقيقة والشعب بيشحت,1
الشكر ليك انت#مات_ضمير_العالم#ستبقي_حلب#حلب_تباد https://t.co/FQJ5SIWSkE,0
@malak_alhusaini يااارب افوز معك ابي ايفون الله يسعدك,0
#حلب الجيش السوري يساعد النازحين السوريين  https://t.co/3Jkom4cdun,0
قاللك هيعملوا موقع بدل يوتيوب وهيسموه يوتيوس وهيبقى عليه رقابة من الخرفان,1
#هذة_مصر عز و فخر لهذه الامة,0
كيف تخفي الـ #صور في هاتفك لحماية خصوصيتك.. #أندرويد أو #آيفون https://t.co/hAhmaiqOaV#تقنية #كيف_اصبح_دافورا,0
نsupport هارى بوتر الفنان ياخوننا 😂😂 https://t.co/lyxllNPnnQ,0
@AF_Awwam @ChrisBHaynes شفيك محتقن,0
يعني اي شخص يطلب اوبريركب وهو متطمن لان جميع معلومات السيارة يقدر يشوفها وكذلك اسم السائق٢#اوبر#كريم,0
"مؤتمر"" المفكرين"" في أبو ظبي :العالم يعيش ثورة العلم والتكنولوچيا والتواصل الإنساني ونحن نعيش حقبة الجهل والكذب وغياب القيم حزين عليك يا مصر",0
Shoppinz: أبل وسامسونج وجهًا لوجه في المحكمة العليا لوضع حد لنزاع براءات الاختراع https://t.co/83Z2KG5zsR,0
ريكي مارتن يخطب الرسام السوري جوان يوسفhttps://t.co/vm0NYjJIRF,0
جعل الغياب اللي خذاك يموت ويحيا بداخلك وصل غاليك #يوسف #بوح,0
Cadena SER | خافير تيباس يُعلن عن أن كلاسيكو الكامب نو بين ريال مدريد وبرشلونة سوف يقام يوم السبت 3 ديسمبر 5:15م بت… https://t.co/pIgdzBwFNn,0
توقعت عتاب او بيونسيه او جنيفر لوبيز حتى كيني ويست😁 جاء في بالي طلعت في الأخير كاتي بيري من… https://t.co/QpNQmUR4Pr,0
#تطبيقات #ابل❤️ لعبة #ماريو لاحد ينساها•https://t.co/O8MK8GJ5M8• https://t.co/hFj2137ANs,0
محمد بديع: أطلب من أبي محمد حسني مبارك أن يرفع الظلم على المسجونين #مصر #فلسطين #تونس #قطر #سوريا #الإمارات #لبنان,0
RT @Yasseeeer_H: #افضل_طقم_لروجر_فيدررحرام أذكر طقم واحد ، أطقم كثيره حلوه و كشخهودائما الأحمر أجمل على #فيدريروهذا الطقم جدا عجبني ا…,0
كل الناس شيفنا حبايب إلا عنيكى وأنا من خوفى لتبعدى عنى بخبى عليكى #عمرو_دياب,0
بالنسبة لبلادنا السعوديه ،،، الذين يسألون عن كيفية تقديممساعدات لإخواننا السوريين النازحين واللاجئين كان اللهفي عونهم سواءً داخل سوريا أو,0
يا أستاذة تيريزا خلافي مع الاسلام السياسي معروف لكني لن امارس خلافي على حساب الحقيقة سأحترم اختيار الشعب مهما اختلفت معه,0
@whitemoca1 @Hamad_5_5 @Mr_Som3a4 @Virdeletاهو هاشتاق للاعبين بوكيمون بشكل عام واللعبة اليديدة تكون الانطلاقه الرسمية اللي بتجمع الناس فيه,0
الانفلات الأمني الموجود ليس نتيجة لضعف الأمن وحده، ضعف مؤسسات الدولة وتراخيها أدى إلى تمرد على سلطتهاالدولة في خطر ولابد من إعادة السياسة,0
مرسي بيعمل جلسات الحوار الوطني عشان يفرح لما يلاقي حد يقول له السيد الرئيس فينسى اللي حصل وبيحصل له في المحافظات وقدام الإتحادية,1
"صحيفة المصري اليوم/ بالفيديو #توفيق_عكاشة : هيفاء ""ولية ناشفة محشية طوب"" وهت - عبر تطبيق نبض",1
لاول مرة منذ 13 عام يكون روجر فيدرر و رافا نادال خارج المراكز الاربعه الاولى في تصنيف الاتحاد العالمي للتنس !! https://t.co/4SRCvXnX5L,0
نبكي الطفلة فتحية التي باتت بلا بصر أم ضحايا تفجير بنغازي أم#اغتيال_الشيخ_نادر .#بنغازي#طرابلس#قنفوذة#ليبيا#وطني_يؤلمني,0
#اليمنية| #السفارة_السعودية بـ #مصر: #الميليشيا خرقت الهدنة 50 مرة فى ساعاتها الأولىhttps://t.co/gsElUSb6Cd#التحالف_العربي_سند_اليمن,0
#صور: شجرة زكا العشار والكنيسة الملحقة بها في #القدسشاهد من هنا https://t.co/RNSBwbyfwk#القيادي https://t.co/z8LHMrrodF,0
RT @xxxxfreedomxxx: حارب كلينتون #طالبان .. وحارب بوش #القاعدة .. أما أوباما فحارب #داعش .. يا ترى من التالي وماذا ينتظر شرقنا الأوسط . htt…,0
تهميش المثقفين والنساء والشباب والمجتمع المدني بتشكيل التأسيسية وتغليب الحسابات الضيقة لبعض الأحزاب المدنية لا يمكن أن يقبله الرأي العام,0
#احمد_شفيق لن يعود !==#بني_سويف#ارحل_بامر_الشعب#تيران_صنافير_مصرية#مصطفى_بكري#سامح_شكري#مجلس_الوزراء#مسرح_مصر#هشام_جنينة,0
RT @rabaaaa18: خليفتنا #أردوغان رضى الله عنه ينام على الهواء خلال كلمة بوتين فى مؤتمر مشترك بإسطنبول وخبيريؤكد ان فخامته مرهق من شدة العمل…,0
من الأمور الهامة لتنمية #الحب بين الزوجين التفاعل مع أزمات شريك #الحياة فلذلك أثر كبير في بناء المودة بين الزوجين وجعلهما أكثر قربًا ومحبة,0
إذا استمرت القيادة المصرية الحالية في نهجها فسنرى تمردا وإرهابا في #مصر,0
#يوم_اللغه_العربيه#اليوم_العالمي#جامعة_الإمام#اللغة_العربية_هوية_ومواطنةلقد أسعدتنا زيارة معالي مدير الجامعة وس… https://t.co/6I2ldLWKWd,0
مقدسااتنا اخواننا العرب ينادوننا هل ننتظر الضمير العالمي واين هو الضمير العالمي ؟اهذه هيا عروبتنا ؟! #القدس,0
تشوق اللعبة 😁😄#SuperMarioRun https://t.co/FSBQyp4FW1,0
@FrelKitsune @ThePliskin كلام فاضي، نظام الجهاز ويندوز 10 ويقدر الشخص يتصفح عربي فيه. وكمان تعريب الجهاز شيء، وتعريب لعبة شيء ثاني.,0
"*🌍 شٍبِګةّ أّخَبِأّر أّلَضّأّحٌيِّةّ "" D.N.N"" 🌍*#لافروف: #الولايات_المتحدة والناتو يؤججان حدة التوتر في العلاقات... https://t.co/KdqDcFtBqc",0
#بريطانيا تتحفظ على نشر الصواريخ مع #الناتو في #إستونيا https://t.co/Z8yj6L9MrK https://t.co/fNWdwsuoT9,0
#عمرو_اديب هو ايه اللى بينا وبين حكام قطر الذين يعادون #مصر و جيشها و رئيسها ؟الجواب هو تجنيد الموساد و سى اى ايه  لهم وغيرهم لتنفيذ مخططهم,0
غداً سوف يتم الاعلان عن اللاعب الثالث الذي سيشارك في #بطولة_مبادلة - ابوظبياتمنى مشاركة #فيدرر@MubadalaTennis B… https://t.co/Zr2o9En5FT,0
RT @jooo0987: طريقه الطلب من امازون ؟١-ارسل رابط المنتج&٢-ارسل البيانات(الاسم ثلاثي-رقم جوال-المدينه والحى)٣-للتواصل عن طريق الدايركت فقط,0
RT @a_alalkami: بالنسبة للشرق الاوسط وعلاقته بالانتخابات الامريكيةفللاسف لن يحدث جديدهيلاري مؤمنة بفلسفة اوباما بالمنطقةتقليل النفقات(ال…,0
اسماء شهداء الثورة #المجد_للشهداء #ريتويت كتير جدا بقى,0
@Ah_37_ راح يشلخونكم الساحر ميسي والمجنون سواريز ونيمار11ي ططططححححااااالللبب🐸🐸🐸🐸🐸🐸وبتشوف👈🐸🐸🐸🐸😂😂😂,0
# اعجبني رأيكوان رفضت التعميم سلبا اتفق معك ان موروث مصر الحضاري هو نواه مشروع الوسط للبناء عليه,0
إلى زملائي المحامين الراغبين في الانضمام لمبادرة(سامعين صوتك)التى تهدف لدمج متحدي الاعاقه في المجتمع يسعدنا اشتراككم,0
بعد اعتذاره عن حضور «نوبل» .. بوب ديلان في السويد نيسان المقبلhttps://t.co/G56feGt6MW https://t.co/Ig335W1y0y,0
اطفال اليمن تقتلهم طائرات ال سعود يارب أنت الحكم  #عايز_من_مصر_اي #سلوفينيا #عمرو_اديب #افصل_واسمع #مصر_للطيران https://t.co/lxwdLYRweC,0
وول ستريت جورنال:احتمالات حدوث إنفراجة في الأزمة بين موسكو وواشنطن بشأن حلب https://t.co/u5P5WAce7S,0
"العالم: وافق على الاعتراف بتهمة ""الإرهاب"" لينجو من المؤبد!: أظهرت وثائق قضائية الاثنين، أن شابا في ولاية أريز... https://t.co/06yx8aV0cX",0
RT @QablQalel: مندوب اﻷسد بشار الجعفري واضعا يده بحميمية على ظهر مندوب مصر خلال حديثهما قبيل التصويت لروسيا..#مصر_تصوت_لصالح_المشروع_الر…,0
#حلب إنطلق منها نور الدين فضم دمشق للجبهة الإسلامية سنة 549هـ وحقق بذلك توازن قوى مع الصليبيين ليبدأ بمجاهدتهم بكل قوة وإقتدار#ستبقى_حلب,0
#اليمنية| تدشين الحملة التوعوية بأهمية استخراج شهادات الميلاد بـ #المكلاhttps://t.co/gcIfm9D94X#التحالف_العربي_سند_اليمن,0
#أنا_حازم #انصاف_الاخوان#الثائر_البغل #مرسي_رئيسى #سنحيا_كراما #الديوث_برهاميوس#انتخبوا_العرص #_,1
@Shanab0o ههههههه اليمين المتطرف احسن مِن الاجنبي بعدين كندا - استراليا كلها ايمقرنتس مافي احد كاشخ عَل الثاني,0
من الواضح ان الاحزاب السياسية في امريكا متفقه على ان تكون هيلاري كلنتون هي الرئيس القادم للولايات المتحدة... https://t.co/5xpNYy5K7A,0
#اليمنية| اختتام الدورة التدريبية للقابلات الصحيات بـ #المكلاhttps://t.co/FamNgmcsgr#التحالف_العربي_سند_اليمن#جنود_التحالف_سند_لليمن,0
يوسف الحسيني بالفيديو يفضح كذب قناة #الجزيرة ويكشف تمثيل الاخوان دور الموتي تحت اشراف قناة الجزيرة …,0
تابعوا الفنانة #ميريام_فارس في #حفلات_من_دبي_مول اليوم الثلاثاء بالقرب من الواجهه المائية… https://t.co/eANxCYjLWT,0
شعب مصر الالفية واع وشجاع ولا يخدعه الاعلام ليس هو شعب جمال عبد الناصر الذى خدعوه بهيكل واعلامه,0
عندما يكون طموح انسان أن يبوس البيادة او يجلس تحتها حتى لو باع كرامته وشرفه وأهله ثورة دى ولا انحطاط,1
اللهم زلزل بوتن وقواته وطائراته وجعل حلب مقبره لروس وقوات بشار الأسد ومليشيات إيران الطائفية اللهم دمرهم جميعا اللهم عليك ببشار الأسد وزمرته,1
#ﺍﻟﺸﻌﺐ_ﻳﺮﺩ_تحية_الرئيس #انتخبوا_العرص #خليك_مصدق ان #الاخوان ارهابيين بدليل ان مات منهم بعد الانقلاب اكثر من 3الاف,1
من كان مدرب اتلتيكو مدريد قبل مجيء دييغو سيميوني ؟ و كم بقي مع الفريق ؟ (ادري ان اغلبية ستستعمل غوغل) =D,0
راموس يضع شروط تعجيزية قبل تجديد عقده مع ريال مدريد https://t.co/I4wokOoBDh,0
RT @iNaS_9: اذا صرت اب وطلبني ولدي ايفون https://t.co/uPtblZWidr,0
إبطال مفعول قنبلة بدائية الصنع بجوار ميدان محطة #المنيا,0
مشكلة من يقفون في الوسط محاولين الانتقاد دون تعصب والثناء دون تزلف هي أنهم الأكثر عٌرضة للهجوم ممّن هم مؤيدون ومعارضون على طول الخط,0
أمازون تنافس جوجل بخدمة جديدة مشابهة لخدمة يوتيوب - طريق النجاح https://t.co/cx7veE3ws4,0
@Khomene1 ذكروني بغاندالف في سلسلة افلام هاري بوتر هولاء الدلوخ😂😂,1
#مجلة_النجوم2 #احمد_حلمي @ahelmy يشكر #مهرجان_القاهره_السينمائي و #طارق_الشناوي ع كتاب حلمي...خارج السرب https://t.co/JS4zsPhAVz,0
#كيري يغرد خارج السرب،ويعلن التزام الشرعيةوالانقلابيين بتجديد الهدنةفي اليمن،على الرغم من أنه لم يصدر أي بيان من قبلهم يؤكد ذلك#اليمن_ينتصر,0
RT @AzozAlsaigh: الحمدلله على نعمة الاسلام الصحيح❤️! #عاشوراء https://t.co/bmyrnkfaFP,0
النجمة الجميلة نادين نجيم 😘😍😍في #في_بيتنا_ضيف 😍✌🏻️ندون عنوان الجمال ، الذكاء والاناقة ❤️#نادين_نسيب_نجيم… https://t.co/eqtQ4n0ZnU,0
لا أريد التعلق بأحد ثم يرحل ......🌸🌿. 💔  فوجع الرحيل اشبه بأستئصال عضو من دون مخدر...........🌸صباحكمم_جستن بيبر~ https://t.co/0bqVNaKGGY,1
RT @f_naita: #أيفون_البروفيسورمسابقة على أيفون7 أسود مطفي 265جيجالمعرفة شروط المسابقهضيفني سناب شات F_Naita,0
#روسيا:وزراء خارجية روسيا وإيران وتركيا يجرون محادثات غدا في موسكو.. بشأن #حلب,0
الرئيس اليمني السابق علي عبد الله صالح يدعو اليمنيين إلى القتال على الحدود مع السعودية  https://t.co/aWFSluTZIP,0
#اكتب_رساله_لشخص_دون_ذكر_اسمه الحياة ي صاحبي أجمل من بشاعة الحزن لا تحزن ابتسم وتفائل دائما ، وكن على يقين لن يصيبنا إلا …,0
في عهد مرسي تم قتل 134 مواطنا واعتقال 3400 مواطن مورس عليهم تعذيب بشع وهناك عشرون حالة اغتصاب للرجال لماذا لم تعترض امريكا على حليفها مرسي,0
@FerasAllaou   أربعمائة مليون جهاز ليست 1% أنا أتحدث عن ويندوز 10 بشكل عام و ليس فقط نسخة الهواتف.,0
#SuperMarioRunحسافه اني تحمست لها,0
Retweeted د . محمد الجوادي (@GwadyM):الحمد لله الله اكبر ولله الحمد اليمين المتطرف يتراجع  الآن  في... https://t.co/hGnkPFaCL6,0
RT @SYRIA_KIDS: شكراً #بشارآثرتهم على نفسك .و زفَفتهم للجنة شهيداً تلو #شهيد وألقيت بنفسِك في حفرةٍ مهما أمتلأت /تصرخ :( هل من مزيد ؟…,0
الانقلاب يقتل السوريين في البحر قبل ان يدخل على الفلسطينيين من الجو المصريون ذاقوا كل الاصناف,0
كتب احد السوريين الجيش امتص دمنا اربعين عاما ثم قتلنا نحن فى مصر عانينا نفس المأساة ولكن لستين عاما,0
ميزة في هاتف جوجل تكشف “ابتزاز أبل”هاشتاق عربي- مزايا عديدة كشفت عنها جوجل في هاتف “بيكس… https://t.co/FLZxQuePT5 https://t.co/NFzAI7Adkp,0
#الكويت تعلن تدشين مقر حلف #الناتو الإقليمي 2017- للتفاصيل اضغط الرابط https://t.co/mzltAJDFnt #الوطن_العربى https://t.co/CpAefBrFug,0
#الاتحاد_الاوروبي يمدد العقوبات الاقتصادية على #روسيا بسبب الأزمة الاوكرانية حتى 31 يوليود#أوكرانيا #كييف #القرم… https://t.co/UKeTtlGS7u,0
11 عام على اغتيال جبران تويني والمجرم مازال طليقا | #نصيةللاستماع: https://t.co/Fh7vi59n00#راديو_أورينت #سوريا https://t.co/Xr8mmgaC2e,0
#ذات_مومنت لما تقدم عرض عمل جديد متحمسله عمرك ما إشتغلته لزبون واليوم موعد إجتماعه مع مقره في اليابان وشعورك أنا شن درت إن شاء الله يرفضوا!,0
لم يجد الاعلام الغربي والاعلام العربي المقلد سوى خبر القرد الليبي فهل يريدون نشر صورة سيئة عنه مثل مثيله الافغاني https://t.co/n6L5O4Z6Iw,0
@ezari85 😂😂مين رامي ومين عياش !,1
الحلقة 209: حل مشكلة عدم عمل الويفي Wifi بعد الترقية الى ويندوز 10 https://t.co/6ls3XvtMie,0
#عاجل 🔴الان الان طيران التحالف يستهدف دبابة حي الروض ومن عليها كافة في #تعز #اليمن ادعس ادعس,0
#واشنطن تتوعد بمحاسبة 12 ضابطا سوريا رفيعا نفذوا هجمات على المدنيين في حالة الحجب : https://t.co/PFwvbv6h15https://t.co/jVoQmGdegn,0
ماذا فعلت بمصرنا الغالية ياسيسي؟ ماذا فعلت بازهرنا الشريف يا طيب؟ 12 الف طالب ماليزى يرفضون اكمال تعليمهم,0
الارهاب لادين له ولا ارض #الارهاب سوس ينخر فى عظام الوطن وجب علينا جميعا محاربته,0
ي لبييه. #ماذا_لو_المدارس_مختلطه,0
@abood_6999 @ae7a264d6d1b4b5  مفروض نعوّد الناس تبدأ تتصرف بإحترام بدون ما يكون وراها هيئة، عيب إن حنا بلد الإسلام وما نعرف نضبط نفسنا,0
"في عزاء ""الساحر"" #محمود_عبدالعزيز.. توافد عدد كبير من الفنانين على رأسهم ""الزعيم"" #عادل_إمامhttps://t.co/RkSXOk1n7N https://t.co/lzCtsUPah8",0
ريكي مارتن بقي بسكلتة https://t.co/nJoXdTfFfl,1
ألمانيا تطالب الناتو بمزيد من الحوار مع روسيا https://t.co/gzVhSn3qlo https://t.co/Xkt9C55kwV,0
إخلع أي ملابس حمراء ترتديها، جنود الموت حولك لن يرحموك، كما لم تمنعهم براءة أنس وطفولته من قتله ٥ #مذبحة_بورسعيد,0
#روسيا/ #لافروف: مقتل وجرح أطباء روس في #حلب عملية مخطط لها سابقا والدول الغربية تحافظ على مسارها بدعم الارهابيين #عاجل_بابليك_برس,0
#اللى_رافضين_السيسى_رئيس_بيعملوا_فولوا_لبعض #انتخبوا_العرص #مرسي_رئيسي #سيناء_خارج_التغطية #سأنتخب_السيسي,1
وفاة 5مدنيين في الحويجة لنقص الدواء بسبب حصار داعش على المدينة  #ولاية_الأنبار  https://t.co/t2JeMJYdyK (,0
رحم الله شهداء الواجب الوطنى على حدودنا، وادعو لجنازة شعبية حاشدة ضد الارهاب والطائفية الدم المصرى حرام,0
لاغارد تتعهد بتسريع المباحثات المالية مع إيرانhttps://t.co/obzgwu3ybEالموقع البديلhttps://t.co/ZaLKD27rzV,0
المجرم #لافروف يقول : من يهمه الأوضاع الانسانية في #حلب عليه تقديم المساعدات والتوقف عن الثرثرة !,1
#اوباما يطمئن #الناتو بعد وصول #ترامب للسلطةhttps://t.co/LkEFyye4R2#البوابة https://t.co/hYgWX5rbFG,0
RT @AlghadAlarabi: جمهور كرة القدم في #إيران ممنوع من الاحتفال بسبب #عاشوراء https://t.co/GZAflpCtcs #طهران https://t.co/iz2Qbp4HOP,0
بعبارة أخرى ليس هناك فرق بين حلف الذي يشارك فيه #المغرب والذي يشن عدوان على شعب #اليمن وبين حلف #روسيا +  #الناتو مع #الأسد ضد شعب #سوريا,0
#اليمنية| الفائزون يتسلمون #جوائز_نوبل بغياب “#بوب_ديلان”https://t.co/reC3C3wQ4U https://t.co/khfTtp0OOf,0
بشار الأسد يبدأ بإعداد ” دستور جديد ” بمشاركة روسيا: قالت وزارة الدفاع الروسية، إن النظام بدأ بإعداد مش... https://t.co/aiDFsQZqNh,0
اخبار برشلونة اليوم Tuesday 11/10/2016 : لويس انريكي يفكر في إشراك أومتيتي كظهير أيمن https://t.co/YeblUYozs9,0
الفهم القرائي ل#صعوبات_التعلموالدليل التوعوي للمعلماتفاطمة المجيم#معرض_الكويت_الدولي_للكتابدار المسيلة للنشر  ق… https://t.co/fjXXShu5Da,0
الموت غرباً وشرقاً وجنوباً 😥 ...ربي نرجو رحمتك ونخاف عذابك فأمنن علينا يا الله بفرجٍ قريب يُعز فيه أهل طاعتك ويُذل فيه أهل معصيتك... #ليبيا,0
📷 سوار أبل واتش الرياضي أبيض اللون للمقاسين ٣٨ / ٤٢ للتواصل والطلبات 🚛📦 ٠٥٥٦٦٢١٢٩٧ /٠٥٦٦٦١٨٠٦٩... https://t.co/TcsQfgCS5x,0
طالما أنك ستفكر على أية حال فكِر في أشياء كبيرة جدا دونالد ترامب hc6,0
تأكدوا أن التزام الرئيس بالقانون والحفاظ على استقلال القضاء وتدعيمه هو فى مصلحة الشعب قبل أى طرف آخر,0
قلت للرئيس شباب الثورة لفقت ضدهم التهم من اجهزة الأمن وانت تسال اجهزة الأمن عن الأبرياء فيهم هل تتوقع ان تعترف اجهزة الأمن بالتلفيق وتعتذر,0
الرائع توفيق المنجد - مقطع من قصة المولد النبوي الشريف - كل عام وانتم بخير - YouTube https://t.co/DN5KAlJUko,0
لو صرخ #الفلسطينون بشعار البرائة لم تجرأت #اسرائيل من منع #الاذان في #القدس.اصرخوا قبل ان يمنعوكم في بلدانكم من رفع الاذان.,0
RT @iAl7ob: ،وأخيراً تحديث كامل لبرنامج الرسامالشهير على نظام ويندوز 10https://t.co/UfQ9kgpp0Z https://t.co/aEI9ap9rl0,0
ما لم تروه في تكريم الرئيس التونسي لـ #عادل_إمام#زهرة_الفنون #مشاهير https://t.co/MoaJSQVYMO,0
يا بركان الغضب يا موحد العرب .. !!😔#القدس ❤❤,0
فيه من ريحة الغالي هاري بوتر 💔 https://t.co/eovXq4WLsN,0
كل اناء ينضح بما فيه، عن حمله #السيسي و #حازم_عبد_العظيم اتحدث,1
لَبّس الحب بيونسيه أكثر من مرة وهذا من أسباب حبي له أيضا. https://t.co/r1NMV2YDWU,0
خليكم عم تصوتوا. نحنا بالصدارة دائماً😌✌ #نادين_نسيب_نجيم #نادين_نجيم #نص_يوم https://t.co/E3spMuKb0q,0
لما حد بيقولي إنه بيحب حاجة أوي أيًا كانت بطلع ميتينه منشنات علي فيسبوك و إنستجرام و لينكات واتساب و تويتر و بيبقي مش عارف يروح مني فين😂,0
RT @AhmedAASultan: محرر بريطاني عمل مع CIA إبان غزو العراقيكشف تزييفهم فيديوهات لتظهر في الإعلام أنها عربيةوطرق تعقبها بمساعدة جوجل وبموا…,1
⛔ #فلسطين.. حينما تجد الله في كل شبر (الحلقة الأولى)     https://t.co/o7qweOyZQ7 https://t.co/Z0O8KHNe8S,0
"بيان لرئيسة الوزراء البريطانية ""تيريزا ماي"" أمام مجلس العموم البريطاني #بريطانيا https://t.co/FRTncxCRFT",0
"#بلحه_نيته_سوده  هآرتس: كلنا مع الجنرالات ومع السيسي ""بطل إسرائيل""  https://t.co/3TBE8mx8Qr",1
التهديدات التي تواجهها دول حلف الناتو ودول الخليج العربية هي تهديدات مشتركة منطلقها (ايران ) فلماذا لا نتعاون مع الناتو ؟,0
#صحيفة_الوئام ميزة في هاتف غوغل تكشف “ابتزاز أبل” https://t.co/MxCiXVk0uj #عاصفة_الحزم,0
كل يوم - عمرو أديب: أنا عمري ما أشتريت شامبو#ON_E | #كل_يوم | #عمرو_اديب https://t.co/Erl1mNDIHY,0
في #لبنان وزارة للمرأة يترأسها الوزير جان اوغاسبيان. 😊😎😁,0
RT @roujrF: #افضل_مباراة_تنس_شاهدتهاويمبلدون فيدرر ٢٠٠٨,0
@gagaeyesaff انتي خليكي على جستن بيبر,0
🌟🌟توفير كافة #الدراسات_السابقة🗒🗞باللغتين العربية والإنجليزية الخاصة ب #موضوع_الرسالة شامل #المراجع📚📘📕الحديثة… https://t.co/z7x0bWeQvk,0
الطلبة السوريون في كوبا يشاركون في تقديم التعازي بوفاة #كاسترو https://t.co/L8fl3fJ3xr,0
#الاتحاد_برس بشار الأسد يربح الانتخابات وجيشه في لبنان ودمار للخليج.. هذا ما ... https://t.co/qJkfxlfrjv #سوريا #مصر #أخبار,0
RT @itti_juve: مع هدف الباراغواي رجعنا لنغمة ميسي احب اذكركم ميسي مالعب قدام تشيليفي دور المجموعات بالكوبا وفازت الارجنتينولعب النهائي و…,0
الرئيس الأميركي باراك أوباما يستقبل فرق الأولمبياد… https://t.co/RC88IHrkXE #فساتين #مكياج,0
RT @caironewsportal: #بشار_الأسد يفجر مفاجأة بشأن #المعارضة_السوريةhttps://t.co/mCRvjaJ3Be#سوريا #حلب https://t.co/uGFNsZlsSn,0
كيري يدعو المعارضة لإنتخابات تشمل بشار أل...!!https://t.co/03rK49jv6c https://t.co/EKKkmymKQA,0
تأسيسية مين يا أبو تأسيسية إنت ناس إتقتلت تقوللي تحسيسية يا شيخ روح انت وهي إلهي ينتقم منكم واحد واحد,1
#اليمنية| “ #الناتو” واثق من حفاظ “ #ترامب” علي قيادة #الولايات_المتحدة للحلفhttps://t.co/srNYlVI56k,0
"الحديث عن أن شخصًا يحدد من له مكان فى الوطن ومن ليس له مكان ""هزل""",0
#حلاوتك_وانت عامل نفسك دكر و راجل قدام امك و بتبقى مرمطون و شخشخية ف ايد البنت بتاعتك #استرجل,0
"رآمي عيآش ""شعرهآ بيطير على خد حرير"" 😬 https://t.co/n0Dzm5DGjY",0
البعض يواجه مشكلة في تغيير نسبة الإضاءة في نظام ويندوز 10المشكلة موجودة بكثرة قبل تحديث ميكروسوفت السنوي اللي صدر قبل فترة ليست بالطويلة.,0
منهج الانقلاب قتل وقمع وسجن اى معارض اعلام فاسد وقضاء مسيس ارتفاع للاسعار واقتصاد ينهار عزلة دولية وشحاتة خليجية,1
خبير عسكري  حركة #حماس تجري تجارب صاروخية في بحر #غزة. مدى الصاروخ الجديد ربما يصل إلى #عكا..21كم عن حدود لبنان https://t.co/Fs694t96UP,0
ميلان يسعى لضم نجم برشلونة السابق -  https://t.co/5VK2cdrvVn https://t.co/IDfckusKwR,0
[Article] البديل لخدمة غوغل المنتهية https://t.co/BrKC8euRaX,0
"""#الهولوكوست"" أبشع جريمة عرفتها البشرية في العصر الحديث",0
@w6Amazon توفر فيقرز؟  من امازون الامريكي؟؟,0
$- المدنيين الذين جاء #الناتو زوراً لحمايتهم في #ليبيا تمت عسكرتهم ليقتلوا بعضهم بعض .,0
لماذا يتعمّد الإعلام الغربي كتابة Mecca بدلًا من Makkah؟ https://t.co/InGXDP1v1F,0
د أبو الفتوح في العاشرة مساء : أنزعج الآن من الأداء الأمني و هناك تباطوء متعمد من الجهات الأمنية في عودة الأمن لمصر,0
RT @Q8Pay: جوارب/دلاغات من ادفى ماشريتشريتهم للوالد والوالده السنة الماضية جدا مريحهوبعضهم فيهم ربل من تحت#امازون الامريكيhttps://t.c…,0
Marca :حتى موسم 2016/2017 كان تشيندو ، سانشيز ، هييرو اول ثلاثي دفاعي في ريال مدريد يكمل 9 سنوات معاً 1989-1998,0
اهلا بيك فى وطنك تشرف اى حد يابطل #أحمد_شفيق,0
سيلفي للذهبية 👇الفنانة #نوال_الزغبي @NawalElZoghbi باطلالة رائعة بإبتسامة جميلة باحدث صورها 💋 https://t.co/8ByB5Fmbib,0
RT @TMZinArabic: روبرت دي نيرو يدمّر دونالد ترامب في أقل من دقيقة! https://t.co/d6utqDeHdZ,0
ﺃﺭﺩﻭﻏﺎﻥ : ﺣﺎﻥ ﺍﻟﻮﻗﺖ ﻟﻔﺘﺢ ﺻﻔﺤﺔ ﺟﺪﻳﺪﺓ ﻓﻲ ﺍﻟﻌﻼﻗﺎﺕ ﺑﻴﻦ ﺇﺳﺮﺍﺋﻴﻞ ﻭﺗﺮﻛﻴﺎhttps://t.co/88Hm0nLXYK#اردوغان #تركيا #الاحتلال… https://t.co/JCll9t5ILm,0
أتابع ما يحدث اليوم وسأعلق عليه خلال الساعات القادمة، وحزب مصر الحرية يصدر بيانا الآن,0
ياريت الأهلي و حسام البدري يشوفوا أحمد الشيخ بيعمل إيه عشان حرام عليهم والله😡,1
الفرق بين المرشحين هيلاري كلنتون وترامب ١-هيلا كلنتون 👈🏻عدوا مخفي ٢-ترامب👈🏻عدوا واضح,1
صدق من قال لاتستطيع شراء الاخوان لانهم قوم لاسعر لهم لايبيعون آخرتهم بدنياهم لايرضون بغيررضى الله بديلا لله درهم وطوبى لهم #انصاف_الاخوان,0
انطلاقاً مع لعبة سوبر ماريو رن!! وفرنا لكم كفر سوبر ماريو 😍 متوفر لايفون ٦اس و٧ سارع قبل نفاذ الكمية… https://t.co/wW3FFn7IyK,0
"RT @ALAMAWI: فيديو مؤلم.. طفلة سورية ضحية للقصف تصرخ ""بابا""#شاهد_سكايhttps://t.co/OJ2Z8GsdoA https://t.co/89yVQNLmeR",0
@almaith_3a @HGH__18  نشطتها مال هاري بوتر احس 😂,0
شعب يعشق العبودية #اللى_رافضين_السيسى_رئيس_بيعملوا_فولوا_لبعض,1
RT @kdriyadh: الأول أن سقوط الأسد يعني نهاية حكم الجيش والمؤسسة العسكرية في سوريا، وهذا يسلط الضؤ على حكم الجيش في مصر، وتبدو وكأنها الوحيد…,0
"RT @IranObs_ar: #المرصد_الايراني#الأخبار | الحرس الثوري يقتل أحد ضباطه لرفضه القتال في سوريا""ترجمة خاصة""https://t.co/IWRePyze0W",0
«#الحشيش» يشعل الخلاف بين «#حزب الله» ونظام #الأسد - القبس الإلكتروني https://t.co/6vcADCjCDH,0
@HassanSachit @MoOdiAlansari @PL4News والله كلام طويل يااخي ابحث ف جوجل,0
#احمد_شفيقتابعوا النجم #محمد_شاهين ع صفحه الرسميه على الفيس بوك👇 💜https://t.co/ZQ3FwoSQvaالشخصيه👇 💜https://t.co/hNCjGok49X,0
#اليمنية| #الجيش_السوري يدمر تحصينات لـ “فتح #الشام” بـ” #درعا” و” #حمص”https://t.co/lZVsgypDiE#اليمن_ينتفض_ضد_الحوثيين,0
RT @Azobi_sa: توقع مباراه #السعوديه_الامارات  مع مسجلي الأهداف داخل الهشتاق #مسابقه_عزوبي_فاصلوأربح الاول مبلغ خمسه آلاف ريال الثاني اي…,0
قرية #عناتا الواقعة في الشمال الشرقي لمدينة #القدس #فلسطين https://t.co/lFb5O2PVcL,0
"""#استهداف_النازحين_بحلب"".. جريمة حرب على مرأى ومسمع الجميع، متى يتحرك ضمير #العالم تجاه مأساة #السوريين ؟!!#أنقذوا_حلب#سوريا",0
RT @manolhs9: @BaderALhjraF حرام عليهم 😰 ياربي لك الحمد على نعمة الاسلام,0
الصين ترسل مزيدًا من الجنود إلى جنوب السودانhttps://t.co/Kx9YX7HVdK#الصين #جنوب_السودان https://t.co/nXKHkXpXFD,0
@BaaSerah @hasan201511 وبعد تسليم السلاح يسلمون الجبهة وأفرادها للروس كإرهابيين وهذا قربان لرضى المجتمع الدولي عنهم هذا مايريدونه,0
اسرائيل منعت الاذان في #القدسخلينا احنا كده #لنا_الله,0
#روسيا و #الصين تستخدمان الفيتو مجدّدًا ضد السوريين، برفض مشروع قرار يطالب بهدنة مدتها سبعة أيام في مدينة #حلب.#سوريا,0
RT @TahrirSports: لأول مرة منذ 13 عام .. لا يتواجد روجر فيدرر أو رافائيل نادال ضمن الأربعة الأوائل في التصنيف العالمي للتنس 🎾 https://t.co/…,0
@WAZJ81 @a4EaA6ogaKArvKT @hjab2030 @a_1k2 جبهة النصرة كلهم سوريين من اهل الشام يا كلب المجوس,1
RT @RM4Arab: ماركا | منذ إنضمامه لريال مدريد غاب راموس عن 124 مباراة و كانت حصيلة ريال مدريد فيها 93 فوز ، 18 تعادل و 13 هزيمة.,0
☆مادام عقيدتك في غلاء اﻷسعار مرتبطة بالدولار، وليس بسبب ذنوبك ومعاصيك فدولار في إرتفاع مستمر ...!!!#ليبيا#طرابلس,0
RT @yousefalawnah: معمم آخر موديل شغل غوتشي😂😂😂 https://t.co/F2mOrNE1Pj,0
#السعودية #الرياض #مكة #المدينة #الدرعية صورة من الماضي الجميل لشيخ علي الطنطاوي رحمة الله في شهر رمضان بعد الافطا,0
حائل تتصدر على طريف بدرجات الحرارة #طريف #القريات #تبوك #الجوف #سكاكا #حائل #القصيم #حائل#طقس_العرب#الطقس#حلب… https://t.co/wnd3L9cAvt,0
@ghantous44 @MoniLebneneh ميشال عون المسيحي المارون مش بس في لبنان محبوب حتى في العالم العربي يعرفون مواقفه,0
""" وليس لديه عيادة ""بس يسوي دورات تنمية بشرية يضحك بيها عالناس بفلوس، اعلانات ، صفحة فيسبوك والخ ....انسانية 😜😂😂😂… https://t.co/eceLoY3nky",1
الرئيس ميشال عون:لعدم اللجوء الى الخارج بغية الحصول على منفعة على حساب مصلحة الوطنترجمةفي 25 حزيران 2016حسن... https://t.co/HScsbavbO9,0
الامن والامان في حكم العسكر اصبحنا فعلا اضحوكمة العالم #انتخبوا_البرص,1
5 ألم أقل لكم إنها ممارسة فاضحة لازدواجية المعايير وتخوين المعارضين أملي أن لا تبتلع بعض قطاعات الرأي العام الطعم مجددا,0
الأرسناليين الي يدافعون عن فينقر وصلون لمستوى حومة تسبد ما عمري وصلته، مدرب محترم وكبير وقدير، بس خلاص ياخي كل شي له عمره! #ارحل #فاردز #طس,0
RT @Abdullah_iApp: شارك وأربح 📱🎁 ايفون 7  الشروط :1. رتويت2. متابعة الحساب @QuiznosSaudi 3.المشاركة في الهاشتاق بكلمة تم👇🏼#اربح_ايفو…,0
@ayman_mansour09  اسعار نصب زي ما تقول واجد مبالغين فيها شوف اسعارها في امازون او متاجر التجزئة بدبي اقل بكثير ويمكن الوكيل اقل من اكسترا,0
الحاسب اللوحي Teclast X98 Plus II بنظامي #أندرويد و #ويندوز 10 و 4 غيغابايت من الذاكرة العشوائية الآن بسعر $185.92… https://t.co/2u6aggJIBw,0
بمناسبة ذكرى المولد النبوي الشريف ، نظمت جمعية النور تاما اعطارن  حفلا دينيا بمسجد تاما اعطارن وتم من خلاله تكريم... https://t.co/OrrNwS7d3B,0
كلب دجال حقير كان يقتل اطفال سوريا ويحارب مع جبهة النصره الارهابيه والان يتباكى على حلب لماذا لم تتباكى عندما قتلوا… https://t.co/9hxmUSSK6B,1
هذا إن أشار أو وشى، فإنما يشي بإنه مفيش أي قيمة وطنية موجودة عند هذا التنظيم ولا أبناء هذا التنظيم,0
#اليسا انا النجمة آلاكتر مبيعا بالشرق الاوسطيعني انا المسيطرة يعني أنا اللي اكلة الجويعني أنا الملكة ملاخر 😉… https://t.co/pFlUfGXCom,0
مليون انسان سوري يحاصرهم #الأسد .. #الأمم_المتحدة ستبدأ غداً عمليات إيصال المساعدات جوا إلى المحتاجين في سوريا,0
@RTarabic اي جيش تقصدون طيران روسيا المجرم ام عصابات ايران ام مرتزقة حزب الله ام عصائب العراق تكالبتم على عزل لا يملكون قوت يومهم,0
صامت على الانقلاب مثل رجل شاهد خيانة زوجته فشرب عصير ليمون سئل:ماذا فعلت قال:عملو ليمون لنفسهم,1
واتس اب على أندرويد يجلب إمكانية الرسم وإضافة الرموز التعبيرية فوق الصور والفيديوhttps://t.co/aO2IfqaFUI #ريال_مدريد #برشلونة,0
إعلان لـ الشركة العربية للنقل والتجارة تعلن فيه عن رحلات بين #مصر و #فلسطين يومياً عام 1947 م https://t.co/maM4ZxSazG,0
"قد ربما تكون #داعش هي الحركة التي قلبت شكل الاصطفاف الدولي رأساً على عقب""تنظيم الدولة النشاءة والافكار""… https://t.co/J97I8LyxG4",0
في المستقبل الحريري يلتقي سفيرة تشيكيا وفهد والزيود - استقبل الرئيس المكلّف سعد الحريري في «بيت الوسط« أمس، سفي... https://t.co/3hlkhhwwOE,0
الفلق، @alfalqcom ، تنشر عن سبب امتناع بوب ديلان عن حضور تسليم جوائز نوبل الأسبوع الماضيhttps://t.co/zQ8Gi5eG9r,0
#اليمنية| #بادي يدين إقتحام #مليشيا_الحوثي لمنزل عضو مجلس النواب “ #عوض_الوزير”https://t.co/4jJJEeyG2X#التحالف_العربي_سند_اليمن,0
بمناسبة المولد النبوى الشريف سنقوم بعرض مجموعة من الموالد النبوية قربة لله تعالى ، ليست للبيع و انما هى مقتنيات شخصية,0
صور.. سر طفل فلسطيني يرفض برشلونة من أجل رونالدو وزيدانhttps://t.co/YJXdVQJIEm#صدى_الملاعب,0
RT @saadalbreik: أوباما قال للملك عبدالله لديكم مخزون نفطي عظيمفقال الملك عندنا أكبر من ذلك عندنا الكعبةفي إشارة إلى جيش الكعبة #جاستا_…,0
#SuperMarioRun حملتها والله حلوه 😂😂❤️ انصحكم فيها، وقت الطفش تفك ازمة صراحة .,0
وسائل الإثبات في الشريعة الإسلاميةد. محمد مصطفى الزحيلي.#معرض_الكويت_الدولي_للكتاب.السعر (٢) دينار https://t.co/yNGUY6FGGP,0
هذه مسرحية من إعداد وتاليف كيري أبو العكازة الاطرم وإخراج لافروف بوتن الخبيث لابادة الشعب السوري الشريف. https://t.co/YNrT2KXuGW,1
ويندوز 10 احسن من 8 و 8.1 بكتير,0
كونوا على يقين أن هناك شيء ينتظركم بعد الصبر ليبهركم فينسيكم مرارة الألم و الحزن و التضحيات,0
"RT @OsamaAlamri99: لله درهكلام ماتع""لن نتخلى عن الإسلام لو تخل عنه العالم اجمعياأخي نحن لسنامضطرين أن نرضي خلق الله ونكفر ونجحدبالله http…",0
بالفيديو- صواريخ #الجيش_السوري تدمّر جرافات للمسلحين!https://t.co/WsUtnfz2bZ https://t.co/98sPTqwglq,0
3 الدم المصري كله حرام، أدين الاعتداءات على مقار الإخوان والحرية والعدالة وكافة أشكال العنف، جميع الضحايا مصريون لا فرق بين إخواني وآخر,0
طال #غيابك عني #ليه ؟؟ معقول #نسيتني و لا #ايه !!,0
#عاجل| #ليبيا.. اصوات اطلاق نار كثيف في مناطق المشروع - ابوسليم - صلاح الدين - في #طرابلس.,0
@UNRadioArabic ماذا عن التدخل الامريكي في العراق ؟ و الروسي في سوريا ؟ و الايراني في العالم اجمع ؟!,0
🚫 للتذكير فقط✅ لمن توقفين قدام بوابة المول وقدامك عشرين واحد يتغزل فيك ويتحرش بكلاتظنين اني بقبل طلبك وبركبك 😔#اوبر#كريم,0
لا بس ابديت ويندوز 10 وانه بقي فيه ابليكيشنز للفيس وتويتر والماسنجر والحاجات دي حوار والله شابوه فشخ للي عمله.. حاجة موبايل خالص :D,0
قرأت مقالا صادر عنإحدى النقابات الفرعية للمعالجين الطبيعيين يتكلم عن وصع المعالج الطبيعى فى بريطانيا بصورة تحمل... https://t.co/j8IbkNQnGo,0
#ترامب يختار الجنرال جيمس ماتيس وزيرا للدفاعhttps://t.co/JeEdPHJ1un#الولايات_المتحدة#أمريكا https://t.co/sa6H6lkEXX,0
"كاردشيان تتعاطف مع حلب و تقترح مجموعة وسائل لمساعدة السوريين النازحين !!!و الحكام الكاردشيانات العرب و الخليجيين ""المسلمين"" و لا نخس  ...",1
ضعي كريم الترطيب على جسمك بعد الحمام مباشرة وجسمك رطب لانه يساعد على امتصاص البشرة للمرطب بطريقه افضل ليجعل بشرتك ناعمه #ريال_مدريد,0
(أومن ينشأ في الحلية وهو في الخصام غير مبين) [الزخرف:18] #ريال_مدريد,0
RT @iContent_AR: هل تقاضي عائلات #ضحايا_الإرهاب شركات التواصل الاجتماعي والحكومة الأمريكية؟#قانون_جاستا #جاستا[i]نثير الأسئلة #نُثري_الت…,0
@l_G_O_Nنفس العالمالقصة قبل هاري بوتر بـ70 سنة عن بروفيسور معاه شنطة فيها مخلوقات عجيبة طرد من هوقوورتس وسافر لنيويورك وتبدأ القصة من هناك,0
د. زاهدي.. سياسيا خرجت المعادلة من يد خامنئي بمعنى انه خسر استراتيجية ابقاء بشار الأسد مقابل استراتيجية روسيا#حلب… https://t.co/d6faBYAYFU,0
سريخيو راموس وقع مع ريال مدريد في آخر يوم من سوق الانتقالات وتحديدا قبل 25 دقيقه من إغلاق المريكاتو !!رجل الدقائق الأخيرة 😍,0
@malak_alhusaini  انا ملاااااااااااااااااككككك ارررررجوووررررك اررررررجوووركك يارب تشوفني  ابي ايفون ٧ أهه أهه ياربي ,0
بالصور: آخر صيحات العيد...اللّحى تتحوّل إلى زينة للميلاد!https://t.co/eSbJKZqZAC#Christmas #ChristmasOnLDC… https://t.co/gsqhDeeANB,0
ما بتحييش العلمطب ريح تكتب الدستور ليه إنتو بتشتغلونا بقى!! #السادة_المحترمون,0
يارب انت المنتقم انتقم من القذافى واعوانه وانصر ثوار ليبيا البواسل والاشاوس واحمي اهل ليبيا من مكائده يارب,0
@alnassar_kw مساهمات لدعم داعش ..,0
@LoOo__zZz @EGYPTAIR ربنا يسترها,0
"د.جميح لجوزيل خوري ""أليس من العيب أن يلتقي #كيري رأس الدبلوماسية #الأمريكية بناطق مليشيات، ويرسل أحد موظفيه للقاء رئيس الدولة هادي !!""",1
يخرب بيت متعتك يا انيستا ،كيف يوازن الوسط ويهدي ويسرع رتم المباراة على كيفه,0
RT @a_m_alkalifa: اوباما ميت يبي هيلاري تكمل المشوار وهو مراح يحدث التوجه عليها اصلآ وهي رئيسة امريكا القادمة المخطط يريد ذلك لم ينزل ترامب…,0
"#النداء_الأخير#حلب_تباد#ستبقى_حلب""وتلك الأيام نداولها بين الناس""صدق الله العظيماجلاء بعض المدنيينhttps://t.co/O9R5tDz3CC",0
"#حمدين_صباحى:سأفوز بـ""الرئاسة"" وشعبية ""#السيسى""تتراجع بانتظام بسبب ""الأخطاء"" -حد يخبطه على دماغة الحزين ده خليه يفوق",1
#خلق_جميل تحترم اي امراءة وماتجرحها لابقول ولابعمل,0
"""إن كنتم أعرضتم عن الشام وحمايته، (خلعناكم) وأقمنا له سلطاناً يحوطه ويحميه""شيخ الإسلام إبن تيمية للسلطان الناصر مح… https://t.co/0HITaPaYUI",0
انتي اصلا مافيك فايده #كلمه_بتتقال_في_البيت_كل_يوم,0
سخرية القدر ان الاخوان بارهابهم حينجحوا #السيسي و الدولة بغباءها حتنجح #حمدين #مصر 6 #6ابريل,1
#ماذا_لو_المدارس_مختلطهبكون .. تلميذ صباحاً ..مدرّس خصوصي مساءً .. https://t.co/J77c43SJdh,0
انا محنيش جبيني غير لرب الخلق ، ولا بالحرق ولا بالشنق أموت والجنه عنواني الله يرحمك #جيكا,0
يا غنوة مبتكملش يا دمع يا محبوس ليه كل ما أحلم حلم بقى يتقلبلى كابوس #محمد_محسن,0
"نائب منسق الشؤون الإقليمية لمكافحة الإرهاب بوزارة #الخارجية_الأمريكية ماري ريتشارد: #الولايات_المتحدة تراقب عن كثب ""#تنظيم_الدولة"" خارج #سرت",0
@RTarabic @periscopeco تضامنا مع جبهة النصرة,0
شارك في يوم تضامني من اجل #فلسطين في بريطانيا https://t.co/8gwtOp5u4a,0
"القرموطي لـ""المملكة"": ""كلامكم جارح ولن نقبل معايرة أو ابتزاز.. وموقفكم يخدم إسرائيل""  https://t.co/hyurVG2NUS https://t.co/ZONhfF9Umg",0
#المجتمع_الدولي_بين_الصمت_والخذلاناللهم لاسؤال إلا لك ولا رجاءاً الا فيكاللهم انصر عبادك في سوريا وحلبفإنه لا مع… https://t.co/06hstV75WN,0
محمد السيف ليفربول بيمحطونك عدل اليوم #تحرش ,0
#حملة_الا_يوسف_الحسينى #يوسف_الحسيني حرقهم علشان كاشفهم من زمان أويغلطة ومش هيكرروها تاني …,1
مسيرة حاشدة تضم زعماء دول في كوبا لتأبين فيدل كاسترو   #كاسترو #كوبا  https://t.co/vbgqaBLpVP https://t.co/JsKjg6U3it,0
@a_alhussain2 الانحراف فيه من اول بس كان ممسوك,1
RT @mbcmax: إيدي ريدماين يخترق عالم هاري بوتر في تريلار #FantasticBeastsAndWhereToFindThemhttps://t.co/qt6tTTuVYq#MBCMAX https://t.co/ASf…,1
إسرائيل تعلن عن إغلاق شامل للأراضي الفلسطينيةhttps://t.co/11NbDYKsNq رام الله في 10 أكتوبر /قنا/ أعلنت سلطات الاحتلال الإسرائيلي عن فر…,0
#لافروف: لا يوجد أي عوائق لمن يريد زيارة #القرم ومستعدون تنظيم أي ظروف لذلك#اسأل_أكثرhttps://t.co/2zfb9hUWj3,0
هاي مش كل واحد بيألش ولا كل واحدة مضايقة شوية ولا أي حد يجمع بوستات على فيسبوك يعملوها كتب .. حرام والله أغلب... https://t.co/MaWl6uJ7UX,1
@DrAl_Lawati الخطيب هو من كان يتباهى في الجامعة العربية بمساعدة اميركا لهم,1
"كيف يسرق فيسبوك مليارات المشاهدات منذ فترةٍ أعلن ""فيس... https://t.co/jgmcNBwbrE",0
RT @FCBW_A7: يوهان كرويف ( من كتاب سيرته الذاتية ) : يقول انه اقنع لويس إنريكي ليُغادر ريال مدريد.. و لويس إنريكي غادر الريال من أجله https…,0
حظر الوزراء البريطانيين من ارتداء ساعة أبل الذكية خوفا من التجسس الروسى https://t.co/crE3og0owD #البحرين #الكويت #السعودية #الإمارات #قطر …,0
بلد بنت وسخة #المنصورة,1
كيفية حذف كلمة سر دخول ويندوز Windows 10 https://t.co/VoIsvSBoIU,0
@_NOLE1اللي متعصب في التنس حارم نفسه متتعه عظييمه انا من مشجعين نوفاك ما يعني ابدا اني اكره مشاهدة فيدرر ونادال وموراي وديل بوترو واساليبهم,0
السفارة المصرية العظيمة في السعودية بتوزع منشورات علي المصريين لكي يصوتوا بنعم في الاستفتاء علي الدستو,0
RT @pixymist: @alhamer_ هامر محطيه جستن بيبر... طحتي من عيني,0
برلمان طبرق يعلن سبها منكوبة بعد معارك قبلية https://t.co/WdZpXfqwEa #ليبيا #Libya,0
RT @H_S_Z_1: #الأسد: يستبعد حل #الأزمة_السورية قريبا(المرتبطة بالخارج) أما (المرتبطة بالداخل)قال عنها يمكن حلها خلال بضعة أشهر.https://t…,0
عاجل | #نيويورك: #مجلس_الأمن يصوت على قرار يدعو إلى نشر مراقبين في #حلب وداخل أحيائها الشرقية https://t.co/xNfIFPBRvM,0
موقف الاخوان من جوه برلمانهمشلت بلطجية،200 جنيه،شريط ترمدول،وجباتنتذكر سوا #السادة_المحترمون …,1
@AdelAliBinAli لله درك #قطر وقادتها#قطر تلغي الاحتفال بـ #اليوم_الوطني تضامناً مع #حلب   #سوريا #ستبقي_حلب… https://t.co/wV2pFqGjdD,0
جعجع يلتقي الحريري في بيت الوسط  https://t.co/hgdbF5g1tR,0
لماذا يحكم العالم الأكثر خسة ونذالة ...!!!بوتن مثلا ! اوباما ايضا!الصين ايضا ...لكن الأكثر خسة بلا جدال السيس مع بشار والعبادي وخامنئي,1
تحميل كتاب الإسلام ما هو؟ لمصطفى محمود من هذا الرابط https://t.co/TqAbj8jd8R https://t.co/t11k5GCLEE,0
@malak_alhusaini حتى لو ايفون 4 ابيه 😢💔,0
#عن #جواز_الصالونات اللي بيتعب الاعصاب,0
ماتدافعش عن الكذب وتقولي أنا مش إخوان مرضك ده ليه علاج على فكرة إنك تبطل تعيش في قطيع الجماعة وتشغل مخك شوية,1
"و في النهاية ذهب النشطاء والاشتراكيين والعلمانيين و الكفرة الي غزةوظل الاخوان يهتفون في الازهر ""رايحين شهداء بالملايين""",0
يجب فصل الحركة الدعوية عن التنافس على السلطة السياسية,0
إهمال #بوب_ديلان لـ #جائزة_نوبل هل هو عجرفة أم إنشغال؟https://t.co/76ljrM5yQe#أخبار,0
RT @bin_naser1: الف مبروك اول ثلاث نقاط ف التصفيات البداية من هنا لاتراخي مع فوساتي والله ياجماعة فرحة الجمهور أجمل من النقاط المهمة الله ي…,0
كيتي بيري و بيونسيه من اغنيه وحده بس دخلو مليون تقريبا 😐,0
اللي شتموا وكفروبلال والاسواني دلوقتي زي العسل على قلبهم عشان مع القرار واللي اتهموا البرادعي انه عميل بيستشهدوا بيه ضد القرار #عبث,1
معدل عمر الوزراء في الحكومة العتيدة 59 سنة، تتراوح بين 45 و 78 سنة، فيما متوسط العمر في لبنان (Median Age) لا... https://t.co/CpyjUlJnHX,0
الإندبندنت البريطانية : ما السبب في تجاهل الاعلام الغربي زيارة الأربعين ؟ https://t.co/sr6BjfLOuB,0
@Bankerchy ههههههههههههههه اي ذكرني بعيد ميلادك اجيب لك نفس بومة هاري بوتر تستاهل,0
في مصر توافق الناصريون والسعودية في موقفهما ضد الاخوانوفي سوريا الأول يدعم حليفه بشار والثاني يسعى لإطاحتهنفاق سياسي فج …,0
يا ريتكم تحبوا بلادكم زي حبكم لجمع المال#طرابلس#بنغازي#ليبيا,0
https://t.co/LGPoqCVFW5 #Pamplona https://t.co/Q9r9W0Aavh باراك أوباما يؤدي حركة غريبة في البيت الأبيض https://t.co/32KI1Td7B4,0
"الجزيرة: ""يوم الغفران"".. عيد يهودي يشل إسرائيل: يعد ""يوم الغفران"" أحد أهم الأعياد الدينية اليهودية، وهو اليوم... https://t.co/bg2oUQr6mi",0
"الله ينور عليك يا دكتور عبد المنعم ابو الفتوح، الهي ما تنضام ابدا انا من عندياتي باحبك #3""",0
RT @TechVoicenet: سيانوجين لن تُطور رومات أندرويد بعد الآن https://t.co/fntMRQ3kIE https://t.co/uJtPTJLm4c,0
انا بحب أخويا,0
مع جورج إسحق في وفد المجلس القومي لحقوق الانسان للمراقبة، نتحرك في شرق وشمال القاهرة، أدعو الجميع للمشاركة ومنع التجاوزات إن وجدت,0
"بعض الاعلام الغربي يستخدم مصطلح ""الحرب السورية"" لتفادي حقيقة أن النظامين السوري و الروسي هما الذين يذبحان الشعب السوري",0
نحن وغيرنا ننتظر من الاخوان الكثير، ننتظر ان يغيروا الصورة الذهنية المأخوذة عنهم فى الفترة الأخيرة، ننتظر ايادى ممدودة يتبع,0
فيديو: نظرة سريعة على إصدار أندرويد الأخير نوغا Android Nougat 7.0 الجديد - https://t.co/8T96nXVnQJ,0
@Turkii_moh اعتقد باان استعراض حزب الله بالاسلحه والمدرعات في عرضه العسكري رضخ السعوديه باعادة الهبهشكرا حزب الله,0
#التحرير | #عادل_إمام يقدم العزاء لأسرة محمود عبد العزيزhttps://t.co/xQT7pMP1CD https://t.co/KJjvxpyK5E,0
مصر لشعبها وليست لسويرس والعسكر مصر لن تنام الا عندما تعود الشرعية لن تحكموها أبدا بالرصاص والحديد والنار,0
RT @Wesal_TV: مركز إيراني: #تركيا تدعم السنّة في #العراق لوقف تمدد الشيعةhttps://t.co/0A3KK70Y2J. https://t.co/57Lo4KGk35,0
RT @RTarabic: #أبل تسجل فوزا غير متوقع على #سامسونغ!؟https://t.co/zM1QaKp1fU#اسأل_أكثر https://t.co/yaWBvegFaB,0
مصر حسمت هويتها منذ مئات السنين بأنها دولة مسلمة وعربية وقبل ذلك بأنها أم الدنيا التى تفتح أذرعتها للجميع وتتواصل مع كل الحضارات #,0
سلام اناابنة استاذايمن شويقي أوصاني أبي بان أوصلكم رسالته وهو بخير وصحته جيدة ومعنوياته مرتفعة ويشكر كل من سأل عنه ويبشرك…,0
"#حياتنا_عباره_عن قال شيخ الإسلام ابن تيمية رحمه الله تعالى  ""القلوب الصادقة والأدعية الصالحة هي العسكر الذي لا يغلب"".#ستبقى_حلب",0
@BawazeerAlaa @hureyaksa وهؤلاءما هم الا فيسبوك وتويترولم يتحدثواعن اليمن بكلمة واحدة وجالسين يغمزون ويلمزون بمن يحرراليمن الان اتحداك تنكر,0
#الاتحاد_الأوروبي يمدد العقوبات على #روسيا بسبب #الأزمة_الأوكرانية حتى 31 تموز/يوليو https://t.co/1L7CnUplAr… https://t.co/fgeautLDUJ,0
#عاجل | قوات الاحتلال تطلق النار باتجاه صهيوني عند حاجز قلنديا ظناً منهم أنه فلسطيني.#فلسطين,0
"@fezaru والله اني قاري في غوغل انه حلال"" 😂😂😂💔""",0
بيبآن من سلامي .. بيبان من كلامي ..بشتقلك وكل مآ فيآ بيشتقلك معآيآ 💔#اليسا,0
ترامب في البيت الأبيض. ميشال عون في بعبدا. مارين لوبان على مقربة من الإليزيه. بوريس جونسون وزير خارجية بريطانيا بعد Brexit.٢٠١٦ باختصار..!,0
RT @HadiAlabdallah: صور مؤلمة لأطفال جرحى أصيبوا بالقصف الروسي على الأحياء السكنية في #حلب ..القهر .. الألم .. الوجع .. أضحت مفردات عاجزة…,0
#متفرقات #tnn : احتفلت جمعية المشاريع الاسلامية بذكرى المولد النبوي الشريف وذلك في قاعة المشاريع الكبرى في... https://t.co/sNKRQ9hD7m,0
RT @AlJarasMagazine: #روبيرت_دنيرو: #ترامب كلب صوتوا لـ #هيلاري_كلنتون - بالفيديو @realDonaldTrump @HillaryCli... https://t.co/fuzvVHyBaT h…,1
#السيسي جاب #كريمه_الحفناوي و اخريات اتصور معاهم #انتخبوا_ابن_الصهيونية #__,1
يا ذا المرض 😂👌🏻 #MannequinChallenge https://t.co/X4BBXbn26l,0
بالفيديو | الجوهري : مصنع أسمنت تيتان اعتداء على حق مواطني وادي القمر في الحياة ##كفاية #اوقفوا_الفحم,0
يا عزيزي حاولت اكثر من مرة من سبتمبر اللي فات وكان موافق ثم اكلم من حوله فلا اجد اجابة شافيةدلوقتي برنامجي خلص خلاص,0
للمعلم كتاب موجز وممتع عن التعليم الالكتروني #معرض_الكتاب #معرض_الرياض_للكتاب 2020 …,0
"@saadhariri الإندبندنت"": لبنان يتجه نحو إنهاء أزمة سياسية بدأت قبل ما يزيد عن عامين، وذلك بعد تكليف الرئيس سعد… https://t.co/kyQ56klbz1",0
@ArabGameNetwork جهازي ويندوز 10 كانت فيفا تشتغل لكن بعد ما فرمت الجهاز معاد اشتغلت  العاب الستيم تشتغل لكن فيفا 16 و17 ما يشتغلن وش الحل,0
"لعل أكثر المتابعين للشأن السوري لايعرف أن أسباب الخلاف الجاري بين الإسلاميين في سوريا هو شخص الرئيس التركي "" رجب... https://t.co/CjGJkbYtj1",0
وجاء مرسي وخطب في الناس بدون حماية ،منظر رائع، شئ يدعو للفخر،ثم ظهر صفوت حجازي اللعنة,0
RT @DasmanNewsCom: دسمان | إيران تصفي ضابطاً أهوازياً رفض القتال في سوريا - https://t.co/AKXsTpQ1Pg,0
@naji1290 @aliye2055 لعنة الله على حزب الاصلاح وعلى من اسسه حزب نجس بن حرام,1
دورى السيسى #مرار_طافح,1
أغنية جوجل لنسخة أندرويد الجديدة M https://t.co/yWj5uQiWfW,0
البوب ستار #رامي_عياش بفندق الحبتور بمناسبة العيد الوطني الاماراتي..❤#رامي_عياش #ramyayach @RamyAyach https://t.co/o5DGC9ONJr,0
#اخبار_مستخبية اهم اخبار المغرب : أبل تكسب معركة ضد سامسونغ بشأن براءات https://t.co/JqtlNA9O6n #اخبار_الفن… https://t.co/LhkEqKeaUV,0
الليلة11مساء نستمرفي كشف إغراض الجزيرة وحملتها الداعمة لتنظيم الاخوان الإرهابي مستخدمين تقاريربعدسة الجزيرة نفسها #مصر #الإمارات #لبنان #قطر,0
خارجية بشار الأسد تحتفل بمرور عام على بدء قتل الاحتلال الروسي للسوريين: قالت خارجية بشار الأسد، إن مساه... https://t.co/bjRrqBQwSn,0
اليكم سر غياب #ليلى_علوي عن #مهرجان_القاهرة_السينمائي https://t.co/VBjFSeR4iV https://t.co/VaH1bvRQ2Q,0
"RT @eiad_tennis: #فيدرر :""الحافز لدي اقوى من اي وقت مضى..و اتطلع للمشاركة في #استراليا_المفتوحة ""#Federer #RogerFederer https://t.co/QxGO3…",0
"#فيدرر: حماسي وحبي للعبة يقوى أكثر وأكثر وأتطلع للمشاركة في بطولة استراليا المفتوحة"" https://t.co/bbjFC2aeQO""",0
تصحيح.. اعلنها #كيري هم https://t.co/xuTLY62nvZ,0
الإعلام التقليدي في مواجهة الأخبار الكاذبة في أمريكا وتويتر لإنقاذ الأرواح في لبنان   https://t.co/air4qcj5JK via @MC_Doualiya,0
#بالميرا_نيوز#حلب_الشرقية#شاهد////الدمار الذي خلفته عصابات روسيا والمجرم بشار وميليشيات الشيعة الإيرانية... https://t.co/1LTwLtDYSD,1
حاكم ولاية كاليفورنيا السابق يتراجع عن دعم المرشح دونالد ترامبhttps://t.co/D59UPdVYCu https://t.co/3ggVZYQjtH,0
فرص دي بروينه تزداد للمشاركة أمام برشلونة: النجم البلجيكي الواعد قضى بعضًا من الوقت للراحة في ملقة.. https://t.co/rJaTSLauOj,0
تعرّف على #حالة_الطقس ما بين #الأرصاد_الجوية و #طقس_العرب#صحح_خبرك #الأردنhttps://t.co/ZpPHmimpw6 https://t.co/OTXbvMxGyl,0
🔴اللهم ياكريم انصر اردوغان ومن معه واجعل تركيا كما كانت الدوله العثمانية التي وحدت الامة الاسلامية والتي تجمع المسل… https://t.co/rNxjAFuKJ9,0
@DAfounas @alhayatdaily اذا وما العمل لردع هذا الارعن الفاشي بوتن.,1
#التغطية_مستمرة #لافروف : مقاتلو المعارضة الرافضين مغادرة شرق #حلب سيعاملون كإرهابيين. #روسيا #سوريا نقطة من اول السطر,0
تقرير | مين قتل جبر11ن تويني؟ https://t.co/aY5WC3eHOV@LbciLebanon#هوا_الحرية #مين_قتل_جبران #جبران_تويني@Annahar https://t.co/CGG5RfPsQU,0
اخبار العراق الان - بالصور... استعدادات العتبة العلوية لمراسم احتفال المولد النبوّي الشريف… https://t.co/IpPPfw2AL8 https://t.co/btYLJ7Uu7q,0
RT @M__albugaily: هاجموا الحبيبة مصر بضراوة لأنها أيدت المشروع الروسي لمكافحة الإرهاب في سوريا وصفقوا لقردوغان الذي إعتذر لبوتين وأعلن تأيي…,0
صورة: كاسياس يحتفل بالانتصار في ديربي مدريد https://t.co/JasRYmGOkb #غزة #فلسطين,0
RT @smwj79: كل سيسي وله سلمان يربيه💚 #ايقاف_امداد_مصر_بالنفط,1
@91hm11 وين الناتو يا معتوه ؟؟التريس تكسب والـ***** تحسب,1
بص يا سيسى انت تعتبرنا ارض من اللي عمال تفرقها دى وتدينى لفرنسا او امريگا ياعم انا راضيه 😂😂وهديگ الفگه اللي معايا 😂😄,1
مصادر بيت الوسط: اتصالات التأليف مستمرة بوتيرة اقل وبري: لا احد يهددني والكرة ليست في ملعبي  https://t.co/S8AZHY8CVX,0
ببساطة هذا الدستور بُني على باطل ولذلك فهو حتما سيقود إلى باطل مرسي كذب على المصريين من أجل تمرير هذا الدستور ولا يمكن أن يفلح من يكذب أبدا,0
#لافروف: ندعم بشكل كبير استمرار عمل البعثة الاستشارية الأوروبية في #أوكرانيا #اسأل_أكثرhttps://t.co/2zfb9hUWj3,0
RT @elgntil: #مصر_تصوت_لصالح_المشروع_الروسيده رئيس مصر اما من يدعى سيسي فهو انقلابى ايدتموه على حساب ارادة المصريين ثم انتم الان تصرخون م…,0
من وودرو ويلسون إلى ما بعد باراك أوباما ” الاستثنائيون “...بقلم ميشيل كلاغاصي - https://t.co/iJjmEKxyFD https://t.co/Fj3Bubo5RS,0
#السيسي_هايصالح وهيخاصم :) زى #شفيق ما قتل و اتقتل,1
@Miss_justice7 @Sofia_puzzle انا مو ضد دينكم بس خرابيطكم وافلامكم كثيره وغير كذا تشويه لصوره دين الأسلام دين السلام,0
قالها جستن بيبر يا منعنع يا منعنع 🌿 https://t.co/ScVhT7MAVU,0
هذا مايشبه غوتي لاعب ريال مدريد سابقاً14#السعوديه_الامارات #ريال مدريد https://t.co/mBf7P6LPfu,0
RT @ahmdqz: ستفوز كلينتون؛ لتقدم أميركا بعد ذلك قيمها الديمقراطية الزائفة إلى العالم، وأنها زعيمة العدل والمساواة ( امرأة سبقها مهاجر ملون…,1
#سلامتك_يا_خليفة إن من حق ولي الأمر علينا جميعا أن ندعوا له بظهر الغيب بالشفاء العاجل اللهم ألبس الشيخ خليفة ثوب الصحة ولباس العافية,0
ساعات عينك بتجبرك انها تيجي قدام عيون ناس تانيه متعرفهاش وقتها كل واحد بيسحب عينه و بيمد و يجري عشان يداريها #احساس_غريب,0
لست ضد قانون التظاهر ولكني ضد تجريم التجمع السلمي #السادة_المحترمون,0
المادريديستا في تحدي 😍🔥#MannequinChallenge  https://t.co/seyGQn6RTe,0
نشر مراقبين دوليين في حلب بعد تهجير سكان حلب الشرقية يعني بأنه لن يسمح للمعارضة بالسيطرة عليها مرا أخرى حسب تحليلي المتواطع لعلي مخطئ؟؟؟؟؟,0
لما غيرت نظارتي خليتها دائرية كان كل البيت يتطنز علي وصرت هاري بوتر وكل شي والحين كل شوي جاي عندي احد يجربها بيشترون مثلها,0
صمت بعض الصحفيين والإعلاميين في صحف الأحزاب ووسائل الإعلام الخاصة عن خطورة تفعيل قانون الطوارئ وتقييد الحريات بل وترحيبها به,0
جوجل لازم تشوف لها حل مع كثرة الشاشات في الأندرويد .. على الأقل يسوون زر لو ضغطت عليهيسويلي layout لكل الشاشات أما كذا الوضع لا يطاق !!,0
نسم علينا الهوى من مفرق الوادي ياهواى دخل الهوى خدني على بلادي#فيروز https://t.co/H336DCIJGM,0
"#إنت_جربت؟طالعين اليوم؟ اطلبوا أوبر، أسهل طريقة للطلعة!كود مجاني لـ #اوبر 30﷼اول (مشوار) لك يكون #مجاني"" zvut2shwue",0
"RT @A_M_Y_Alghamdi: مباراة كرة قدم بين كوريا و إيرانتم وضع لافته في مكان بارز""من هو الحسين""ليقوم الكوريين بالبحث عن الإسلام الرافضيوالت…",0
"رامي عياش للشباب: ""اضربوا بيد من حديد""   #رامي_عياش #LAU   https://t.co/bxNtaKu0EK https://t.co/U4sYJ8Yuu7",0
الشده والحزم والعقاب يسعى الاعلام الغربي والعلماني لمسحها من قواميس التربيه ليخرج أجيال ضعيفه أنانيهوقد حزم وعاقب وشدد الانبياء #تربويات,0
انشلوتي: في ريال مدريد النتائج هي الأكثر أهمية.,0
RT @MouhamedSaber: شاهد.. عقيد سعودي متقاعد يصعق صحفي إيراني هاجم المملكة https://t.co/tcfZzpttgn,0
في زمنالآيفونالأنترنتبرشلونةديورهاري بوترديزنيبوينغماكدونالد نحن لسنا أمتداداً لأحدبل أمتداداً لرغباتنا وحاجاتنابالحضارة الكونية,0
مبعوث صيني في بيت الوسط #لبنان - https://t.co/Sdd5I6kAZF https://t.co/rAc0fdqNhx,0
ههههههه الله يرحمك ي|#عمنا ♡~`° |#جﻻل_عامر,0
اشتباكات قبلية دامية في #ليبيا .. كيف تسبب #قرد بإشعالها؟رابط الموقع البديل:https://t.co/Cu7BdeWdHVhttps://t.co/V5DCXmKQ9P,0
كنا     بـ  #ديمستوراصرنا بـ  #لافروفاللهم اكفيناهم بما شئت,0
انتشار الاسلام في اوروبا=دعم اليمين المتطرف من خلال انتخابات نزيهه ببرامج انتخابية معاديةللمسلمين واللاجئين بزعم الحفاظ على الثقافةالاوروبية,0
كيري : مطالبتي بالتحرك عسكريا ضد نظام بشار الأسد لم تلق آذانا صاغية#جريدة_الدستور #الاردن #اميركا #سوريا https://t.co/BYZmyKusC1,0
"""الدرك"" تحتفل بذكرى المولد النبوي الشريف https://t.co/7z3mPa6cZh جريدة الدستور https://t.co/k9hpGcLSLN",0
«الحشيش» يشعل الخلاف بين «حزب الله» ونظام الأسد https://t.co/qgOLjzaxqk https://t.co/qdO8PNRr9H,0
لاعب البولز جيمي باتلر احرز40 4مرات منذ الموسم الماضي حتى الآن،فقط كاري وهاردن وويستبروك وانثوني ديفيز و ليلارد فع… https://t.co/uklhDiA6oJ,0
اسحب كل كلامي السابق عن جستن بيبر والله انه اسطوره.,0
#اوبر_تراست بترفعلك سقف الاحلام ..بأحدث نظام ((بونص و جرانتي)) لشركه #اوبر1- دلوقتي هتقدر تحقق (بونص) يصل اللي... https://t.co/jdOQE2ENaq,0
RT @TheBaghdadPost: فيديو.. #زياد_السنجري: #إيران تستميل #الحكومة لفتح مدرسة #الخميني في سهل نينوى#بغداد_بوستhttps://t.co/KvOLPj3Et8 http…,0
30 إطلالة تثبت أن ميريام فارس هي واحدة من أميرات ديزني - https://t.co/zsZmnmEQ7v -,0
بعد انهزام رينزي في استفتاء ايطاليا اوروبا تتجه رويدا الي الشعبوية و اليمين المتطرف,0
"RT @Wesal_TV: #أردوغان لـ ""حيدر العبادي"" : الجيش التركي لن يتلقى أوامر منك فألزم حدك ، وأنت لست بمستواي ولست ندي وصراخك في #العراق ليس مهما…",0
مندوبة #الولايات_المتحدة في #الأمم_المتحدة: نرحب بأي هدنة في #سوريا لكن دون أن تكون مقدمة للعودة للقصف الوحشي,0
#اليمنية| اكاديمي اماراتي: #الميليشيات قتلت الهدنة في #اليمن منذ بدايتهاhttps://t.co/ZkD402SGtW… https://t.co/UAMstNKH62,0
#الاتحاد_الأوروبي يمدد فترة العقوبات الاقتصادية المفروضة على #روسيا ستة أشهر إضافية,0
ليته هاري بوتر بس الي يحتريني تحت كل شي من المسلسلات والافلام والانميات يحتريني تحت 😭 https://t.co/Elg5Hw8FYs,0
ده مش جيل 54 زى ما هيكل كان فاكر ده جيل 25 يناير ورابعة جيل العزة والكرامة والصمود صورة للأسود في الزنزانة …,0
انا لحد دلوقتي شايفة اسعار الوان الجواش من ٦٠ ل ١٢٠ والعيال بتلطم عندي في النيوز فيد الله يخربيتك يا سيسي الكلب,1
تغير ترتيب أشهر الشخصيات ليكون باراك أوباما فى الصدارة بدلا من خادم الحرمين الشريفين والذي إحتل رأس القائمة لمدة ...https://t.co/8ptAOSyNjB,0
الكاتبتان #أنوار_العتيبي و #سحر_بن_علي في زيارة لـ #دار_الفراشة #معرض_الكتاب #معرض_الكويت_الدولي_للكتاب #كتب #كتاب… https://t.co/AO5IQuxvJW,0
قناة روسيا اليوم/ مهنئا العراقيين.. #ترامب يتصل ب #العبادي ويدعوه لزيارة #واشنطن #اسأل... - عبر نبض @NabdApp https://t.co/0vFODNZ8YU,0
@iSaaso مايكروسوفت مع ويندوز 10 تسير في الطريق الصحيح نتمنى تستمر ولا تغير ما بدأت.,0
عايز تنافق أي سلطة وتلحس جزمها ده اختيارك لكن ليه زعلان أوي إن غيرك بيقول رأي مختلفمش كل الناس عندها ميول للتأييد أو النفاق زيكخلقة ربنا,1
RT @alsrkhyalhasany: #الصرخي_يردع_داعش_التكفيريالدواعش يدّعون الدفاع عن السنة وهم يقتلونهممقتبس من بحث #السيستاني_ما_قبل_المهد_الى_ما_بعد…,0
تحياتي يا بلد,0
اللهم لك الحمد حتى ترضى ولك الحمد اذا رضيت ولك الحمد بعد الرضا,0
بعتذر يا جماعه على عدم التهادى بيننا بمناسية المولد النبوي الشريف وبقول كل عام وانتم بخير بمناسبة المولد النبوي... https://t.co/QUkApY4Hvd,0
RT @Sport360Arabiya: إيجابيات وسلبيات إنريكي خلال مسيرته مع برشلونةهل إنريكي جدير بتدريب البرسا؟ https://t.co/Es5W9GSrgC#سبورت_360 http…,0
#الأمم_المتحدة: مستشفيات شرق #حلب باتت خارج الخدمة بسبب #القصف                    https://t.co/6kLLLUXTls,0
"#عيد_الأم أم صينية ""97"" سنة تعتني بإبنها ""60"" سنة المصاب بشلل رباعي منذ 19 سنة هو قلب الأم مهما تقادمت بها السنون",0
"الأب مانويل مسلم: ""منع #الاحتلال رفع الاذان في #فلسطين هو اعتداء على المسيحيين، المسلمون والمسيحيون سيقفون في... https://t.co/YSCvxq8Tvr",0
الاخوان حولوني للجنايات عشان كتبت تويتة بعد المقطم باقول فيها لما انتوا مش قد العنف بترغوا كتير ليه واتهموني بضرب 125 بناء …,1
حلب في كارثة إنسانية حقيقيّة!مركز جنيف الدولي للعدالة يرصد فشل المجتمع الدولي في حماية المدنيين وفي منع وقوع... https://t.co/BXlCQAfPAh,0
وصل الامر بمصر نائب كويتى يقول لرئيس مصر على الهواء: يا شحات مهانة ما بعدها مهانة رئيسنا شحات يا انقلاب العار يا اعلام العار,1
RT @sarafahmmy: اردوغان عامل حفلة صغيرة لبوتين المتوحش اللي بيبد الشعب السوري ،بس شكله كده معزمش خاشفجي على الحفلة  اتفضل يا خاشفجي المايك…,1
RT @RM4Arab: كاسيميرو : ريال مدريد لن يغير طريقة لعبه في حال لم أتواجد ، المباراة السابقة مثلا لعب كروس.,0
#أيفون_البروفيسورسبحان الله وبحمده...سبحان الله العظيم💜 https://t.co/7IBxYkNmdD,0
حل مشكلة إعادة ضبط Apple ID وكلمة السر https://t.co/s7BDUACi4e#ابل #ios10problems https://t.co/b0Wu1sr0YK,0
@rashed_25 السلام عليكم ابي انزل سناب بلس وعندي ويندوز 10,0
اثبت مكانك يا سيسي لا لأمريكا ومشروعها الإخواني الفاشل,0
@YT_POST @YouTube كلمة جميلة من سادس الخلفاء الراشدين الزعيم العربي  جمال عبدالناصر عن المولد النبوي الشريف,0
معدل البطالة بـ #الولايات_المتحدة في أدنى مستوى منذ تسع سنوات  https://t.co/eufDe6G4dM,0
#kuwait سولانج شقيقة بيونسيه تتصدر «بيلبورد» الأميركية - مشاهير: تصدرت المغنية سولانج نولز أخت النجمة الشهيرة... https://t.co/lcAFzic6a2,0
ماذا تفعل يا #فيدرر :Oحرام حرام و الله حرام :Pنقطة من النقاط التي يعجز اللسان عن وصفها <3 كوكب التنس نفتقدك :'( https://t.co/dPMsdX4s69,0
اهجم اهجم تقدم ودك حصونهم دك لا ترحم واسقهم سم علقم ودق الخشم لخدام اوباما#اليمن_مقبرة_الغزاة#اليمن_الآن https://t.co/suQIN0KX9Z,0
#ادلب : جبهة النصرة تتخذ اجراءات مشددة خوفاً من تحرك شعبي ضدها واقتحام مقراتها في مدينة ادلب وقراها وذلك على غرار... https://t.co/LmHIVQ3mYd,0
من الواضح ان الاحزاب السياسية في امريكا متفقه على ان تكون هيلاري كلنتون هي الرئيس القادم للولايات المتحدة... https://t.co/5xpNYy5K7A,0
إما أن عبد الجليل الشرنوبي كذب أو محمد مرسي كذب، شوف كده مين اللي ليه سوابق في الكذب وإخلاف الوعود واحكم براحتك,0
#مكياج_عيون على طريقة #بيونسيهhttps://t.co/6bAibLVvOB@Beyonce https://t.co/v7y5bCV6m0,0
بوب ديلان مغني شعبي امريكي اخذ نوبل للادب .,0
أبل تنشئ أكاديمية لتعليم تطوير تطبيقات iOS https://t.co/s7BDUAkHcG#ابل_والجيلبريك #iOS10TH https://t.co/O33lsqymgb,0
#فيفي_عبده_الام_المثالية # آش أقول واش أضيف مالك وصيف اغنية الروعة,0
#خاص – منافسة محتدمة بين #نوال_الزغبي و #عاصي_الحلاني #ليلة_رأس_السنة  https://t.co/0o7VfME7xH  @NawalElZoghbi… https://t.co/gQqxllXuaN,0
@hamam82 لو ناديت لاسمعت حيا لا حيء (حياة)  لمن تنادي  #حلب_تباد_بسكوت_العرب#الأمم_المتحدة,0
RT @yemenStreetnews: داعش لم ينعشها الا المال السعودي والقطري وكذلك فتاوى الاخوان والوهابيه ..قرضاوي قطر وال الشيخ مكه وبقية علماء السلطان .,1
فقط مد اليد والدمج في إطار القانون والسلمية والامتناع عن التوظيف الزائف للدين هي المضامين التي ستمكننا من الدعوة إلى مصالحة وطنية حقيقية,0
شال كروشيه بناتي 😍للطلب واتس 0504226607#كروشيه #كروشيهات #للبيع #بريدة #السعودية #الخليج #الكويت #للطلب #للتنفيذ… https://t.co/5E1xemN4FU,0
الخارجية الإيرانية تشن هجومًا لاذعًا على بريطانيا https://t.co/knjsZVD1mF,0
اغرب و أحدث اختراعات اليابان 2017  لن تصدق انها موجودة ! كوكب اليابان .94u https://t.co/GfGvArex01 #عادل_امام,0
@Godphobia1 @3lya12 @mm__ss55 @usten_moon انصحك نصيحة صار لك في غرب وقت اذا لماذا لا تستعمل غوغل وتتحقق اذا الغرب لم يعزك فصدق حتى المريخ,1
#سما_المصري لـ #ماجدة_واصف: دي غلطتكو انتو__#مصر #مهرجان_القاهرة_السينمائيhttps://t.co/uPLYDTGXh2,0
لرفعه أذان الفجر.. «إسرائيل» تغرّم مؤذّن مسجد في اللّد المحتلةhttps://t.co/E4vqGzmvIz#فلسطين #الاحتلال https://t.co/NqOyUzK88x,0
#الصين شريك خفى في كل جرائم #روسيا https://t.co/MQjOu3pyHr,1
#البنك_المركزي : #الصين تدعم #مصر اقتصاديا بـ18 مليار يوان#عاجل  https://t.co/T4wCzR6n5l https://t.co/XQUcoyfRIu,0
يحذر موقع #طقس_العرب هذه الليلة وفجر الأحد من تشكل الضباب الكثيف أحياناً في المناطق التالية :1- طريق المطار... https://t.co/Gol0pcMElr,0
RT @Alajmi78_F: 🔴ما أشبه اليوم بالبارحه #حمص قبلهاهذه أفعال بوتين وذيله الكلب لـ مدينة الأشباح #حلب والعالم يتفرج❗️الله غالب☝️#حلب_…,1
يعتبر الأسواني موقفه من شفيق لحظة فخر في تاريخه يمتد الفخر لأولاده وأحفاده عندما وقف امام صبي مبارك وكشفه امام الشعب فاضطر المشير الى طرده,1
RT @KR_3D: هل يعلم #اردوغان ان العراق امضى اخر 36 عاما في قتال الكرة الارضية بكل دولها ومسمياتها وان ابناء العراق اعتادوا على رائحة البارود…,0
"استمرار مأساة غرق شبابنا في محاولات يائسة سعيا وراء ""لقمة العيش""ما هي أسبقياتنا وأين نحن من أهداف الثورة : عيش،حرية،كرامة إنسانية ؟",0
حتى اللى حكتله عن اللى سابوك و قالك ان معاك مش هسيبك سابك هو كمان #مبقتش_تفرق,0
#ماذا_لو_المدارس_مختلطهلتفلتت القيم من ابنائنا كمايتفلت البعير من عقاله كفى بالله عليكم من الشعارات التي تثير حفيظة المجتمع المسلم,0
"@malak_alhusaini @aaaj2015 وانا ابي ايفون )""",0
#اخر #ساعة #يوم_الجمعة اللهم اني اسألك عيش السعداء وموت الشهداء والفردوس الاعلى بجناتك جنات عدن اللهم امين,0
هو مستفز لي مع اني رحت الحرم تلات مرات الحمد لله و ليس فقط لمن لم يذهب يا استاذي العزيز,1
@malak_alhusaini ملااك بالله انا ايفون ٧ مبلغ مالي ولا مبلغ من موقع امازون ولا نمشي شنطه ميكب اي شي ابي اجرب احساس الفوز لو مره تكفين😭😭💔💔,0
خاصية Doze للمحافظة على شحن بطارية الهاتف لأطول مدة ممكنه https://t.co/s7BDUAkHcG https://t.co/20RERmGwpv,0
@asd1410 @Annajaf12 @YouTube روسيا ايران امريكا اخرجت صدام من الكويت والنصر سجل للكويت سعد انتصر على الفرس وتقولن عمر برشلونه يفوزون ونحتفل,1
البابا شنودة الثالث كان وطنيا مخلصا ومصريا عظيما رحمه الله,0
@essamzأهل حلب خرجوا من أيام ولم يتبق بحلب إلا جبهة النصرة المسماة جبهة فتح الإسلام بقيادة الجولاني الإرهابي,1
RT @France24_ar: مباشرة على فرانس24 المناظرة الثانية للانتخابات الرئاسية الأمريكية  بين دونالد #ترامب وهيلاري #كلينتون الثالثة من صباح الاث…,0
@f32017 @Sesta_53 @AAeat9485 انقذوا اخوكم قبل البحث عن الخطا لانكم لن تجدوه في غوغل موساد اخر زمن ألقِ نظرة على تغريدة,1
🔹الثقافة القرآنية🔘 مولد الرسول الأكرم هو مولد للنور والعزة والهداية والكرامة والإباء والحرية.💚ذكرئ.المولد.النبوي.الشريف.,0
RT @maher772030230: #من_دمشق_هنا_صنعاء#مندوب_سوريالدى الأمم المتحدة كفوا دموع التماسيح ع حلبوابكوا بدموع حقيقية ع ضحايا #صنعاء https:/…,1
الأسواني يروي عن مؤجر شقة:أنا سأطرد صاحبكم لأنه قتل وكذب وغش ونكث وعوده وليس لأنه ملتح و > المقال كاملاً>,0
سيعلن جوليان أسانج مؤسس منظمة ويكليكس و من لندن عن فضيحة يقول انها ستحطم ☠هيلاري كلنتون و تنهي عائلة كلنيون. #تاسي #كويت #بورصة #فوركس,0
@qo8op @ameer5566771 @kasimf نعم خوارج لانهم خرجو على المجتمع الدولي نعم خوارج لانهم قاتلو ملل الكفر نعم خوارج لانهم حكمو شرع الله حسبي الله,1
الناس المؤمنين بالسحر كان لازم نوضحلهم ان هاري بوتر مو فلم وثائقي,1
الشيخ معاذ الخطيب “يبق البحصة ” على فيسبوك :شيطنتم الاسلام وخربتم سورية كأدوات لدول اقليمية https://t.co/GKJ3qzrfBo,0
مشاهير || باراك أوباما يشجع إبنتيه على الإلتحاق بالجيش:  صرح الرئيس باراك أوباما Barack Obama  يوم الأربعاء ... https://t.co/JW4mpMoIkJ,0
@eliaskhz والله ثم الله لاجيبك على وجهك لو انك في قلعة وادرين في لبنان او فلسطين جايبك جايبك و بعدها بعلقك و ادخل سيم مجمر في مكوتك يالكلب,1
الجامعة العربية تدين العمل الإرهابي بالكرك الأردنية https://t.co/UhbP3caImJ,0
يفضل شرب العصير الطازج فور الإنتهاء من تحضيره..!؟! بسبب زيادة فرص تعرض العصير للبكتريا عند التخزين. #ريال_مدريد,0
ويندوز 10 بمساحة تخزينية أقل من أنظمة مايكروسوفت السابقة https://t.co/EOyj5d2Mo6,0
"RT @Rasa171a: إسرائيل ""تصادر"" المياه من سكان الضفة الغربية   https://t.co/pTmmpDu3wJ https://t.co/v2pAvjwN6d",0
#جهزوا_سواعدكم فعهد ميشال عون هو عهد الشعب العظيم,0
"علي سبيل #الآآدمان القـاتل :- "" #ميرنـدآ_تفـآح #شيكولآآته #شيبسي [[ ]] "" لو بتحب حآآجة فيهم لآآيك :)",0
RT @qatnology: تطبيق الرسام الجديد القادم لنظام ويندوز 10 😍 https://t.co/3loNAX3xU2,0
#جزائر #فلسطين #جزائسطينرحلتي الى الجزائر قبل سنة بالظبط من اليوم وبعدها وراح يضل حب هالبلد العظيم وشعبه بكبر... https://t.co/yE3TXhECh4,0
انا رفضت وقف فيلم السبكي ورافضه لالغاء مشهد رفع مبارك العلم في سينا انتوا فاكرنها خطوبة وبتقطعوا الصور ده ايه القرف ده #مرار_طافح,1
وين مانروح بيطلع صوت الذهبية #نوال_الزغبي يا هيك النجاح والنجومية يا بلا 👌@NawalElZoghbi https://t.co/1PSkoozm3I,0
@lyhalana3 @AL__Faa غمضت، طلعت تشبه بيونسيه 😂,1
من ندوة مولانا مهنا المهنا في #معرض_الكويت_الدولي_للكتابفي #نادي_القانون_الدستوري https://t.co/umV9L8oXdn,0
إقتصادها خربان و حيانها جالسين يشعلوا شموع عشان خاطر جينيس 💅🏻 #إلهام #دونيا_خراب #الناتو #تحدي #أندريلي_بوريلي 🤘🏽,1
#لايف | هذا التطبيق يُخرج لك الخصائص السرية في هاتفك  #الأندوريد https://t.co/dJKp39Cs7M https://t.co/5OyJp36zMK,0
حتى المجانين  يستحوا على أنفسهم من هذا الذي نراه    الإسلام برئ منكم العقل نعمه الحمدلله ثبت عقولنا  على طاعتك  #شرك_الرافضه_في_عاشورا,0
"صحف #الصين تهاجم #ترامب واصفة إياه ""الدبلوماسي المبتدئ""#أخبار #أميركا https://t.co/s9aM3GocH9",0
#اليمنية| “طيبة” تدشن برنامج “طبيب طيبة الزائر 79” بالديس الشرقيةhttps://t.co/9FqqLicDz8#التحالف_العربي_سند_اليمن#جنود_التحالف_سند_لليمن,0
@AdelAliBinAli ميسي.,0
RT @q8: شاهد مراحل حياة الشحنات من موقع أمازون قبل وصولها إليك.#شي_مرتب 👍 https://t.co/AVA3CjaU8R,0
حكومة #مصر توافق على ترخيص 50 قناة تنصيرية بينما تغلق 20 قناة إسلامية! التنصير أحسن من الإخوان! …,1
1 فكرة المقالة حلوة وأسلوبك في توصيل الفكرة حلو كان ناقصها بس شوية أمثلة لتأكيد المعنىبس الله ينور عليك,0
بالفيديو: العماد ميشال عون يحقق أمنية شابة مصابة بالسرطان  https://t.co/F77Zy72hfR,0
RT @monther72: @aa_arabic لك الله ياعراق أين أوصلك حكامك بعد أن منحت العراق الأرض لأجدادالترك عندماقدمواهاربين من الإضطهاد الآن أحفادهم يتط…,0
#ماذا_لو_المدارس_مختلطهماسك بيدي اليمين الكتب☺️ويدي. اليسار ماسك بنتي يارا الله يخليه لي😂😂💔,1
قبل شراء شجرة عيد الميلاد عليكم معرفة الأمور التاليّة لتجنّب الحوادثhttps://t.co/0Dvi3lTp1Y#Christmas… https://t.co/lnBKIpsL2r,0
@nogoumfm @qq7736048 أكيد #عم_بحكي_مع_حالي لذهبية نوال الزغبي,0
"زيارة رئيس البرلمان""عقيلة صالح""لبوابة المخيلي التي تربط مدينة #بنغازي بمدينة #بطبرق. #ليبيا https://t.co/Vfd6VePju2",0
#الجزائر#كنزة_مرسلي تحتفل بـ #المولد_النبوي الشريف بطريقتها الخاصّة#kenzaMorsli https://t.co/uEyBWGBYgT by #BochraMami via @c0nvey,0
@Lolita_Arch 😁 😁 😁  ان كان كده خاليها تبعتلك وائل ومعاه اتنين رامي عياش,1
نهنئ إخواننا الأقباط باختيار الأنبا تواضروس بابا الأسكندرية وبطريرك الكرازة المرقسية بناء وطننا يحتاجنا جميعاً معا نبني مصر,0
الكياته كلها 💘💘💘💗💗💗💜💙#نادين_نسيب_نجيم #في_بيتنا_ضيف@nadinenjeim https://t.co/7Rn7NsasY5,0
@mimi_7678 بما ان #أوبر يغطي البكيرية حملي التطبيق وأضيفي البرومو كود u6ycjn76ueلتحصلي على مشوار مجاني..,0
#اليمنية| إستشهاد قيادي في الجيش الوطني في معارك #تعزhttps://t.co/Q9wvy8B5yO#التحالف_العربي_سند_اليمن#جنود_التحالف_سند_لليمن,0
استدعاء نوارة نجم ومظهر شاهين وممدوح حمزه للتحقيق معناه ان مناصرة الثورة اصبحت جريمة عند المجلس العسكري,0
اين خالد زين رئيس اللجنة الاوليمبية؟ صراخ وتهديد وشجاعة فى زمن مرسي من خاف سلم والجبن سيد الاخلاق,1
نموذج على مدى عبث القائمين على أمور البلاد #اخوان #مرسي #مصر,0
RT @q8: تغريدة «مصرية»بمثابة «ضربة قاضية» أحرجت «دونالد ترامب».. وكسرت أرقام «المشاركات»! #دونالد_ترامب#debate https://t.co/qfZWcUTCMp,1
سولانج شقيقة بيونسيه تتصدر «بيلبورد» الأميركية https://t.co/eTwyKhCiLy https://t.co/F8AWgzNMJW,0
كيوسك الصحافة | #كاسترو بطل للعديد من الأفارقةhttps://t.co/bGEXbm02Jw,0
RT @MouhamedSaber: تظاهرات أحوازية ضد إيران لمصادرتها أراضي جديدة بالجنوب https://t.co/MsvYWMFDHD,0
جولة #السوري الحر بدرعا || جولة مع أمير الإقتحام #جبهة النصرة في تل الجا: عبر,0
"كل يوم| فيديو- #عمرو_أديب يهاجم ""الشامبو"": ده خدعة وأنا عمري ما أشتريته https://t.co/w3agXY3BVZ",0
تتشرف #باري_غاليري بدعوتكم لحضور ومقابلة #نجوى_محمد #خبيرة_التجميل عند نقطة بيع مستحضرات تجميل #غوتشي يوم 30 سبتمبر… https://t.co/BZR1cRfaa1,0
الحكومة الألمانية تطالب روسيا بوقف الغارات على حلب https://t.co/wXrUszmFbs #Belgium #القدس #الخليج,0
التحرش الجنسي ظاهرة لا توجد الا في مجتمع همجي مختل القيم الدين عقيدة ومعاملة وليس فقط طقوس وشعارات يجب أن ترقي العقوبة الي مستوي الجريمة,0
سبحان الله بعد تغريداتي حول حزب الاصلاح انبرى مجموعةغيرقليلةبالدفاع عنهم وكلهم يصدرلي رسائله اعلمي انني لست اصلاحياوهولدودبالجدل سبحان الله,0
#لافروف: مبادرة #كيري بخصوص #حلب فشلتhttps://t.co/YTPWwbcLrE#سوريا #روسيا #أمريكا #فشل https://t.co/q19CCEkxSN,0
10-أخيرا فإن تدخل الأمريكان جاء لإيجاد موطئ قدم وضمن استراتيجية-إعادة التمركز-،وهو شبيه بتدخل الناتو في 2011 إذ لا علاقة له بالأهداف المعلنة,0
RT @alrowaishany: من أخطر الفيديوهات الخطيرة على الإطلاق.هيلاري كلنتون تفضح امريكا بصناعة داعش بدعم سعودي. https://t.co/3gdUqY4uqs,0
قصه قصيرة : عرف ربه فأحبه فعاش سعيداً,0
RT @memam8: وزارة الدفاع الروسية: أكبر مناورة عسكرية مع مصر لمكافحة الارهاب منتصف أكتوبر الجاري https://t.co/nzq0Ul94qH via @madamasr,0
Listen to يا توتة الدار #SoundCloudhttps://t.co/a52wSIF5rQيا توتة الدار صبرك ع الزمان ان جار لابد منعود مهما طول المشار يابا#فلسطين,0
"بعد مصادرة فيلم حلاوة روح, منع #سما_المصري من الغناء! متى يرفع مسئولوا هذه الدولة الوصاية على هذا الشعب؟ #لا_للسلطوية",0
واحد من ابطال هارى بوتر جاى فى فلاش,0
رامي عياش 👏🏻👏🏻👏🏻❤️,0
#طرب_تايم #ذكرى ياحبيبي وينك انت وين انا الكمان خرررررافي,0
عروض الخليج لحق لا تفوتك 5vn #EgyptAir https://t.co/5Ad823eiF3,0
ماعنديش مشكلة نقبل او نرفض القرض على اسس اقتصادية،لكن انك تلوي الدين عشان تحلل و تحرم هو ده اللي ينرفز,0
ما مشروعية الثورة وما الموقف من أولي الأمر بين الطاعة لهم والخروج عليهم وما أساس الخلاف بين فقهاء الثورة وفقهاء السلطة؟,0
RT @mo223322: يبركاتك يشيخ جسمي 😂😂ناوي على اي تاني 😂😂 انجلينا بتطلقبص بقي عليك وعلي سيسي لله يكرمك امدح قي من قلبك 😂😂 https://t.co/aXqpQga…,1
@HamadaShiba احمد الشيخ هيقولك حراق :D,0
RT @alex9_DR_CC_11: سبحان اللهاوباما عارف ان هيحصل حاجة في مصروهو عنده جوه في ماكدونالدز بولاية فلوريدااوباما عند بعد نظر يخليه يشوف مصر…,1
3 ماعنديش مانع انا بتكلم عن الفجر في الخصومة,0
مورينيو يراقب إنييستا الجديد https://t.co/xB9zpFTB5l #غزة #فلسطين,0
إيران: «الحفلات الوطنية» قد تطيح وزير «الإرشاد» https://t.co/uaekwmamdY https://t.co/eOefEqfLE0,0
RT @thowth__: @vnvnc  😏🔥هاري بوتر ستايل تجنن,0
أعجبني فيديو @YouTube على https://t.co/WWcUDKBTQ0 نوال الزغبي زفة طلت اميرتنا,0
"الجزيرة.نت: تفاعل واسع مع وسم ""#لن_تسكت_المآذن""... #إسرائيل #الاحتلال https://t.co/Rvv2MkMVP7 https://t.co/r3VJXrPQZT",0
النصب التذكارى الحقير الذى يتم انشاؤه الان فى ميدان رابعة سيكون اول شيئ يتم اسقاطه بعد اسقاط الانقلاب,1
"RT @althari: يمكنك معرفة كود اللون من خلال بحث جوجل اكتب ""hex color picker"" وسيظهر لك https://t.co/RyMn2irKMt",0
1540 _ عقاب المخرب هو القتل عند الحقراء عديمي الإنسانية فقط كفاية هذا المنطق الدنيء بتاع الحيوانات عقاب المخرب ليس جريمة قتل,1
#تشوركين ينتقد بشدة #فرنسا و #بريطانيا و #الولايات_المتحدة ومواقفها من الوضع في #سورية,0
رضا عبدالسلام: كلام دعبدالمنعم أبوالفتوح الاقرب إلى الناس وهو علامة من علامات مصر هو شخصية مصرية مضحية حتى النخاع,0
الوطن | العزل والرئاسة | عمرو حمزاوي:,0
#عطنا_تغريده_مهايطيه راشد الماجد و ميريام فارس وجورج قرداحي حالفين الا امرهم زيلامسي المشكله انه ماعندي وقت يالله افف .,0
ماكنتش متخيل إن إعادة نشر تعريفات الجاموس المحيط على تويتر بيخليها تنتشر كده مع إني كاتبها من 2005 ومابعدهكل يوم هانزل شوية كده بإذن الله,1
عنان كان دفاع جوي مع ان دايما رئيس الاركان مشاة او مدفعية الله يرحمك يا ابو غزالة، عبقري المدفعية في القرن العشرين,0
RT @24News__: مندوب الصين لدى مجلس الأمن: لا يمكن حل الأزمة في #سوريا دون القضاء على التنظيمات الإرهابية . #داعش #النصرة #جيش الفتح #احرار…,0
الذين يدعون ان هذه الثورة العظيمة هى انقلاب عسكرى يجهلون او يكذبون وفى الحالتين يهينون الشعب المصرى ويستهينون بتضحياته وبدم شهدائهم الأبرار,0
للزواج ارمــــــلة مقيمة جاده تقبل التعدد  https://t.co/48RHuYbbXe,0
وسائل الإعلام الصينية توجه تحذيرًا صارمًا لترامب   #ترامب #الصين  https://t.co/RJVNMkiSCj https://t.co/ria7mmh55V,0
"وأصبح تفجير البيوت وحرق عشش الفقراء ""أعمال قتالية"" في نظر الجيش المصري ! #سيناء #مصر #",0
فتحت فيسبوك تاني و رجعت اشوف سرطان جروبس البنات 😊,0
RT @al_tawalah: #شرك_الرافضه_في_عاشوراهذا هو دين شرق أوسط أمريكا الجديد التي تحاول تثبيته في المنطقة بدل دين الإسلام الحضاري..!🔞👇 https:/…,0
@REAMa_sa العيب ان نقول ان داعش تمثل السنه وهي تقتل اخوننا او ان حزب الله الحجاز يمثل الشيعيه وهو يقاتلنا الاٍرهاب لا دين له ولا مذهب له,0
RT @abo_naasseerr: #اهل_الذوق_للدعم#قروب_جنون_للدعم#عبير_للدعم  ياراقدا والفجر ينتحب الدمع من عينيه ينسكب ألم تسمع الأنباءَ عن حلبٍ ؟د…,0
لماذا جبنة #كيري مربعة و ليست مثلثة,0
RT @abood_RF_itti: أسطوره يشجع أسطوره 👏🏻مايكل جوردان يبتسم ويصفق ل روجر 😩❤️كانت ايام حلوه 😔💔.#روجر_فيدرر . https://t.co/JcGQp4U6Ki,0
تتشرف #باري_غاليري بدعوتكم لحضور ومقابلة #نجوى_محمد #خبيرة_التجميل عند نقطة بيع مستحضرات تجميل #غوتشي يوم 30 سبتمبر… https://t.co/BZR1cRfaa1,0
جوجل بيقول اتفق مع حد يخضك أو اتفرج على فيلم رعب 😀😀أ,0
"""النظام السوري لا يريد ان يعترف بأن هناك حدود للبنان، كما لا يريد ان يعترف بأن لبنان لم ولن يكون جزءا من سوريا!"". #جبران_تويني #استقلاليات",1
الله يخلي لنا هالضحكة وصاحبتها 😍😍😍😍💗💗💗💗💗🙏🙏 @nadinenjeim #nadinenassibnjeim #nnn #star #actress #نادين_نسيب_نجيم… https://t.co/eKM5uDh8xJ,0
لاحظوا حماقة الصحفي:*على الطريقة الجزائرية .. أنور عشقي: القوات السعودية أنقذت سوريا من الصهاينة* https://t.co/twknGr0gdO  via @,0
ضل حدا ما عمل ال #MannequinChallenge !!!!,0
دعا المجتمع الدولي إلى رفضها.. «البرلمان العربي» يدين التصريحات الإيرانية «العدوانية» تجاه اليمن والبحرين https://t.co/vF3NsW0YJT,0
انها قنبلة موقوتة استمر فى تطبيق قانون الطوارىء و خاطر بالانفجار,0
جماعةالوهم والطيبةالحقيرةالمزيفةوينكم من تفجيرات الجلاء ف #بنغازيولاتسمع خروف ولا نص خروف يتكلم عليهمأنتم متفقون مع الأرهاب وأعداء الوطن.,1
@AbduIrahmanSaud واحنا ضرينا المملكة في ايه  هذه مواقف موجهة لامريكا وتركيا وداعمين الارهاب ايش دخل السعودية,0
"صار موضوع الشواذ اوفر انه يحطو خبر انه ""ريكي مارتن"" يخطب حبيبه 😮 انه معقول صار عادي لهالدرجة الشواذ 😒 عرش الرحمان يهتز",0
"ان كان ""سكوت"" العرب هو ما ""يبيد"" #حلب فما الذي أباد ويبيد مدن #العراق #ليبيا #اليمن سوى الأنظمة العميلة في #الخليج؟؟#حلب_تباد_بسكوت_العرب؟؟",0
RT @FAlKassim: مراحل حياة شحنة ..موقع أمازون ..https://t.co/louG0fXoe2,0
#اليمن بيان جمهوري يطالب أوباما برد حاسم على الحوثيين: وزارة الدفاع الأمريكية (البنتاغون) أشارت إلى… https://t.co/yiKIqLVEUx #التحرير_موعدنا,0
مقال رائع للصحفي @mareb2009  احمد عايض عن كذبة اعتذار #كيري لــ #هادي وكذبه متحدث @USAbilAraby  واعلان الهدنةhttps://t.co/sJPJCmKRaB,0
أنتم تجعلوا من الناموسة فيل الإخوان تنظيم منتهي,1
#SuperMarioRun فقيرة مسكينة!!! مايمدي اجمع كم Toads الا اضيعهم 😂😂😂,0
#عاجل :#عرسال :عاصفة ثلجية تهدد حياة الالاف النازحين السوريين في منطقة #عرسال. #ماسة_الثورة_السورية,0
RT @RevSons: #بلحه_نيته_سوده  دراسة إسرائيلية: السيسي يسعى لإدماج إسرائيل  فى المتطقة العربية  https://t.co/tqvpPYwudk,1
@aziz27560 لا تسب اناس فيسبوك وممكن يسبوا والديك فتأثم اخوك,0
RT @MohAlkhatieb: غارات روسية على مدينة #حلب الآنالقصف لا يهدأ لا في الليل ولا في النهار,0
@EGYPTAIR صباح الخيرعندي تذكرتين اتعملهم check in وقررت اغير الحجز وانا خارج مصر ،، ايه الحل ؟ الرحلة اياب من عمان الى القاهرة 18/12 ٥ صباحا,0
خطورة تصويت الأمن لشفيق لو تأكد حدوثه انه سلاح سيتم استعماله في الإعادة ليأتي بالنتيجة المرجوة بدون تزوير في الصندوق واجبنا ان نتحقق فورا,0
[ فيسبوك ]تحديث BUCKAROO بصورة لكوانغسو و نارا من اجل الكريسماس ☃️ https://t.co/Clq3ybfkGr,0
ملهمش حل العيال دي 😎كليتنا الجميلة و القهوة اللي جنبها.#MannequinChallenge https://t.co/RJQ5GcyQ35,0
الحب اللى بيبقى ف #النور قدام #ربنا #احلى #بكتر من الكلام ف الموبايل بليل وانك #تستخبى من #اهلك,0
#الجيش_التركي يشارك في مناورات تدريبية في قاعدة التدريب التابعة لحلف #الناتو في العاصمة الجورجية #تبليسي بمشاركة وا… https://t.co/6DarjgNkQ1,0
اليوم السابع | كلاب بوليسية لتأمين #امتحانات #عين_شمس و #الجامعة: منع دخول المفصولين,0
في رايي الشخصي ... انه بعد تألق احمد الشيخ مع المقاصة كدة السنه الجاية الاهلي هيودي ميدو جابر اعارة للمقاصة و يأخد احمد الشيخ....  😂 😂,0
الطريقة الوحيدة لتعبرك امك فيا أنو تحكيا عالواتس اب -- #عشنا_وشفنا,0
#اتجنن واكتب على غلاف ورقة الاجابه (اوعا تفتح الورقه ارجوكارجوك) واكتب فى الورقه الي بعدها ( برده فتحتها يا حيواااان ؟ ),1
شبكة #تدمر الاخبارية ||تعرضت صفحة الشبكة على فيسبوك لبلاغات كثيرة مما اضطرنا لتوقيفها عدة ساعات وحل بعض مشاكلهاوسنتابع اخبارنا على #تويتر,0
RT @bassant_emam: #مصر_لن_تركععمو سيسي....أمي بتسلم عليك وبتقولك واحدة واحدة وانت بتغرقنا😂😂😂🏃🏃🏃 https://t.co/quj9sisBfs,1
@malak_alhusaini @foozrooz3824 الحمدلله والشكر كل ذا عشان ايفون,1
أعفيك من متابعتي لأنك إما لا تحفظ لسانك أو لا تحفظ لي حقي في الاختلاف لكني سأدافع عنك دوماً إذا ظُلمت شكرًا,0
RT @serag7777: @MansoOfficial @s_h_a_h_d   وصلنا لاقتصاد اسوء من سوريا والعراق ومن غير حربانجاز ده ولا مش انجاز يا متعلمين يا بتوع المدا…,1
على ما يبدو.. المنازل ستصبح ذكية هي الأخرى! وهذا ما تقدمه لك #غوغل لتحصل على هذه الميزة الحديثةhttps://t.co/HSd5fQABuL#أخبار#تكنولوجيا,0
RT @mujtahedalsiasi: يا سيسي هوا انته مش مواطن مصري دي مصر حاجه كبيره خصاره في واحد زيك قد لا تفهمني باللغه العربيه الفصحى فحاولت ان اوضح ل…,1
RT @nnnrt1: #عاشورا_للصيام_وليس_للبدع اعرف ناس رمضان ماتصومو وداخله هناتتريق عالمذاهب والعقائد مين انتم؟ ترا كلنا تحت رحمت الله شئتم ام أبي…,1
ﻫﻞ ﺗﻌﻠﻢ :-ﺃﻥ ﺷﺮﺏ الحليب ﻳﻮﻣﻴﺎً ﻳﺴﺎﻋﺪﻙ ﻋﻠﻰ ﺍﻟﺘﺨﻠﺺ ﻣﻦ الحليب ﺍﻟﻤﻮﺟﻮﺩ ﻓﻲ ﺍﻟﺒﻴﺖ ؟-ﺃﻥ ﺍﺳﻢ ﺑﺎﺭﺍﻙ ﺃﻭﺑﺎﻣﺎ ﺍﺫﺍ ﻋﻜﺴﺘﻪ... https://t.co/eBSwegyxpz,0
لو تلاحظون أن كل من نعى وفاة المقبور فيدل كاسترو هم من يجدون في الديكتاتورية ملاذهم ومأواهم #كاسترو,1
"يوسف الحسيني يفضح كذب قناة الجزيرة ويكشف تمثيل الاخوان """,1
منشن العنصريين و افضحهم ... أنا رح منشن دونالد ترامب ! https://t.co/NGQp3m7bCr,1
#ولاد_البلد #المنصورة #مصراوي أهالي #المطرية يتضررون من غرق #شارع #مدرسة النصر ورعاية الأمومة بمياه #الصرف_الصحي,0
استمرار تطور وتجديد كوادر التنظيم المسلح لجماعة الإخوان الإرهابية #السادة_المحترمون …,0
المحفوظة في خزائن في الخارج من جانب قيادة النظام البائد وسندان الملفات المحفوظة في واشنطن طيب واضح الثورة لم تكن ضد,1
بعد رفع إسمه من قوائم الوصول أي دور ينتظر الفريق #أحمد_شفيق ؟#مصر https://t.co/VpEPtu6w6Z,0
غوغل تتحكم في بيوت الناس https://t.co/JyHGY1ZQBh,0
RT @amer_alkubaisi: أوباما يكتب عن أخباره باسمه المجرد، وبعض السياسيين العراقيين يكتبون : قال المكتب الإعلامي للنائب فلان !!!,1
وكأن الله يهون علينا  في مصايبنا ربك كريم يا #بنغازي ❤️صيبا نافعا يارب ☔️,0
كوبلر يقترح اختيار رئيس جديد للحكومة الليبية https://t.co/E7A5IDLeMT #ليبيا #Libya,0
من باقي ما اقنعته يشوف هاري بوتر؟ https://t.co/HHcTOWn5di,0
@muhmad_ez يحل ف شرع مين يا امة الاسلام 🎶📣,0
مساعد جوجل الذكي لن يتوفر ضمن أندرويد 7.1 https://t.co/amOpxudUaA  #أخبار #تقنية #Tech https://t.co/TOAPGXSUPo,0
"RT @alkhaleejelarab: المخطط ""الأمريكي - البريطاني"" لابتزاز #السعودية عبر #اليمن  https://t.co/KD6jLBiVgtالرابط البديل https://t.co/DApsi…",0
@AElnagar207 انا عايزة رامي عياش 😍😍😍,0
#رايف_العتيبي هم لفاني ياسعد حزة عصير من بين خلق الله قلبي سطابه حتى بحياتي ياسعد عرقل السير اصبحت كني ميت من عذابه #عبدالمجيد العنزي,0
وفاة فيدل كاسترو.. الحداد يعم كوبا ونقل رماد الزعيم إلى مهد الثورة #كاسترو #الحداد #الزعيم #الثورة… https://t.co/BbHA8k7PPX,0
@DROS_ASEER 📚شرح أصول السُنّة للإمام أحمد✒الشيخ سلطان العرابي📍جامع الراجحي بأبها🕗عصر الجمعة ١٨-٢-١٤٣٨🕗وبعد الم… https://t.co/DqFHkhsqQ9,0
RT @youm7: #اليوم_السابع: المدرسة الأمريكية بالمعادى تزور انتصار أكتوبر لصالح إسرائيلhttps://t.co/iWQDIxfNdv https://t.co/303xJgjEyj,0
#اليمن دعس بالجملة على مرتزقة #الرياض بكافة الجبهات وخاصة بتعز والجوف ومئات الجثث داخل مستشفى الثورة بتعز https://t.co/ruZ0wx1EWO,0
جيش السيسي يهدم بيوتنا؛ لإقامة منطقة عازلة بين سيناء وغزة أين أقنية التصهين؟ لا ورواري العربية يلطم، ولا منتهاه,1
RT @Thamer_photo: تغطيتي المصورة لمباراة #السعودية و #استراليا .. https://t.co/kqZY9C4vw0ما نستغني عن دعمكم 😘😘 https://t.co/3W4zEO43a2,0
دونالد ترامب من اكتر الناس الغبية والمجهزة اللي في التاريخ 😂😂😂😂,1
ميركل : بشار الأسد هو المسؤول الأول عن وقف إطلاق النار في سوريا - https://t.co/tk7nP1ho8A https://t.co/4Ex0Cq4n9Z,0
معوض: ستبقى ذكرى #جبران_تويني حية في كل ضميرhttps://t.co/uGNZkJ6MtW#مين_قتل_جبران,0
مشاهد لعمليات إغاثة المدنيين الذين نزحوا من الأحياء الشرقية لمدينة #حلب إلى مناطق سيطرة #الجيش_السوري في #نقارين.https://t.co/2iFvnmQEvw,0
الحمد لله أن لي ربايغفر الذنبويقبل التوب حليمستيرغفوررحيمجبارعليمحكيم تعرف إلى الله بأسمائه وصفاته #أح…,0
"#نافذة_مصر | ""البنك المركزي المصري"" يوقع اتفاقية تبادل عملات بقيمة 18 مليار يوان مع #الصين#مصرالتفاصيل:... https://t.co/2GR1sqXTR8",0
حازم الببلاوي هراب ومتراجع ولا يستطيع تحمل المسئوليات وحكومته فاشلة #السادة_المحترمون …,1
@mobh_a @AHMEDGARNETT بالعكس، يجب التوقف عن إعطاء هؤولاء ما لا يستحقونه  البلد داخلة تقشف,0
قوات #الاحتلال تقتحم، بلدة العيزرية شرق #القدس المحتلة قبل قليل. https://t.co/xKBMEUVFI6,0
تابعوا الفنانة #ميريام_فارس في #حفلات_في_دبي_مول الليلة بالقرب من الواجهه المائية لنافورة دبي… https://t.co/jnFVw3MTZd,0
في حالة رجوع #احمد_شفيق فعلا ودا مستبعد ، سيحدث انقسام بين صفوف المعرصين ، وعودة قويه لرجالة مبارك. #احمد_شفيق,1
البرلمان العربي يطالب المجتمع الدولي برفض تصريحات #إيران العدوانيةhttps://t.co/D7Gs0veIBP#اطلقوا_سراح_المعتقلين_في_اليمن#الغد_المشرق,0
من ليلة الاربعاء حتى مساء الخميس ستتاثر اجزاء من بلاد الشام فلسطين خاصة لبنان غرب سوريا الاردن بتقلبات جوية باذن الله امطار وثلوج,0
انت وين تگدر للعراق اردوغان! ابو السكايبي ياهو الجاي ويريد يحتل العراق شكوو شعدنه😏 https://t.co/DxuD2KpNNj,1
قتلوه بسبب هذا القسمقتلوه لانه دعى للعيش المشتركقتلوه لانه يريد وحدة الوطن والمواطنينقتلوه لانه الاقوى… https://t.co/5wBaq14Gsm,0
البرادعي يستقوى بامريكا مرةاخرى و يرسل عصام العريان الي واشنطن شئ مقرف,0
ريجيني جديد؟ https://t.co/HaGWS4Br8M,0
انت مش مضطر تتجوز بالطريقة البضان دي انت بني ادم سواء كنت اجتماعي او انطوائي صدقني دي اسوأ طريقة ممكن تتجوز بيها #جواز_…,0
لم تغلق قناة الفراعين لانها الاكثر كذبا او فجورا ولكن لانها الاقل احترافية فى الكذب والفجور,1
@naji_demani @MousaAlomar يعني على اساس لو ما حلف الناتو والسعودية وتركيا وقطر كنتوا اساسن حسنتوا تسيطروا على مخفر,0
RT @imade13dz: 📹 مفاجأة كبرى تنتظر أمريكا في سورية .. ماهي ؟؟ https://t.co/YswMzhBjCk,0
#البرلمان_البريطاني يستجيب لمطالب المتظاهرين ضد جرائم #النظام_الإيرانيhttps://t.co/qs4EggEpyk#iran#الأمم_المتحدة… https://t.co/YfP8SUvb5V,0
شكرًا فرنسا لما فعلتيه من اجل حلب ولما تفعليه من اجل سورية . مواطن حلبي,0
#مبارك عنده أبناء و #مرسي عنده جماعة الوحيد اللي غلبان في البلد دي هو عدلي منصور تحسه إنه مقطوع من شجرة !,1
انتهاكات الانقلاب القمعية فى جامعة الاسكندرية وصلت مداها باصابات واعتقالات انقذنا يا عزيز يا جبار من طغمة الاستعمار,0
RT @TMZinArabic: تبقت ساعة وعشر دقائق على المناظرة الرئاسية الثانية بين دونالد ترامب وهيلاري كلينتون. https://t.co/GZE9GtcchA,0
#Echomoda “كيت بلانشيت” أول من ترتدي “غوتشي” 2017: قبل أن يسدل أسبوع باريس ستاره، كانت ... https://t.co/xEozjwxY63 #ازياء #فاشن,0
"اليوم.. عرض الفيلم اللبنانى ""بالحلال"" فى #مهرجان_القاهرة_السينمائى.. الساعة 9.30 مساء فى #مسرح_الهناجرللمزيد… https://t.co/FsFrSCxNVM",0
RT @Kalmuqdad: هذا ما خطب به مفتي بشار في #بغدادمفتي الأسد يخطب في بغداد.. ومشايخ السنة يرفضون لقاءه https://t.co/PpFwxRUH57,0
برضو نصف نهائي الرولان غاروس 2011 نولي وفيدرر لما فيدرر وقف انتصارات نولي وأشر بيده : انا الرقم واحد .. كانت مباراة بنت حرام,0
@algrien66690034 @HalabTodayTV ولذلك اصغرنا يفهم ويدرك ما يدور في الوطن العربي من مؤامرات ضدالبلادالمسلمةوجزائرتحت هيمنة فرنسا شئت ام ابيت,0
🔹الثقافة القرآنية🔘 ما يخرج أمتنا من مأزقها و هوانها و ذلها بين الأمم هو العودة الصادقة إلى الرسول ورسالته.💚ذكرئ.المولد.النبوي.الشريف,0
#ماذا_لو_المدارس_مختلطه كان نص الشعب بقي في المتوسط😂😂,1
RT @zaidbenjamin: جوش إيرنست: العراق دولة ذات سيادة وهذه أراضي ذات سيادة والتحالف ضد داعش يعمل هناك بدعوة منهم وسنواصل العمل بالتنسيق مع ال…,0
تم بحمد الله القبض علي عصام العريان شوف بالصورة,0
نقول للرئيس التركي ... #اردوغان_الزم_حدودك#العبادي_يمثل_العراق....,0
@anwarmalek روسيا تم استدعائها من الاعراب لغزو بلاد المسلمين...الم يستلم الرئيس بوتن سيف النصر من بعض الحكام,1
هل عمرك قابلت حد بيفهم وفي نفس الوقت بيدعم المتأسلمين عن قناعة مش للمصلحة؟,1
#مليارات_العمره_علي_هوي_مصركل ماجاء طاري السيسي ذكرو اردوغان   . . ! قاتل الله السياسه التي ذهب ضحيتها الشعوب العربيه سواء بالذبح أوالشتم,0
ندوة دعلاء الأسواني الليلة السابعة مساءً بالمقطم التفاصيل >>,0
من احتفالات عيد #الميلاد المجيد في قرية #المغار في الجليل #فلسطين المحتلة. #Christmas celebrstions in al #maghar... https://t.co/pJsUFbpzLW,0
اعلام النظام السابق مازال قائماً : البلطجة الفكرية أقوى أسلحة اجهاض الثورة ماذا يحدث ؟!,1
ما اسخف مطاردة الارهاب و هو في مجلس الأمن ! #لافروف,1
سبوتنيك: الخارجية الفلسطينية تدين قرار تفعيل الاستيطان الإسرائيلي: دانت الخارجية الفلسطينية، اليوم الاثنين، ق... https://t.co/RP6yXPeMH0,0
"حال الرئيس #ميشال_عون يقول:""اللي نطر سنتين ونص كرمال الرئاسة وما تراجع بينطر  كم يوم زيادة كرمال الحكومة..""",0
أكبر خسارة خسرناها في ظل نظام مبارك هي الثروة البشرية,0
منزين عيالنا عشان تصير مختلطه مب ناقصين حومة كبد . #ماذا_لو_المدارس_مختلطه,0
11 فبراير كان يوم نكسة #ثورة_25_يناير لما سيبنا الميدان وروحنا مش 30/6 ولا 3/7 ياريتنا كنا سمعنا كلامك يا شيخ حازم #انا_حازم #مرسى_رئيسى,0
@AJArabic داعش. https://t.co/Itd6uMtzDj,0
ليسوا خوارج فقط بل أيضا منحطين وسفلة العثور فى طريق مطار بنينا #بنغازي على لغم مزروع داخل عمود إنارة كانت قد... https://t.co/6JXmDYSuPQ,0
@GwadyM  اتق الله و أدعو إلى التصالح والتسامح بين المسلمين واترك الخلافات لله وتوقف عن التحريض المذهبي فهذا لا يخدم إلا أعداء أمة الاسلام,0
5 أسباب لماذا جوجل google  ألو أفضل من الواتس آب ( ميزات لن تجدها في تطبيقات المحادثة https://t.co/AlpVsxZTEk,0
اقل هديه يقدمها جماهير المايسترو روجير فيدرر له هو تصويتهم له ليضل الاعب الأكثر شعبية للمره 14 على التوالي رغم ابتعادة معظم فترات هذا الموسم,0
RT @A822822A: معكم الملاكم المهاجر العراقي : أبوحمزه♦️♦️نعم قال الحق الذي لايروق للخونه.!!#العراق #بغداد #البصره #النجف #كربلاء #البحرين…,0
يله احد يتزوج ويجيب ميريام فارس بزواجه ويعزمن,0
ثاني احلى شي بالحياه هو ان هاري يلبس بدل من ماركه غوتشي😍 https://t.co/c3kQqs7MPU,0
يا أيها المغيبون,1
🔘 كان رسول الله (صلوات الله عليه وعلى آله) أعظم وأنجح قائد عرفه التاريخ.💚ذكرئ.المولد.النبوي.الشريف.ir 💚,0
@ciic_2 كنت ميريام فارس على غفلة بس طبعا تعرف احنا يسموونا ياام كعشة مو زي ميريام صارت مشهورة بشعرها😂,1
الحريري: إيران رأس حربة التخريب في سوريا والعراق واليمن https://t.co/ogUX3L4U2R #اليمن #Yemen,0
RT @MuHammaDBakkar4: فيصل القاسم : لو الموضوع هو صراع لماذا لم تتجرأ روسيا وتتدخل في العراق أو ليبيا؟ تدخلت روسيا فقط في سوريا بضوء أخضر أ…,0
كسرنا حاجز الخوف: دستور يجهض حقوقنا و حرياتنا هو دستور سنسقطه اليوم قبل الغد قوتنا في إرادتنا,0
لقد قامت الثورة وضحى الاف المصريين بحياتهم من اجل استعادة كرامة الانسان المصري داخل مصر وخارجها اين وزير الخارجية اين عصام شرف,0
وفضحت #حلب العرب والغرب  المتشدقين بحقوق الإنسان والحيوانحلب كشفت عور العرب  ولكن يقين بأن النصر لهم #حتما_سننتصر#ستبقى_حلب#ستنتصر_حلب,0
"#إخوان باعو,,,#عسكر خانو!",1
نوال الزغبى دى كانت مزة المزز.😍,0
RT @Sir_Mohammed11: مع المنتخب•اجمالي الاهداف:كريس(66)ميسي(56)•الرسمية منها:كريس(52)ميسي(29)•الودية منها:كريس(14)ميسي(27)•الا…,0
3 شكرا للتعديل,0
#المولد_النبوي_الشريف .... النبي محمد يوحدنا,0
"#هاشتاج | تصحيح للمقطع المتداول ""أذان داخل كنيسة بالقدس""!#لن_تسكت_المآذن #القدس #فلسطين https://t.co/fF2BREWyy9",0
RT @yase10_elmasre1: @n777n1111n777n @alrotayyan يا اخوي سالم لاتلوم علي منبطحين اردوغان فهؤلاء ليس لهم ان ولاء لاوطانهم ولكن ولائهم للقواد…,1
احلى لعبة بالآيفون 😍#SuperMarioRun https://t.co/UhNgwjR17g,0
@Ser_Arthur4 كاتي شخص عاطفي صعب يعترف بافضلية مسلسل او فلم على الانميات .. يذكرني بنفسي قبل لا اتابع هاري بوتر مع انه تابع ضعف اضعافي,0
تنمية بشرية - 3 دقائق للتأجيل والمماطلة #ماذا_لو_المدارس_مختلطهxatoildb.thshttps://t.co/WH2pPoi0UX,0
RT @TravelerPedia: حديقة لا سيوتاديلا parque de la ciudadela من أكثر الحدائق شعبية في #برشلونة. https://t.co/2jZZ8xBT2u  #موسوعة_المسافر ht…,0
~ما تنسوا غداً ملكة المسرح ميريام فارس في حفل جماهيري أمام نافورة دبي مول الساعة 9 مساءً 🕘 🎀👸… https://t.co/miBsaVATPi,0
@ramadanjready @SaudiLinks روسيا فشلت في محاولتها الاولى وستفشل مرة اخرى، اما عملائهم هذا ديدنهم، سل ابن سينا عن خيانتهم.,1
#اليمن #قوات_التحالف#عسيري انتهاء الهدنة وعدم التمديديا حسافة مشوار #كيري اللي راح خسارة#كيري تحركات لانقاذ قطاع الطريقلكن لن يتم ذلك,0
يا مصر للطيران يا فشلة.وكل شوية تقولولي هانبلغك وماتبلغونيش حتى بعد ما تحدد معاد، زي ما نص الناس ماعرفتش معاد الط… https://t.co/NXbdA97b6n,1
@Lionel__FCB ياخي ترا نفس سالفة ميسي مع ذا المنتخب ، وش ذنب المدرب إذا اللاعبين زلايب ؟؟؟!!,1
مظاهرة بباريس لطرد إسرائيل من الفيفا https://t.co/adUmqWEAtP,0
جنرال روسي: #ايران و #حزب #الله يثرثرون ولايحاربونhttps://t.co/JVVFWBHddm. #عرب #الخليج #مصر #عراق #لبنان #كويت  #دبي #قطر #السعودية #عمان,1
شعرت بالحزن أثناء زيارتي للكنيسة بعد أن تحدث معي العديد من الأقباط عن إحساسهم بالظلم الواقع عليهم كأقلية في مصر,0
RT @Dralnoaimi: ايران دولة تصنع الارهاب و تخدم مصالح اسرائيل الاستراتيجية  و تؤجج الاصطفاف الطائفي https://t.co/OleQYPozUX,0
#مصر #مرسي #رابعة #مكملين #انتخبوا_العرص محاضرة فى السعودية لتعليم العبودية باسم الدين وفى آخرها سحب على آيباد !!! …,0
اقل هديه يقدمها جماهير المايسترو روجير فيدرر له هو تصويتهم له ليضل الاعب الأكثر شعبية للمره 14 على التوالي رغم ابتعادة معظم فترات هذا الموسم,0
@aoibaraa @Arab_Allkpop ليش هي لحجيه غره مزيته لبس ما يزبط إلا ع بيونسيه خرا عليها وجهها شوي يشفع لها,1
باراك أوباما يلتقي ليوناردو دي كابريو الشهر القادمhttps://t.co/ZHcLOghAiq#Obama#white_house#LeonardoDiCaprio https://t.co/iW68pjjOth,0
#الجيش_السوري يسطر بشكل كامل على #السكن_الشبابي شرقي #حلب.#سوريا #النبأ_للأخبار https://t.co/nT47XuT2ZY,0
#عدو_مصر_الاول_هو من لم يدعوا على بشار و بلحة وكل مؤيديهم اللهم صب عليهم العذاب صبا #ستبقي_حلب,1
الواد لمــا يكبر ح يبقى سيسي ....  شوية البزازات دي  أنا عاوزها  ... https://t.co/IdJ1CMINS6,1
♫ #استمع الى ”قلبي وجعني“ من رامي عياش على #أنغامي  https://t.co/2Rv51tt6tT,0
هذه هي نتيجة تخريب عقول مشايخ الفتنة لعقول المصريين ياخفي الألطاف نجنا مما نخاف,1
"RT @hassanalishaq73: #اردوغان  محدثا""حيدر العبادي انت لست بمستواي والزم حدك 😂😂😂😂 معاه حق..!! https://t.co/GYyKsADdVB",1
@Mohsn_ahli البطولات لن ولم ومستحيل ان تكون مقياساً للافضل ، جزمة جيرارد بتاريخ لاعبين بريطانيا كلها #مقولات_سعد,0
انشاء اختصارات للجمل التي تستخدمها كثيرا أثناء الكتابة في الأيفون https://t.co/s7BDUAkHcG#أيفون #تطبيقات_ايفون https://t.co/9S9qe0zamu,0
@BuHumaid10 @MSY991 ما تغير شي بالعكس شالوا أشياء مهمه 😒 اممممم جوجل بكسل فيه شيئين رئيسيين عنه (أفضل وأسرع اداء ، وأفضل دعم وأسرع تحديثات),0
اخبار صباحية هبوط البورصة اليومى وتراجع مؤشرها الرئيسي وخسائرالمستثمرين الباهظة بكره تشوفو مصر,0
#عادل_امام #شاهد_مشفش حاجة https://t.co/0WefItuS2y,0
@FtayZen داكشي اللي كاين.. تشك إت أون غوغل! حنى تنسميوه هرْمى.. داك لي تيديروه ف العيد الكبير!,0
#عمرو_أديب قال كدا أمبارح والله 😉 https://t.co/JMMbJoLOiq,0
@AlawiYousef @aliaj52 يا ويلهم من بوتن,0
@AhmadAlenezi1 @kwetihaa دخلت غوغل طلع كلامك عدل 🌹🌹🌹,0
علامة الصرصار بدون تفويض ، تمكن السيسى من قتل 230 شهيد وإصابة 896 ، واغلاق عدد من الفضائيات والصحف واعتقال,1
بعض من ملفات الناتو القذرة https://t.co/7sgCLfvSuA,1
"#وكالة_رويترز: #أحمد_شفيق مرشح لـ""#الرئاسة ""بأمر #ابن_زايد و#الإماراتبعد الرجوع من اطول""عمرة"" https://t.co/Htm6fZOcdo",0
تقرير||#الدوحة تحتضن لقاء حلف الأطلسي -#الناتو- ودول مبادرة #إسطنبول لتعزيز التعاون مع #الخليج_العربي .… https://t.co/0A9cIkfloa,0
المزاج الان يحتاج مباراة لروجر بمستوى 2007 بصوت الكابتن عادل يا محلااااته😍 رووجر فيدرر ولاااا غيره 😴,0
RT @jerrymahers: #سعد_الحريري يتهم ايران بتدمير #سوريا والتورط بدماء شعبها ويتوعدها بأن اصوات اطفال #حلب ستظل تقض مضاجع القتلة! #جيري_ماهر,1
RT @Fres7m2n1: لم يمر في تاريخ #أمريكا هوان وذل مثل ما مر ويمر فيها في عهد #أوباما!الكلمة الأولى للروس الصين تُهينه الفلبيني يشتم أمهو…,0
RT @DidYoKnowSport: - الظاهره رونالدو حقق الكره الذهبيه مع ثلاث انديه مُختلفه ( انتر ، برشلونة ، ريال مدريد ),0
@popaLaNtel جمعتنا طرشتهم تقيلة وحطين بيضنهم فى التلج ما بيتحركوش الا لما النصايب تهل واهى بدأت تندع فى الاعلام الغربى على موضوع السرنجة .,1
#لبنانيارب يارب طهر لبنان من عملاء ايران والمجوس.,0
اللهم عليك بالظالمين #لافروف,0
ندى قررت حكومة #هشام_قنديل زيادة أسعار الغاز و الكهرباء و إليكم ردود الأفعال • عمرو أديب كل دى زيادة …,0
RT @baduasahra: رغما عن هيلاري كلنتون (infowars) وترويج المغرب لسحب زامبيا لإعترافها ب #الصحراء_الغربية ، الرئيس الزامبي يؤكد متانة علاقات…,0
RT @NirvanaMamdouh: رد فعل الناس في الشارع لما المذيع اشتغلهم ان #هيلاري_كلنتون انسحبت من ترشيحها للرئاسة و #ترامب بقى هو الرئيس 😅 https://…,0
يوم للنسيان في #بنغازي,0
طاح القدر يا #ليبيا عارفين,0
قولوا لي انتم مين بقى ما سوا كومباك كل من هب و دب سوا كومباك عدا توني ون كأن واي جي ملبسهم عباية هاري بوتر السحريه 🔥,1
#وينن#حمله_دفي#نسم_علينا_الغبا#DWTSME#فقير_ومن_حقي4 ديسمبرFellainiبيت الوسطالجامعه اللبنانيهLiverpool… https://t.co/o5VSScON23,0
#عادل امام معاهم معاهم عليهم عليهم ‹☺›,0
"بعض الناس يتميزوا بالثبات على مبدا ""عدم الثبات على مبدأ""",0
أمين عام حلف شمال الأطلسي: عدد من الضباط الأتراك طلبوا اللجوء في بلدان في الحلف#تركيا #الناتو #السعودية https://t.co/YJsutj6PG3 #جوال_من…,0
@malak_alhusaini @aaaj2015 تكفين يا ملاك انا تكفين حالتي ماتسمح اشتري جوال ابي ايفون تكفين😭😭😭😭,0
يا مرسي يا خاين يا عميل، عيالك الأمريكان قتلوه,1
يسعدلي كل أوقاتكم ♡بليز لا تنسوا تصوتوا للنجمة #نادين_نسيب_نجيم على هالرابط ك أفضل ممثلة لبنانية وملكة جمال لبنانيةhttps://t.co/Il3dZEVcFv,0
ألف صورة لألف شهيد من شهداء مجازر الانقلاب الدموي في #رابعة و #النهضة و #رمسيس و #الدقي …,0
موسكو تكثف اتصالاتها مع أنقرة وطهران لبحث التسوية السورية https://t.co/9RQfdgcdzl,0
كيف ما الناتو حرر ليبيا https://t.co/X4iFIYHiaO,0
"صاحب قناة الفراعين للمصري اليوم: ""أنا ملك التوك شو"" خبر صحيح و وصف دقيق طيب الله أوقاتكم",0
اخيراً .. كل تقنية جديدة تظهر لنا يكون فيها مساؤي ويكون فيها محاسنلكن اعتقد ان فكرة أوبر وكريم وفرت خدمة مميزة للمجتمع،،،#اوبر#كريم,0
@AlMasryAlYoum من هو رئيس كوريا الشماليه !؟هل هو رئيس دكتاتوري كما يصوره الإعلام الغربي أم هو رئيس ناجح وعادل و محبوب من شعبه؟,0
جماعة معارضة #سورية تعلن بيعتها لأخرى كانت تابعة لتنظيم #القاعدة https://t.co/tzun5KdCnA,0
@Pooh172013  انا فاهمة بس ميجبليش نموذج لبنان المنقسم على روحوا و يعملهولى مثل يحتذى بى #عمرو_اديب,1
@aawsat_News الارهابي #لافروف مساعد الارهابي #بوتن يريدون ان يصيغوا #حلب على هوى دكتاتور #دمشق .. يقتلون ويهجرون ويدمرون والعالم يتفرج,1
عاجل | https://t.co/bQaBXsdsyF: الجيش يدهم تجمعات النازحين السوريين في زغرتا ومزيارة وايعال...,0
"#90دقيقة | معتز بالله عبدالفتاح""المناظرة الاخيرة فى صالح #هيلاري_كلنتون... https://t.co/vRZSD0ttys""",0
شارك الرابطة معلوماتك عن ـجامعة #ليفربول#جامعات_بريطانيا #الرابطة_السعودية_بريطانيا https://t.co/FXv7ZqFmHo,0
@SaeedUtd انته شفت مسود الويه ريكي مارتن 😂💔,0
RT @SyrianCoalition: #فرنسا وكي مون يدعوان لإحالة جرائم الحرب في #سورية إلى الجنائية الدوليةhttps://t.co/WvNAzWvNFf#سوريا https://t.co/id…,0
@LUHG18LUHG هذه حدثت في عهد ابن همام في عام ٢٠١١وبحث بسيط عبر غوغل ستجد الكثير والكثير! https://t.co/6HgVsydUO3,0
#موسكو و #بكين تطلقان طائرات منافسة لـ #بوينغ  و #إيرباص #اسأل_أكثرhttps://t.co/3Q8qCrc7cj https://t.co/y2bcrTzFxP,0
@shbah_28 تعرضت البلوك منها من قبل رمضان يعني تخيل من شهر رمضان حتى الان ماشالت الحظر عقابها مرة قاسي,0
لو كل #زملكاوى/ه قعدو يشتمو فـ #ميدو واللعيبة أنا مقدر ظرفكو ماشى وأحب أقولكو عندك 21 فريق تانى ممكن تشجعهم يا كــمك بس متشتمش #الزمالك :/,1
@iSaaso مايكروسوفت مع ويندوز 10 تسير في الطريق الصحيح نتمنى تستمر ولا تغير ما بدأت.,0
بالفيديو عاكشة: والله هيفاء وهبى ست مش طرية واللى يتجوزها يبقى خد خازوق #مصر #توفيق_عكاشة,1
ألقاكم بعد ربع ساعة من الأن في برنامج (الحياة اليوم) على قناة الحياة، للحديث عن قضية الإساءة لرسولنا الكريم، صلى الله عليه وسلم,0
رحيل #كاسترو: انقسام #الصحافة، انقسام الرأي العام بقلم: كرم نعمة https://t.co/jOGsDCiuv1,0
RT @aleqtisadiah: «جوجل» تزاحم «أبل» و«مايكروسوفت» بتقنية المساعد الشخصي https://t.co/2ynYorJ0AT,0
"حاطين جاموسة ع الجوازات بتنادي ع الخواجات كده: ""بِس بسبس بس"" حاجة تعر",1
اخبار برشلونة اليوم Monday 10/10/2016 : بيكيه يثير الجدل مجدداً بسبب قميصه “الكتلوني” https://t.co/ltIoxibRng,0
#التحرير | القبض على اثنين من سماسرة الهجرة غير الشرعية في كفر الشيخhttps://t.co/Eru8Wal74m https://t.co/vWrSQhpWqU,0
اللهم امطر على قبر #محمد حسين جمعه وعلى قبور جميع موتانا وموتى المسلمين من سحائب رحمتك يارب اللهم اغسلهم بالماء والثلج والبرد,0
@Ahmed_ALHasani ويندوز 10 ممتاز بس جلب مشاكل واجد في لاب توب منها الاضاة الي حلتها ومنها انه الجهاز يعلق على فترات اذا تركته من دون استخدام,0
#هل_تتزوج_وحده_تكشف_وجهها لو كل واحد عايز يتجوز سأل السؤال ده البلد كلها هتبات في الشارع #عادل_امام,1
مزامنة جهات الاتصال في هاتف الأندرويد مع حساب Gmailhttps://t.co/J8Kc9X0SBv https://t.co/rR0j9QIVE8,0
"احمد الشيخ عن احتفاله علي طريقة المانيكان ""قلت انزل حاجه جديده مصر بقي ""..",0
احسن ميلف فى مصر #فيفي_عبده_الام_المثالية,1
يبقى الكلام دائما أرخص من الدم، ويبقى الفقير هو الضحية المفضلة، وتبقى مصر كما هي تحب ولادها مقتولين، ولا حول ولاقوة إلا بالله,0
"كتلة المستقبل.. التأخير يعطل تحقيق انطلاقة قوية للعهد​عقدت ""كتلة المستقبل"" النيابية اجتماعها في بيت الوسط،... https://t.co/CeCu2IIwBF",0
RT @ahlalsunna2: #سوريا :الجيش السوري الحر يسيطر على قرى براغيدة والشيخ ريح والبل وجارز بريف حلب الشمالي بعد معارك مع تنظيم داعش,0
RT @AJArabic: شاهد | #أردوغان للعبادي: أنت لست من مستواي ولا من قيمتي.. الزم حدودك! https://t.co/M0cDfZjnio,1
RT @M_S_Asiri: @UNRadioArabic هل ترك السيد بانكي مون كل ما حدث ويحدث في سوريا، العراق، وفلسطين من جرائم بشرية فادحة وينظر الى السعودية في ا…,0
RT @AlghamdiProf: #هاهم اليهود يدرسون التوراة حتى داخل اقسام الشرطة بينما يطالب رموز العلمانية عندنا بغلق حلقات التحفيظ ونبذ الاسلام بزعم أ…,0
@ashraaf_alsaad دعم دول الخليج للجيش في مصر ضمانه للحفاظ على مصر لكن في سوريا اقليه علويه تذبح بالسوريين السنه  قبل ان يحملو السلاح,0
المضمون الوحيد لإعلان مرسي الدستوري هو استبداد رئاسي مطلق، مصر أمام انقلاب مرعب على الشرعية وسيادة القانون واغتيال كامل للتحول الديمقراطي,0
"اثنان وثلاثين سببا للتصويت بـ ""لا"" على مشروع الدستور",0
@AJArabic هههههههههههه اخ يانا يا ستي ههههههههيانهار اسود عامله برنامج عن اليمين المتطرف في النمساواستضافه أشرس واوسخ واقذر يمين متطرف,1
العبوات الناسفة والسيارات المفخخة مسرحيات هزلية عفا عليها الزمن ولم تعد تؤثر على الرأي العام نقول للسيسي كان المالكي أش…,1
#ستبقى_حلب ستبقي حلب رغم أنف كل العرب,1
أستنكار دون تحرك لا يجدي وعلى علماء المسلمين أن يعلنون النفير للجهاد في وجه بوتن والبيت الأحمر  …!… https://t.co/iBf23XFpNJ,0
فيدرر روديك ويمبلي ٢٠٠٩ #افضل_مباراة_تنس_شاهدتها,0
#الولايات_المتحدة شرطة نيويورك تنشر فيديو للص يسرق عبوة  تحوي 39 كجم من السبائك الذهبية ويفربها بمنتهى السهولة https://t.co/qeWpNu1w3B,0
"RT @emad_AlMudaifer: #السعودية تمتلك ترسانة وسائل للرد على ""#جاستا""  عبر @AlArabiya ـ https://t.co/JoHrdSz6Ix https://t.co/O5aUUpKIvi",0
المتحدث باسم #حماس حازم قاسم: لم نتلق أي دعوةلحضورالجلسةالافتتاحيةلمؤتمرفتح السابع، وفي حال تلقت الحركة الدعوة سيتم دراستها لاتخاذ قرارمناسب,0
المايسترو روجر فيدرر  https://t.co/tbyFehqx2A,0
RT @M__albugaily: من غرائب الشرق الأوسط .. يؤيدون مصر في محاربة الإرهاب في سيناء ويعترضون على محاربتها للإرهاب في سوريا .. وعندك واخد خشري…,1
https://t.co/X6fpxzUSo1 باستخدام تطبيق اشحن تستطيع شحن رصيدك، التحقق من الرصيد! #SuperMarioRun https://t.co/W5dzO9r6oU,0
ختمة رمضان في جامع الهجرة بمحافظة الخرمة https://t.co/5y3ME9sCyX #إسلام #فكر #تاريخ #أدب #بوح,0
@ychromosomej @Giant7_ @the_hudaa @a1mid @SbasbjH @Alskb_ @Its_omz @faisal__p2 @h_1900d غلين بك بوق من ابواق اليمين المتطرف (الصهيوانجيلي),0
ياأهل #حلب لكم الله ، لا ناصر لكم سواهالنصر آت لا محالة وبقاء الظالم مستحيلاليوم منها تخرجونو غداً تأتونهم بجيش… https://t.co/DBNCzulWUV,0
RT @OKAZ_online: جائزة نوبل في الكيمياء لرئيس الفريق البحثي لمدينة العلوم السعودية https://t.co/ZtLIN5sDHV#عكاظ https://t.co/cgtMjRBnRs,0
الصحف المصرية: «الزنازين» تودّع 82 سجينا بعفو رئاسي.. وفشل هدنة #كيري في #اليمن https://t.co/8wurnOt2Z1 #مصر,0
الجزء الثانى ضاعت العراق وضاع اليمن وضاعت ليبيا ومن قبلها السودان والصومال وفلسطين فإجمعوا ما تبقى من أشلئنا حتى نس… https://t.co/T0RkME74pf,0
الى اي قاع تدنت دناءتكم يا ايها المجتمع الدولي المنافق ...#حسبي_الله_ونعم_الوكيل #حلب_تباد_ادعو_لحلب ..مالنا غير الدعاااء.#الدنيا_اغرتنا,0
حياتنا السياسية بها استقطابات حادة بعض من صوتوا لحمدين وأبو الفتوح سيصوتون لمرسي أو شفيق، وآخرون وأنا بينهم سنكون في معارضة ديمقراطية,0
@_De5tiny_ قدني اتخطيتو و قاعده اقرا كتاب هاري بوتر 🌞,0
يا كلاب ...#بنغازي #دولار #طرابلس #ليبيا https://t.co/uTqNncOghb,0
كيف نفهم الحراك الشعبي في #الأردن مؤخرا ضد اتفاق استيراد الغاز من إسرائيل؟  https://t.co/1Q6BoBkK0F,0
احمد الشيخ🙈 #احتفظ_يااهلي_بالصداره,0
روسياتريداخراج الثوار والسكان من بلدهم حلب وارسالهم لأدلب لتصفيتهم هناكشرقي حلب سيكون تؤام قروزنيصلف بوتن سيجعله منبوذآبافعاله امام العالم,0
شكرا جزيلا,0
اليوم..عرض فيلم #البر_التانى ب #مهرجان_القاهرة_السينمائى لمناقشة الهجرة غيرالشرعية..واقبال جماهيري على التذاكرللمز… https://t.co/XeM0Ua7dPj,0
ثورة وانتصار ونصف قرن من الحكم وبناء دولة #شيوعية وتحدى لأمريكا وصداقة مع جيفارا.. هذا هو #كاسترو .. كيف ترونه؟… https://t.co/eQPohhRLvV,0
@MALAK41126يخرب بيت كل من ينكر دور الخليج مع النازحين السوريين وعلى رأسها الإمارات يا جاهل,1
"RT @zalowini: وأخيرًا نطقت الصحف الغربية‼️المِرُرتايم البريطانية في صفحتها الأولى بالأمس ""متوحشون"" وتتحدث عن الإرهاب الروسي والمجرم بوتن ف…",0
""": يضاف اليهم البرادعى ضمير الثورة"" طبعا",0
اشاعةمن اشاعات الفيس بوك,1
ولاية #الفرات  ولاية #حلب  خريطة تكشف تقلص بقعة سيطرة داعش  https://t.co/psmIesnVjY `,0
RT @a_aImohanna: في ليلة فاقت الوصف من جمالها يٌحلق في سورة غافر الشيخ عبدالله الجهني ليلة ال٢٣ من رمضان ١٤٣٢ هـ https://t.co/Qxvy84qcMr,0
سيدي الفاضل اعلم جيدا ان #دحلان_عميل و #ضاحي_خلفان إنما هم كلاب ضالة أطلقها أسيادهم,1
: نتهم عصام العريان وحزب الحرية والعدالة بإحداث فتنة وقتل وإصابة مصريين ,1
د أبو الفتوح : مشكلتكم تحتاج لقرار ادارى والحكومة الحاليه ضعيفة لدرجة انها لا تستطيع اتخاذ قرار ولا بد من سرعة,0
اخترنا لكم ::: انفصال أنجلينا جولي عن زوجها يسحق الجنس في غوغل https://t.co/xw1O7PB38B,0
"@aghaniaghani @RamyAyach بتستاهل دائما"""""""" بالتوفيق والنجاح رامي عياش",0
نوكيا تعود من جديد مع هاتف أندرويد منافس لسامسونج - https://t.co/GLgYjn9eH5 https://t.co/ka278kOcHR,0
الرئيس الحريري يستقبل وزير خارجية #كندا في بيت الوسط ويولم على شرفه https://t.co/B7vwUkTl00@saadhariri,0
الإخوان انتقلوا في ظرف نص ساعة من تكذيب خطاب البنك المركزي لأن النهارده السبت إجازة البنوك إلى تحليله لإثبات انه بيأيد كلام مرسيألا تنبهرون,1
RT @mohd_albishri: 🔴منتخب العراق الطائفي القميء ترك كل الملاعب العربية وذهب يلعب مباراته مع تايلند في طهران .. ليؤكد انسلاخ العراق من عروبت…,1
#رحلة يوم #عائلية إلى #استديوهات #هاري #بوتر حيث تم #تصوير #أفلامه. #لعشاق #الأساطير انها #الرحلة #الأمثل https://t.co/SAjYuV3kbn,0
كيف يمكن مسح الشرائط التى سجلت جرائم العادلي لماذا كان العادلي يضحك بسعادة اثناء محاكمته اتمنى الا تكون إجابة السؤالين واحدة,1
عندما يستمر القضاء في التحقيق في بلاغات عبثية تهدف الي تشويه المعارضة وتنتهي بدون معاقبة مقدميها فنحن ننضم بإمتياز الي قائمة النظم البوليسية,1
“تفاصيل” بعد مهاجمة دونالد ترامب شركة فورد شركات السيارات تتوجه لفتح مصانع لها في المكسيكhttps://t.co/eFm8e2fjKE https://t.co/x4KskiV1PZ,0
RT @Abdullah_iApp: هداياكم  وصلت  14 ايفون 7 واللون اسود لانه هو المطلوب الان فقط متابعة ورتويت وتدخل السحب ومره من تويتر ومره سناب…,0
@Jbr_poltic @SYR_REV_M بالله عليكبعد كل يللي صار و انكشاف حجم تآمر المجتمع الدولي و حمايته للنظام و إجرامه  حضرتك مقتنع بعدل هالمجتمع,0
قريباً..ملكة الإحساس #إليسا ضيفة عمرو اديب في برنامج #كل_يوم_جمعة يوم #23 ديسمبر، على قناة #OnTv @elissakh https://t.co/3iaHv5V5VR,0
ريكي مارتن يعلن خطوبته من فنان سوري !أحلى صهر ولله .,1
@MohamedHnid امريكا من تدعمكم وتمدكم بالسلاح لمحاربه المجاهدين في سبيل اللهصبرا صبرا يامرتدينيامرتزقه حلف الناتو كلاب حفتر,1
"#إبراهيم_الجارحي:""الحقوق مسألة موضوعية وليست محل آراء.. وليس لدينا استطلاعات حول الفريق #أحمد_شفيق تحدد لنا شعبيته""#أربعة_زائد_واحد",0
"#بنغـــــازي...القــوات المسلحة تقوم بعمليــة كبيــرة الأن بالمحور الغربي أطلق عليها عملية ""شهداء تفجير الجلاء""... https://t.co/ueZuA70hEJ",0
@saadhariri  الرئيس  #سعد_الحريري في ذكرى  #جبران_تويني:  نبقى موحدين دفاعا عن وطننا، وفاء ل ١٤ آذار ٢٠٠٥ ولكل شهدا… https://t.co/6SMnzbGAgY,0
هل سيكون هناك ورش عمل في جميع دوائر الإقتراع لشرح الدستور ومعنى كل مادة لكل مواطن أمي؟ ولا هتمشي عبده فهلوة ومحسن فريكيكو؟,1
حدث | أمين عام “الناتو” : لا أرغب في حرب باردة جديدة  https://t.co/Zr7DQ1AWCW https://t.co/Zk1z7JZdpV,0
"سورية: ظهور ""القصور الكلوي"" في مضايا وبقين بسبب الحصار https://t.co/iKWaWFvedx",0
مقيمة جاده و لامانع  من تعدد الزوجات  https://t.co/oY5NouPmpT,0
ويندوز 10 لما بيعمل ابديت بخرب بدل ما بحسن,0
@Taqsed عندكم اقساط جوال ايفون 7 كم سعره وكم اقساط شهريا,0
#سباق_الأخبار  الطفلة الحلبية #بانة تتفوق على #كاسترو وحفتر وعباس حتى الآن https://t.co/hEFTCuTDVI,0
RT @1_gentel: نداء الى الاخوة في فتح الشام اتستراد حماه حلب ان لم يفتح للامداد وتبديل نقاط الرباط ستسقط القرى والمدن وتهجر وتهدم,0
اليمين المتطرف سيحكم الغرب👆🏼وسيعاني المسلمون هناكلكنه سيؤدي إلى تدخل الغرب ضد روسياسلبية السافل اوباما قتلتناhttps://t.co/MCQ4Sp1C4H,1
@feras33106129 @Abedsa @hassam680 يعني قصدك المناطق السنيه في العراق مو تابعه للعراق ؟,0
فلتذهبوا الى الجحيم #الحرس_الجامعي,0
يخي ويندوز 10 عنجد فخم 👏👏,0
إن إنتخاب الجنرال #ميشال_عون رئيسآللجمهوريةتم خلأفآ لإرادة الطبقةالسياسية الحاكمةوالمستبدةوماقبولهم به إلا اقرارأ… https://t.co/TCootq72nQ,0
#سوريا #ريف_اللاذقية اشتباكات بين #الجيش_السوري و الأرهابيين عند محور #كباني وسط قصف مدفعي وصاروخي يستهدف نقاط و مواقع الأرهابيين.,0
تحليل مصطفى محمود وحجم المؤامرة من أوربا وأمريكا ضد الإسلام في 2016 . - https://t.co/w4kygz14NC https://t.co/ImDDxgdC3D,0
#افضل_مباراة_تنس_شاهدتها#فيدرر ضد #نادال 2006 نهائي روما .. اعتقد انها اجمل مباراة فيها لمحات في تاريخهماhttps://t.co/E38kfxU4aO,0
https://t.co/UcXgaY44sV أوباما ينسى هاتفه في البيت الأبيض ويركض لإحضاره (فيديو),0
عاجل اليمن - تعرف على أسرع هاتف أندرويد في الولايات المتحدة - عاجل اليمن - تعرف على أسرع هاتف أندرويد في الولاي... https://t.co/54kt0rBjEo,0
ونعم بالله العلي العظيم ما تزعلش يا عمووووووره لاحسن يطق لك عرق #عمرو_اديب الزمالك في مصر (هااااااالك)هذا قضاء… https://t.co/yEFSFkeono,1
من يفهم في القانون اكثر من الفقيه الدستوري الدكتور ثروت بدوي والدكتور عاطف البنا والاستاذ جمال عيد كلهم أيدوا قرار الرئيس بعودة البرلمان,0
حفلين في مصر لـ #رامي_عياش ليلة رأس السنةhttps://t.co/VB1DKmvK35#البوابة #مشاهير @RamyAyach https://t.co/efDN5slGqm,0
في هذا الأسبوع من قرأتلك، مقال لجلبير أشقر، وكلمة بوب ديلان لجائزة نوبل، ودراسة لعزمي بشارة. https://t.co/CLcYzrKvRv,0
عن #الفرح #اللمة #الخروج #ضحك_السنين #الغني #التصوير #اللف_بالعربيه #الشارع #للصبح #الخبرة #عمر_المسخرة #الانبساط يوم فشيخ,0
@arabicfashi0n جنها جستن بيبر,0
#عاجل| #لافروف: المشاورات في #حلب أصبحت قصة بوليسية وإذا رفض المسلحون الخروج منها سندمرهم #سوريا #روسيا https://t.co/YiDE9LkMO6,0
هي نفسها حركة ستوب #MannequinChallenge,0
اعلام العار يكذب كالعادة لتشويه صورة الرئيس مرسي مسئولو السجن يؤكدون انه لم يطلب أى ميزة او استثناء دع الكلاب تنبح,1
"ماذا كشف #تيم_حسن عن ""الهيبة"" وثنائيته مع #نادين_نسيب_نجيم؟https://t.co/b67Ism8mz5@TaimHasanActor @nadinenjeim https://t.co/ormeYpkJ2S",0
RT @TravelerPedia: مطعم نافيرا navarra في باسيو دي غراسيا أحد الشوارع الرئيسية في #برشلونة. https://t.co/1tCGYpZdwJ  #موسوعة_المسافر https:…,0
#توران يُعلن رفض برشلونة 50 مليون يورو من الصين للتخلي عنهhttps://t.co/esxlaHOmex@almaghribtoday,0
هورموزلو كبير مستشاري عبد الله غل: #تركيا عملت على استثمار العلاقة مع إسرائيل لنشر السلام والاستقرار في المنطقة… https://t.co/BKAv96Dvkv,0
يخون #الإسلام ويخذل المستضعفين من #المسلمين في #سوريا ولا يرحم الأطفال اليتامى والنساء الثكالى والعجّز ويقول #مصر_لن_تركع! عمرها ما صلّت 🙏🏼,1
"#بلدي: تصوير جوي لوكالة ""رابتلي"" الروسية، يظهر جانباً من الدمار الهائل بحي #بستان_القصر في #حلب الشرقية #سوريا… https://t.co/SsmlXurSgw",0
https://t.co/y9VEwQqbpa  <== ||| #قحبه  #دعارة #سالب #متزوجة #زب_كبير  # العراق #الرباط   #فلسطين #جدة,1
ضبط 6 أشخاص ينتحلون صفة ضباط بجهاز الإرهاب القومى https://t.co/lyrSQqQI0O,0
"#بنك_التسليف : تمويل لمشروع تمليك الشباب سيارات تصل قيمتها لـ150 ألف ريال للعمل بها في ""#أوبر"" و""#كريم"" قريباً.… https://t.co/kWdyak7d5h",0
حركة الاستقلال في كليفورنيا تعلن استقلالها عّن الولايات المتحدة الامريكية وتفتح سفارة في موسكو؟! https://t.co/OZCy5GhETr,0
الهوىٰ لملم عناقيده #فيروز 💕,0
أوكي وبعدين؟ #SuperMarioRun https://t.co/ZiElkw6HTG,0
إلا أولادي وأمهم وإلا شرفي الشخصي والمهني أنا مقتنع بالقانون الذي أصدره مجلس الشعب ولن ترهبني مثل هذه الحملات,0
كانت طائرات الناتو تقصف مواقع الشعب المسلح ف المعسكرات والجبهان مع لحظة ارتفاع ادان المغرب ف شهر رمضان لقد كانوايقتلون الرجال ويستهزون تبع,0
الانقلاب كشف مئات الحقراء في السياسة والاعلام والاقتصاد والفن والرياضة، لكنه أضاء لغيرهم طريق الحرية شكرًا سيف عبد الفتاح,0
#ستبقى_حلبما بقيت لا اله الا الله تزلزل عروش الطغاه,0
كارلو أنشيلوتي : عندما غادرت ريال مدريد قام كريستيانو بدعمي على العلن ولكن أكبر دعم قدمه لي على الإطلاق هي أهدافه وكونه مِثال جيد للفريق.,0
بالفيديو: هكذا سقطت #سما_المصريhttps://t.co/tmxSayDFix#snobonline @SamaElmasryy#سقوط#مشاهير… https://t.co/CR7Rtw1AYC,0
فعلا لو #دونالد_ترامب تولى مقاليد الحكم في أمريكاحتنقلب الدنيا هناكفعلا محد يطيقهأسوأ مرشح عدى في تاريخ الانتخابات الرئاسية الأمريكية,0
أدين بشدة تقديم كل صاحب رأي أو ناشط سياسي للمحاكمات العسكرية علي المجلس العسكري الالتزام بتعهده بعدم إحالة المدنيين لمحاكمات عسكرية,0
ملوك الاناقه والفخامة طبعاا قميص غوتشي لابس تاي تاي😊😀😀 https://t.co/l61kPhg9Tj,0
#اليمنية| #الإمارات ترسل قافلة مساعدات جديدة إلى #لحجhttps://t.co/vld7OUBCZc#التحالف_العربي_سند_اليمن#جنود_التحالف_سند_لليمن,0
@oamaz7 @KHALED_KJO @Abmalgarni اليمني ما استخدم خرايط غوغل والا كان صاد القاعدة!استخدم خرايط آيفون 😜😂😂😂,0
المؤامرة الحقيقية على مصر هي إعادة إنتاج الاستبداد بإجراءات متسارعة، الآن ينقل نائب عام عينه الرئيس مستشارا جليلا تعسفيا لرفضه احتجاز أبرياء,0
حقيقة 2: خامة صوت آخرين غير حليم وإمكاناتهم درجة أولى لكنهم بالجهل و الكسل حولوها إلى درجة تانية درس عظيم لمن يتفكرون #,1
@habebroh4 @NeroSRKgirl  ياسيدتي مستر غوغل لا يترجم كل شيء بدقة,0
"RT @AJArabic: رفع مئات الأردنيين في المسيرة لافتات كتب عليها ""النور من العدو ظلام"" و""غاز العدو احتلال""https://t.co/v0Rxu3uKVg",0
د أبو الفتوح : مشروعي يتركز في أربعة محاور، أولها الاهتمام بالتعليم والبحث العلمي لان هذا هو الباب للتقدم ونقل,0
الإعلان عن جائزة أفضل كتاب عن #فلسطين بالإنجليزية في لندن https://t.co/cWFU5o8wsD,0
RT @MarkaVIP: ادخل عالمًا من الأناقة والجودة الإيطالية مع غوتشيتسوّق الآن: https://t.co/EXjKjBAzIN#ماركة #قوتشي #الخليج #احذية #تسوق #Mar…,0
#فيروز، صوتها لا ينحني لأحد | محمود الزيباوي https://t.co/2C4LyBj0dA,0
تغريدة إطمئنان ...هل الجميع ⁧مفلس؟!#ليبيا,1
صورة من كواليس إحدى حلقات برنامج (قصة الأندلس) المنتظر عرضه في رمضان القادم يمكنك مشاهدة برومو البرنامج على,0
RT @zzyzoom: عند زيارة المجرم بوتين لتركيا ولقاءه مع اردوغان#المفك وباقي شلة الاخونجية #حريم_السلطانلا ارى !لا اسمع !لا اتكلم ! https:…,1
#الناتو: ضباط أتراك في الحلف طلبوا اللجوء بعد محاولة الانقلاب على #أردوغانhttps://t.co/v4PBVcyB9D,0
اجتماعان ثلاثيان لوزراء دفاع وخارجية #روسيا و #إيران وتركيا في موسكو الثلاثاء  https://t.co/IBEUdWvpVO https://t.co/MpF0YZK7S0,0
"حلقة فيها لفتة للشهيد ""جبران تويني"" ليك مين بين ضيوفها !! مسخرة !",0
"RT @France24_ar: استوديوهات ""مارفل"" تنتج سلسلة قصص مصورة بطلتها امرأة سورية من مضايا https://t.co/HjQtUeaurZ https://t.co/JmGLPCCZf8",0
13 قتلى وأكثر من 450 مصاب في محافظات مختلفة، هذه مقدمات كارثية لاقتتال أهلي حذرت منه دوما وينبغي رفضه ومواجهته، كل الدم المصري حرام,0
#عاجل#اليمن #تعز#مصدر_عسكري يحدث الان وقوع اسرى من مرتزقة #السعودية بيد الجيش واللجان في #تعز,0
RT @m6rwan_: ميسي يضيع بلنتي وينكبهم ويطير اللقب وماسكيرانو ينكبهم في مبارتين ثم البرشلوني يحطها في راس الضعيف هقواين💔,0
ستون عاماً وفي لبنان أخوة لاجئين فلسطينيين، ولم يكن لهم وزيراً لشؤونهم!لكن الأخوة النازحين السوريين حظهم مع الحكومة نار#نخترع_وزارة_لوزير,1
اعلام العار تفرغ قبل غانا ومصر لشحن الناس للاحتفال ربنا افسد احتفالاتهم لم يحزنوا لخسارة مصر حزنوا لان فرصة نفاق كبيرة راحت عليهم,0
مستوطنون مسلحون يتجولون برفقة قوات #الاحتلال في البلدة القذيمة لمدينة #الخليل يوم أمس,0
ريتويت يافنان,0
RT @rahimmoheby: #إيران.. تعطيل شركة « فروآلياج إيران» الصناعية في مدينة ازنا..https://t.co/5qZWdV7Cg6  https://t.co/sUNLtGOlgz,0
ربما تنفس العالمُ قليلا الصعداء مع الهواء الذي هبَّ من النمسا. على الأقل مازال بإمكان بعض اليسار في العالم هزم اليمين المتطرف,0
عمرو عبد الهادى : المواطنين الشرفاء بتوع #الداخليه زي المحامين الشرفاء بتوع #سامح_عاشور و زي اﻻعلاميين الشرفاء بتوع #نجيب_ساويرس,1
هل #الاخوان هم من سرقوا البلد وباعوا مؤسساتها وشركاتها وثرواتها للصهاينة؟هل عقدوا صلحا مع دولة الكيان الصهيوني؟هل خنقوا…,1
__ 1 _ يعني انت مش متابع بس بتشتمني احتياطي؟,0
RT @daralakhbar: اتهامات لحملة كلينتون بسرقة شعار بشار الأسدhttps://t.co/28fxDFUIKj https://t.co/BATErhbE5z,0
#سألوني_الناس_عنك_ياحبيبي.....أطفأت اليوم #أيقونة_الطرب_الملائكي_العربي #فيروز شمعاتها الواحد و الثمانين....العمر… https://t.co/fhRkrYe1e6,0
يحسب للرئيس مبارك انه حكم مصر وهى تتحدث عن نفسها وبعد ربع قرن من الحكم جعلها تتحدث مع نفسها #بلال_فضل,1
#مصر | #مريم_حسين تسقط على السجادة الحمراء في #مهرجان_القاهرة_السينمائي https://t.co/N4LvOG5JzM,0
بل إن الله تعالى أقسم بها حين قال (وليالٍ عشر)، وهذا وحده يكفيها شرفاً وفضلاً، فإن العظيم لا يقسم إلا بعظيم فلا يفوتكم الأجر العظيم,0
RT @sheikhabuqatadh: ٢-من الذي دخل مع السيد الأمريكي القادم على الدبابة إلى العراق في طائفة عمهم بريمرثم الآن بحسب شيخهم القديم يعدون أحذية…,0
السعودية ومحاولات التنصل من مجزرة الصالة https://t.co/MnDswOY0dO,0
#اليمنية| #المفلحي: القيادة اليمنية الشرعية رئاسة وحكومة حريصة على عملية السلامhttps://t.co/rB5pXEu86y… https://t.co/hg3BBYMK8n,0
"RT @ArgaamIM: بالصور: ""#أمازون"" تحتاج لدقيقة واحدة فقط من العمالة #البشرية لشحن الطرودhttps://t.co/KW9uoPT1SQ https://t.co/Kl1f11Uo5n",0
هناك حيوانات متحرشة و في المقابل جهود متطوعين لمقاومتهم و ناس نازلة و مش خايفة و ملايين ضد النظامتركيز الاخوان بس على التحرش قصر ديل,1
#اللهم زد أحبتي #عفواً وعافية وتوفيقاًً وسداداً وصلاحاً #وأحفظهم من كل سوء #صباح الخير,0
RT @ALAMAWI: #حلب : #الجيش_الحر يفجّرمبنى تتمركز داخله قوات النظام في حي #سليمان_الحلبي بمدينة حلب و أنباء عن قتلى وجرحى في صفوف النظام.,0
أعلن #التحالف هدنة لمدة 48 ساعة أعلن عسيري فشلها وعدم تمديدها خرج #كيري مجدداً ليثير الجدل ويعلن عن #هدنة جديدة بموافقة جميع الأطراف.,0
حبيت الساعات اليديدة من غوتشي 😍 خاصة الصنقل .. موجودات في موقع غوتشي ترومون تشترونهم اونلاين..… https://t.co/yFxX0raMm5,0
#فيروز لا يوجد في معجم الكلمات من يستطيع منها ان يصفك https://t.co/eTZgceu3rk,0
دفع إيهام الاضطراب عن آيات الكتابويليه منع جواز المجازللشيخ العلامة الشنقيطي.#معرض_الكويت_الدولي_للكتاب.السعر… https://t.co/1eDuVSpN05,0
الغاء الاعلان الدستورى المكمل الذى كنا ضده منذ لحظة صدوره خطوة ايجابية ، لكن نرفض انفراد الرئيس وجمعه بين الصلاحيات التنفيذية والتشريعية معا,0
شاهد واستمع ايه اليمني الحر الشريف ماذا يفعل الحوثيين بأطفال اليمن واغتصابهم وفعل اللواطهذا مذهب الخميني https://t.co/EaG5UFhFzz   #اليمن,1
ارمــــــــــــلة سورية مقيمـــــــــــــــــــــــة تـــبحث عن ابن الحلال  https://t.co/U5jBf7yliA,0
#بوابة_الوفد  مصرع 7 مواطنين في حريق غابات جنوب #الولايات_المتحدة   https://t.co/w51qgUILYb https://t.co/EYlCHIDvQV,0
الشاب اليمني مقتحم مباراة ريال مدريد وتشيلسي يكشف عن نفسه وما فعله رجال الأمن معه . - https://t.co/kDOCBPABTQ https://t.co/oeAreM8DEJ,0
القرار سوف يعلن خلال الايام القادمة بعد التشاور مع الجامعة العربية و بعض الدول الخليجية و بعدمطالب شعبيةتطالب الرئيس بقطع العلاقات مع قطر,0
يعني مثلاً مبسوط إنهم بيتقتلوا وبهرج على الموضوع ده؟ جايز تكوني فهمتي كده لو متربصة بس إنما بدون تربص المعنى واضح جداً,1
RT @RebelleAhlem: ياو روح تقود يا بوكيمون انت وامم المتحدة انتم سبب ما يحدث باليمن و ذنب كلبكم النجس المجراب ربي ينصر اليمن على بني جربون…,0
RT @caba000: اذا كان الاٍرهاب اختراع صهيوني أمريكي..فالمصنع في السعوديه والممول من قطر والسعوديه والمادة الخام من كل دول التخلف الاسلامي..,0
عبدالناصر الخائن الاكبر #الاخوان_المسلمون,1
بغض النظر عن جنسيتك ولونك وانتمائكقطع الله يدك ولسانك وشل اركانك قبل ان تبرح مكانكيامن تقوم بتفجير السيارت المفخاخةقولو امين.. #بنغازي,1
"اعلام العار يعترف بالحقيقة ويعلنها: البلد بقت ألعن من أيام مرسي فى كل حاجة, هو انتم لسه شفتوا حاجة, التقيل ورا",1
غوغل تتحكم في بيوت الناس https://t.co/JyHGY1ZQBh,0
RT @CadmusTV: الملخص للمناظرة الاولى... https://t.co/uN3dNVxRSL#المناظره_الثانيه  #كلنتون #ترامب  #هيلاري_كلينتون #دونالد_ترامب #المناظرة…,0
RT @saadalbreik: على الإعلام أن ينشر في كل دول العالم براءة المملكة وتورط إيران في الإرهاب #جاستا_العداله_المزعومه | #وصال | #مباشر,0
فخور أني مصري اولا و اخيرا,0
@MediaPmoffice @YouTube ولا اي تحرك حتى في اتجاه الاعلام و لما لا توجهو الرسائل الى وسائل الاعلام الغربي,0
#افضل_طقم_لروجر_فيدررأستراليا 2012مجررررررررم  https://t.co/wcUyd5u2kN,0
انا حاسس ان التناكه شويه تانى هتوصل بالناس هنا وتقولك راعى فرق الفولورز اللى بينى وبينك لو سمحت !!,1
إسرائيل تستعد لـ «الغفران» ورام الله تعيد المستقيلين https://t.co/LjIoYpRhA9 https://t.co/eEmM7ewrzG,0
سلفي جديد للنجمة الذهبية #نوال_الزغبي @NawalElZoghbi  .. 😍 https://t.co/M5QaKVAN3F,0
مدري ليه امازون هم الوحيدين اللي عجزت احفظ الباسوورد حقي عندهم🙄حرفيًا كل دخول اطلب استعادة 😂,0
في اول جولة الإعادة دعا الأسواني لجبهة تدعم مرسي بشروط الثورة فلما رفض الاخوان شروط الثورة دعا الى المقاطعة ومواقفه كلها منشورة وهو فخور بها,0
لا ولن أوظف أبدا عمل الخير للانتخابات أو السياسة دعوت للتبرع للخير قبل رمضان واستخدمت تويتر وفيسبوك كوسيلة للتواصل وليس لمغازلة مصر الجديدة,0
RT @mohd_al_rashed: الرئيس الفرنسي رفض إستقبال بوتينلتعطيله مشروع وقف قصف حلبوأجبره على إلغاء زيارته لباريسوبعض المحسوبين علينايصوتون م…,0
@rmzz1 و عليكم السلام اهلا بحضرتك، يرجي عمل محضر بالمطار و ارسال رسالة الي: mybaggage@egyptair.com والقسم المختص هيقوم بمساعدتك.,0
إستبشروا خير,0
#خالد_علي: رفع الدعم عن الكهرباء والغاز والسولار والبنزين إجرام سياسى ضد الفقراء #حرامية_الدعم اللي بيدعموا,0
حد فاكر #سانت_كاترين و الناس اللى ماتت و كل واحد كان عامل فيها محلل سياسى شعب زياط من يومه و الحكام,1
طريقة تغيير خطوط النظام في جهاز Galaxy S7 https://t.co/s7BDUAkHcG#هواتف_ذكية #سامسونج #GalaxyNote7 https://t.co/nBJS1Dhxtt,0
انا شايف ان وصف سمكة بتاع التباع ما يمشيش الا على ميريام فارس ملكة المسرح فعلا 👏,1
@asbanil1 @Sakr121 وهذا الكلام عن السرقة لم يحصل في حلب فقط بل حصل في ادلب وفي الغوطة الشرقية بمعنى آخر هم على ما يبدوا يمتهتون اللصوصية,1
بقالى كتير ماكتبتهاش #السيسى_رئيسى #سأنتخب_السيسى #باسم_طلع_حرامى #هشام_الجخ_طلع_نكسجى_حرامى,1
و قفلت فيسبوك فترة كبيرة ساعتها، فالحمدلله يعني بجد منظري كان ابن وسخه وما زال بردو,1
بوكيمون😂😂😂😂 https://t.co/Zl8G8uPl21,0
ما اجمل ليل القاهرة الساحرة مع موسيقى رائعة و كتاب شيق #مصر #لبنان #الإمارات,0
#لايف | مصباح أبو صبيح.. «أسد الأقصى» الذي عكّر صفو الإسرائيلين حيًا وميتًاhttps://t.co/48eEVMOkJa https://t.co/G3YcT9scWo,0
رئيس وزراء اليابان يؤكد توافر إمكانات هائلة لتطوير العلاقات مع روسياhttps://t.co/GbOiXCz0pIموسكو في 18 ديسمبر /قنا/ أكد رئيس الوزراء ا…,0
"فيديو/ الأتراك يتوافدون على معبر ""باب الهوى"" لإستقبال السوريين النازحين وتوزيع المساعدات عليهم https://t.co/iloCdcMTmi",0
كيف لمرشدٍ تفوَّه للغنمِ بماءٍ تعلو على المرسي هل القائد يدلدل القدم دون أن يمتطي الكرسي تباً للصمت هلال الفشل ودمت أبيّ يا مصري,0
RT @alkhaleejelarab: د. محمود رفعت: قرار السعودية وقف امدادات مصر بالمساعدات البترولية يؤكد أنها خسرت رهانها على السيسيhttps://t.co/6canoZ…,0
أسامة غريب تشرفت بالدفاع عن الكاتب الساخر المعروف الأستاذ أسامة غريب فى قضايا الرأى التى كان يحاكم فيها أيام,0
@sir_omar44 @IamYanetGarcia شرايك بتحدي #MannequinChallenge  الي بالسناب اليوم؟,0
RT @al_finesse: الحكم العسكري في مصر هو السبب الرئيسي لخروج الاٍرهاب من مطلع الخمسينات فاكبر منظرين القاعدة خرجو من السجون المصرية  #مصر_تص…,1
RT @bochirh: استطاع #القفطان_المغربي  الضاربة أصالته في عمق التاريخ بتعدد أشكاله،وألوانه،أن ينال إعجاب أشهر الشخصيات في العالم من بينهم هيل…,0
#انتخبوا_العرص #الببلاوي القاتل اعترف رسميا بانقلاب العسكر على #الرئيس #مرسي,1
حدا فات ع غوغل و سأل قديش الشيعة بالعالم؟!قديش الشيعة بالهلال الشيعيقديش الشيعة بلبنانولى ولى ولى مين قارينا 😂😂😂😂😂😂😂,0
@alsinani35 @shrffee @5star55555 ومن شردهم هالمليونيينيالذكيه انتيمن يقصف حلب يوميا؟؟,0
#عرب48 | #سورية: جند الأقصى تنضم إلى #فتح_الشام https://t.co/M4vfuC5h54,0
د. #حمد_المانع في #الأسبوع_في_ساعة: عرّاب اتفاق الهدنة هو #كيري، ولذلك أنا لست متفائلاً https://t.co/aWKyQ5l2ot,0
يا حي يا قيوم برحمتك أستغيث أصلح لي شأني كُله ♻️ https://t.co/xHRfZJjS6d,0
فيس بوك عربي تسجيل فيسبوك جديد وتسجيل دخول Facebook … via,0
"إيقاف عنصرين مناصرين لـ ""داعش"" بطانطان وكلميم، أحدهما شقيق... https://t.co/zZldRn3Ywm",0
لأول مرة في حياتي بشعر بعدم الرغبة بمشاهدة هاري بوتر لآخرو,0
RT @TheBaghdadPost: #أنور_مالك يكشف خطة #إيران لتسليم الدول العربية هدية لـ #خامنئي على طبق من ذهب#بغداد_بوستhttps://t.co/lzFmnlxgos@anw…,0
RT @saadhariri: ٦- أين دموعهم من الجرائم التي يرتكبونها في سوريا والعراق واليمن وغيرها؟ أين دموعهم من أيديهم الملطخة بالدماء في حلب وكل أنح…,1
أمراض السياسة حين تؤلم شخصيا,0
على طريقة #عادل_إمام .. سعدية ومجدي تزوجا داخل قسم شرطةhttps://t.co/S5c2slQPfx https://t.co/4KXbBIZJud,0
اتابع بسعادة واعجاب مئات المغردين الشجعان اسلوب شيق وخفة دم ورؤية ناضجة واستنتاجات مذهلة مواهب مصر كثيرة يدفنها الفساد والواسطة واللصوصية,1
العنف والقتل في محيط مقر جماعة الإخوان مدان ومرفوض بالكامل كما في اشتباكات أسيوط وبني سويف، كل الدم المصري حرام، لا تفسدوا ٣٠ يونيو,0
"RT @mu____a1: #أماني_العجلان_عار_على_السعودياتأماني العجلان ترفض اسقاط الولاية لأنها ""ترفض الجزئية التي تمس الإسلام"" اذا مره تحبين الإسلام…",0
#عاااااااجل#واشنطن تتراجع عن إمداد #قطر بصفقه الطائرات نظراً لدورها المشبوه فى العديد من صراعات المنطقة😜 https://t.co/91YbETPIWZ,0
"ميزة في هاتف #غوغل تكشف ""ابتزاز #أبل"" - للتفاصيل اضغط الرابط https://t.co/zRvstKtGyo #الوطن_العربى https://t.co/TfKY9DTFWX",0
RT @ActionYaDawry: المباريات القادمة للمنتخب السعودي في التصفيات•28 / مارس /2017•#السعودية_العراق•08 / يونيو /2017•#استراليا_السعودية,0
@BuHumaid10 @MSY991 سلبياته السعر مرتفع عن السابق (نفس أسعار سامسونج وايفون) والإضافات والمميزات قليله نظام أندرويد الخام (سياسة جوجل),0
تمرين مشترك للقوات البرية السعودية والفرنسية: انطلق مطلع الأسبوع الماضي تمرين مشترك للقوات البرية الملكية الس... https://t.co/UhQIuvZxY4,0
الأسد: الحوار مع الجماعات المسلحة في سوريا ممكن إذا ما توقفوا عن إراقة الدماء https://t.co/r2EcpHrdVs @sputnik_ar aracılığıyla,0
صباح حنون وهادى بصوت #ماهر زين على كل فولورى الحلوين :) #سمكة_بتصبح ☺,0
باعلان الهدنة يعني ان الحكومة بدات التعاطي مع افكار #كيري وتحديد مدة الهدنة ب48 ساعة يعني اختبار للذهاب لتنفيذ الخطوات الاخرى ..#اليمن,0
فيدرر ونادال خارج التوب ٤ في التصنيف العالمي للتنس لاول مرة من ٢٠٠٣نهاية النجمين وبداية تنافس يديد بين جوكوفيتش وموراي,0
@RTarabic روسيا استخدمت جميع الاسلحه المحرمه 🖕🏻🖕🏻🖕🏻,0
هذه هي نهاية الغطرسة و العناد مرسي سقطت شرعيته منذ ديسمبر على الإخوان الآن أن يضحوا بخيرت الشاطر ويقننوا وجودهم ويظلوا في حجمهم الطبيعي,0
صور من تدريبات ريال مدريد امس https://t.co/CIru3BORVj,0
ماذا حدث في حفل استقبال الرئيس الامريكي اوباما في الصين؟ https://t.co/nzWkWSNDur,0
@sawabcenter داعش مجرمين قتلة ولكن النظام السوري من أحد الصناع لهم ويقتل أضعاف مايقتلون ويدمر كل سوريا  مارايكم به,0
#الكويت / تقدم مليون دولار لعلاج الاطفال السوريين النازحين في لبنان.,0
جيل الوسط هو الذي شغلته أسئلة ومشكلات عصره باحثين عن الحقيقة,0
@fdeet_alnssr  دائما الاعلام الغربي ينصف السعوديه في حين بعض قنواتنا علينا قاسيه شوي .,0
RT @hanisunitan: حقيقة لم يعجبني  #مصر_تصوت_لصالح_المشروع_الروسي ولكن أين مدعين الغيرة والشرف والعروبة والدين من موقف #مرسي بالامس و #بوتين…,0
@SaLeM_aLMoBaRaK @Amalia_q8 لا الأمم المتحدة، ولا منظمات المجتمع الدولي ولا داعش نفسم قالو بوجود داعش في حلب.,0
: النِعمة تحتاج للشكر،، وَالبَلاء يحتاج للصبر،، وَالذنَب يَحتاجُ للإستغفار،، (فمْن شكرَ و صَبر وَ اسْتغفَر نَال #السعادة) 50,0
شهادة الشيخ المجاهد : #أشرف_صباح أبو البراء :على تعذيب #المجاهدين في سجون الأمن الداخلي التابع لـ #حماسhttps://t.co/gvCw840DJ6,0
"الدكتور أبو الفتوح: ""محتاجين مصانع محتاجين مزارع محتاجين شقق للشباب لكي يتزوجوا، و لسنا نحتاج لمساجد أو كنائس فهي أكثر من الحاجة""",0
أصدق مافي تاريخ حسنين #هيكل هو عملة من أجل قطر وعلاقته بأمير #قطر,0
@amrmsalama @EGYPTAIR عايز أضيف حاجة كلمتهم على تليفونات مكتب سور نادي الزمالك المعلنة على موقعهم الرسمي ، علشان احجز.. مردوش!,0
#تسريب بصوت #كيري.. يدعو لإزاحة #الأسدhttps://t.co/sNc9tFmEmP#سوريا #أمريكا #مسرب #بشار_الأسد https://t.co/1ROXgYMYsz,0
برومو حلقة (بائع الليمون) - ثاني حلقات الأنيميشن من برنامج بسمة أمل انتظروا الحلقة الساعة 7 مساء الخميس,0
والله خلاااااص تعبنا راه 💔#بنغازي,0
النائب أبل : رفع الدعم عن البنزين قرار معيب https://t.co/dw30YI2VD4,0
وفشلت #ثورة_الانترنت زي ما فشلت ثورات كتير,0
RT @MasirahTV: مقالات | #مصر..والطلاق مع #السعودية بات بائنابقلم: عبد الباري عطوانhttps://t.co/buxPSOZ0m6#المسيرة_نت,0
مبروك ومبروك - ولكل الزملاء واشكر كل من ساهم بانجاح هذا الانجاز الراقي اليوم #نقابة_الصحفيين,0
@EGYPTAIR حضرتك انا بعت ايميل ولم يرد احد!!!!!,0
شاهد الموقف المحرج الذي حدث خلال حفل توزيع جوائز نوبل 2016!#بوب_ديلان #جوائز_نوبل #باتي_سميث #bobdylan… https://t.co/HUfkT0LJ4E,0
RT @aali4573: تنوية ...صوت الانفجارات يا أهلنا بالسيدة والزوار الكرام ناتجة ع قصف مواقع الارهاب في ريف دمشق ..الوضع بألف خير واكلموا زي…,0
بعد أن سلموا #حلب ل #روسيا و #ايران وبعد أن هجروا أهلها #مجلس_اللا أمن يصوت بالاجماع على ارسال مراقبين للتأكد من عملية التهجير .#حلب_تباد,1
الله اكبر وتحيا مصر ،الحمد لله وحده، صاحب الفضل كله، انعم علينا بثورة عظيمة واختار من بيننا شهداء ابرار,0
RT @Shevo_22: الفيديو بتاع فورهاند فيدرر في الجراند سلام يحببك في التنس لو انت مش بتتفرج ما بالك اللي بيحبو التنس زيينا,0
شركة فرنسية تقاضي #أبل لاستخدامها لغة برمجة خاصة بهاhttps://t.co/aYRv5MPEdq https://t.co/Hq4HpkJu15,0
#ميريام_فارس تنشر أول فيديو لطفلها وهو يلهو بألعابهhttps://t.co/sduFQj9jQW @myriamfares https://t.co/vqorUD5Hs9,0
رونالدو هو أعظم لاعب في تاريخ #ريال_مدريد #رياضة,0
@altaei2008 @jood_cat @1sho هذا مو موجود عندنا هذا عند داعش ودعش لا تمثلنا ولا تمثل السنه,0
"حوار خاص مع النجمة #نادين_نسيب_نجيم لمجلة ""ماري كلير العربية"" @nadinenjeim @MarieClaire_AR https://t.co/R0PuTCMgNc",0
حلب المحروسة ... ستبقى درة الشرق والحصن الحصين لتراث الأمة الخالد. #ستبقي_حلب,0
احتفالاتنا بمناسبة المولد النبوي الشريف على صاحبه افضل الصلاة والسلام ) هو يغيض الكفار ويجعلهم من هزمين ماديا ومعنويا وثقافيا ولا ارادة لهم,0
الله ينتقم من أل سعود المجرمين ، ويرد كيدهم في نحورهم #عمرو_اديب #مصر_احلي_ب #المباحث_بتوزع_سحلب_للفولورز #البورصه https://t.co/GNqBCBtSPM,1
سيرفع صوت الاذان عالياً ، رغماً عنكم..#حماس https://t.co/ONS6WgzZGl,0
لمن يرغب في الاطلاع على خلفيات موقف #الصين المترجم بالفيتو المشترك مع #روسيا حول #حلب ..سأكون معكم #محمود_ريا في... https://t.co/q6Cxo7uvlJ,0
دعبد المنعم أبو الفتوح ( التعدديه اثراء وتنوع واكثر فائده للمجتمعالتعدديه مطلوبةوهى ليست انقسام وفرقة),0
الناتو ضرب العراق وليبيا بالاف الطائرات وذبحوا صدام والقذافي بمنتهي الاهانه من اجل الحريه والديمقراطيه للعرب منتهي الغباء !,1
رامي عياش بيتكرم و بيتشارك تجربتو مع طلاب ال LAU لمشاهدة الفيديو كاملاًhttps://t.co/x7zn2Mq0Pw @RamyAyach https://t.co/g3zttecQNg,0
J'aime une vidéo @YouTube de @13september13 - السوري إيوان يوسف حبيب ريكي مارتن لجديد,0
صور للدمار الذي خلفه قصف طائرات العدوان الروسي اليوم على حي بستان القصر في #حلب.#HolocaustAleppo #حلب_تباد https://t.co/EEa2QTEIxK,0
اوزيل : ان لم انتقل الى ريال مدريد ساجدد هقدي مدى الحياة مع الارسنال ❤,0
RT @ajmubasher: وزير خارجية #بريطانيا يدعو للتظاهر ضد #روسيا#حلب #سورياhttps://t.co/0eBxBmcxua,0
ما يحدث مع المعتقلين السياسيين فى السجون الان جريمة جديدة ضد الانسانية كفاكم جرائم,0
إستفتاء مارس مانفعش طنطاوي وقد كان أكثر شرفا وأشرف عليه قضاء حقيقي فما بالك بإستفتاء ملعوب في أساسه وتفاصيله ومبني على كذب رئاسي فاضح,0
@fahadmdgam @AhmedGomaaaa زيارة رجب طيب أردوغان إلى إيران ودعم اقتصادهم ب30 مليار دولارhttps://t.co/aLmYihN3Qg @YouTube,0
عمرو اديب امبارح كان جايب سواق تاكسي بيقطع في #اوبر و #كريم وبيقول انهم مش شغالين قانوني,0
ما مداها لعبة #سوبر_ماريوتأثر على الناس 🤡 #النادي_العربي #نادي_الكويت #supermariorun @ Al Sedeeq https://t.co/21u3lkcD58,0
#الكرملين: #بوتين و #روحاني يبحثان في اتصال هاتفي التسوية السورية #لبنان_الآن,0
RT @Eimanonly: @ShawgiMD @fizikabihery من امبارح مستنية المنشن دا لول انا زي ما قالت شيماماندا عن بيونسيه her type of feminism is not mine 😂,0
@awadhbinsud هطف؟؟ طلع مع بيونسيه في جولتها وجاب ناز في البومه اللي صار رقم ١ وتقول هطف؟؟,0
#معرض_الكويت_الدولي_للكتابشخبارك يالروائيواحد مخلي كتب كبار العلماء والكتابورايح لروائيمؤلف كتاب صفحتينأين العقول,1
ميسي يعود للملاعب في مباراة ديبورتيفو لاكورونيا ! https://t.co/0dM4lZHEsW https://t.co/XUrzq1Rsse,0
RT @MrMuhnad: عدم وجود ميسي في الملعب يعني ان أي منتخب سوف يمتلك الجرأة لكي تهاجم وهنا ترى عيوب الدفاع!واحدة من المميزات التي تفقدها الأرج…,0
أبل .. هل وصلت لمرحلة الشيخوخة؟ https://t.co/Z4H3G17xe2,0
RT @saadalbreik: جاستا#مارتن ويلز خبير انتاج الأفلام في تزوير مقاطع الإرهاب  ويكشف أسرار مهمته للصنداي تايمزUSAوخدمة داعش برعاية https://…,0
اقتصاد: 5000 سيارة سورية مهددة بالحجز في تركيا: أفادت مصادر متعددة لـ “اقتصاد” بأن شرطة المرور التركية (ترافي... https://t.co/fpWwVhSYE0,0
لماذااي قرار سياسي داخلي وخارجي في #السعودية أول من يعلم عنه ويتحدث عنه الاعلام الغربي . والاعلام السعودي والشعب السعودي مجرد أدوات تطبيل .,0
RT @hindmrabet92: ليست منحوته في الرخام أو تماثيل..إنهم أطفال سوريا تحت الركام أين انتم يا رؤساء و ملوك العالم يا من تدعون حقوق الإنسان!؟…,0
#ماذا_لو_المدارس_مختلطهاتذكرعندماكنت طالبه بالثانويه كانت هناك طالبات يدرسون في السعوديه مبتعثات من المغرب الجزائرواندنوسيا .,0
ماحدش له دعوة بيا انا و جيمي اتنين اخوات بيتكلموا ماحدش له دعوة,0
ألى بقايا الخرفان باى باى,1
@7_OlQd @zxcVBN90 @abnabady @ama4425 حلف عسكري خليجي على غرار الناتو,0
نحيي شباب حزب الوسط على مجهودهم الرائع فى الانتخابات والذى كان سببا فى حصول الحزب على ما يقرب من مليون صوت ممن صوتوا لنا عن اقتناع,0
RT @poOPElKpir: سنظل علي العهد ولن ترك سوريا وحيده ولن نترك بشار الاسد فريسه سهله ولن نترك ليبيا للغرب هي ديه مصر 🇪🇬✋🏻,1
حينما تجد الفرصة لاحتضان أمك أو تقبيل يد أباك فلا تضيعها فقد يأتي عليك وقت تحتاج لاحتضانهما أو تقبيلهما ولا تجدهما,0
المقام السامي❤️سمو الأمير الوالدالشيخ حمد بن خليفة يُلقي كلمته في تأبين فيديل #كاسترو في هافانا  #قطر #Doha #الدوحة https://t.co/1n93iHKeKa,0
د. #محمود_العلايلي:أرى أن الفريق #أحمد_شفيق رقم مهم في المعادلة السياسية المصرية ولا يمكن إغفالههل ترى أن هذا صحيح؟#أربعة_زائد_واحد,0
صور من الإحتفالية   بمناسبة المولد النبوي  الشريف بحضور الاستاذة رشيدة المنصوري ومجموعة من خريجات جامع الزيتونة,0
#الحريري يلتقي المبعوث الصيني الخاص الى سوريا عند الخامسة عصرا في بيت الوسط,0
هذا الارجنتين الي وصل ثلاث نهائيات ورا بعض ميسي ساتر عليهم,0
@itthad_barca مشكلة الارجنتين انها تختار مدربين مشّي حالك.الفريق يتأثر بغياب ميسي لان الفريق اصلا بدون مدرب.,0
واضح من كلام الناس ان مدرب الارجنتين بوذا .. اسوأ من تاتا مارتينو المدرب ده اول ما لاعب ميسي وهو عارف انه مصاب قولت عليه ملوش فيها,0
#ماذا_لو_المدارس_مختلطهكل ممنوع مرغوب اذا من البدايه اتعودنا على هالشي ماكان تصير هالمشاكل كلها,0
الى كل مشجعي المايسترو روجير فيدرر في شتى بقاع الأرض الي ما صوته إلى الآن رجاءً يصوت له على الرابط في التغريدة السابقة و شكراً ❤️,0
اللهم احرسني بعينك التي لا تنام، واكْنُفْني بركنك الذي لا يُرام، لا أهْلِكُ وأنت رجائي، رب ! كم من نعمة أنعمت بها,0
@ قطرائيل والقرداوى مفتى الناتو وأخوان ابليس عملوا لحركه سماح شرعيه فى مصر (ولاد حرام صحيح),1
#الأم_المثالية … تُخفي دمعتها عن أطفالها حتى لا يدخل الحزن إلى قلوبهم تظهر ابتسامتها لصغارها وإن كان قلبها يعتصر الألم!! قلبها كبير,0
RT @coach_barca: عجججججججيب هالانسان والله يفهم 😍😍ركزوا على كلامه عن ميسي درر 😍😍❤️❤️ https://t.co/UAWH21PUIf,0
#عن يوم #حلو مع ناس بتحبهم عمرك ما هتقدر تنساة ツ,0
RT @Arab_Thought: #نشرة_أفقمساوئ #دونالد_ترامب..هل تكون سبباً في نجاحه؟https://t.co/znXuFqfs89 لـ @marahbukai https://t.co/OCmvXOO2fB,0
احاول ان اتعاطف مع من رماني بالخيانة والكفر واستخدم الدين لتحريض الناس علي وعرض اسرتي للخطر و شكك الناس في ديني طب ازاي؟,0
عرض خاص غدًا على مشاهد مباراةنصف نهائي أبطال العالم - ريال مدريد × كلوب أمريكا- الخميس. 15 ديسمبر- الساعة 1:30م بتوقيت مكة#نفي,0
لازم كلنا نروح ننتخب اليوم لأنها أمانة وواجب وطني انتخب لتشعر بحق الملكية في بلدك~عمرو خالد,0
محاربة الظلم بالظلمستنتهي بظلم الطرفين #اخوان #عسكر,0
متخصصة في الشأن الإفريقي: إسرائيل وتجار السلاح هم المستفيد من اختلاق النزاع في… https://t.co/eau7pQiXBI https://t.co/yvKwnqVikj,0
الجامعة العربية تطالب بالتصدي لمحاولات إسرائيل إضفاء الشرعية على الاستيطان https://t.co/53zxdyVgvO,0
RT @RTarabic: #إيران تطالب بممر جوي لنقل جرحى مجزرة #صنعاءhttps://t.co/HJHOIuuQuA#اسأل_أكثر,0
RT @NewsAraab: ترجمته الخليج أونلاين|| https://t.co/YLxfYwD6JJ https://t.co/ssR5Bj7Sgo,0
"RT @aitnews: مساعد #جوجل الذكي Google Assistant لن يتوفر على #أندرويد ""نوغا"" باستثناء هواتف #بيكسل https://t.co/cJFkhAZZM2",0
*💥👈🏻مقدمة النشرة المسائية*  💥بعد السجالِ بين  رئيس الجمهورية ميشال عون ورئيس مجلس النواب نبيه بري،  دخلت البلاد... https://t.co/3PjoxfPtJV,0
شايف يا اونكل سيسي الناس بتتكلم عن مصر ازاى؟ 😔 https://t.co/HwEo7sOGxJ,1
هل ألمانيا اشترطت على مرسي مايقعدش عندها أكتر من يوم عشان طاقة شبكة مقاومة الكوارث ماتستحملش أكتر من كده؟,1
كيف يمكن مساعدة النازحين السوريين من #حلب؟#حلب_تُباد #بورصة_الرأيhttps://t.co/QIcgzmTsOH,0
كلمة هيبة محتاجة تتشال من القاموس عشان ماحدش يتمسح فيها في الرايحة والجاية ده طبعاً غير أنها على نفس وزن خيبة,0
يشارك كتابي#حقائق_في_تاريخ_فلسطين_السياسي#رجال_من_ورق_ونساء_من_زجاجفي#معرض_الكويت_الدولي_للكتاب مع الدار العربي… https://t.co/vz6dSzu65H,0
أحبك حبا لو يفيض يسيره #جوهرة #محمد بن أبي أمية,0
و انت طيب يا شاعر يا رائع,0
في الدول المتخلفة يقتل الآلاف و تحرق جثثهم و تلقى في الزبالة ثم تقام الاحتفالات السنوية لأسباب سياسية,1
صناعة الكذب ! #الجزيرة,1
«رئاسيات» #النمسا: «الخضر» يهزم اليمين المتطرف | الأخبار https://t.co/En4zbYzbb4 @RanaHarbi https://t.co/0VpFVmZQax,0
RT @clip_x: الفنانة القديرة: حياة الفهدفي مشهد درامي من فيلم #هاري_بوتر 😊 https://t.co/ku2S5rwmdF,0
صحيفة لوفيجارو:المرشح للرئاسة الفرنسية فرنسوا فيون يرفض استقبال الامير السعودي محمد بن سلمان في باريس.#السعودية #اليمن #فرنسا,0
RT @dalaaalmoufti: روبرت دنيرو عن دونالد ترامب...مختصر مفيد..(مترجم للعربي)👍 https://t.co/TWXt9wfcaX,0
RT @A822822A: كعبة ملالي #إيران♦️أضطروا لعمل تخفيضات على الطواف والسعي لجلب السياحه المجوسيه إسع وطف شوطين والباقي علينا‼️ #الجزائر #تونس…,0
#ﻛﺎﻓﻴﻪ_ﺗﻮﻳﺘﺮ_ﻓﻲ_ﻣﺼﺮ حضرتك مفيش فكة تاخد بالباقي ريتويتس,1
موسوعة الألفاظ القرآنيةمختار فوزي النّعال.#معرض_الكويت_الدولي_للكتاب.السعر (٢) دينار https://t.co/HkXT8v1XU7,0
#SuperMarioRunفي احد زيي ماقدرت اطلع من المرحله الرابعه وشو اللي 20 ثانيه 😞,0
وماحدش هيضيع البلد غير الجبان والواطي والحقير عديم الذمة اللي عمره ما بيقبل على نفسه ما يقبله على غيره من كتر ما هو خائف وجبان,1
لا اعترف بدستور مسلوق على عجل خوفا من حكم المحكمة ببطلان اللجنة التى كتبته0لا اعترف برئيس يعطل القانون رئيسكم ديكتاتور ودستوركم باطل,1
صوّتوا لأجمل زينة ميلاديّة في لبنان لعام 2016 https://t.co/E2Y9nxE44L via @LbciLebanon,0
#بوابة_العاصمة || #الرئيس_الصينى: نعمل لضمان نمو العلاقات مع #الولايات_المتحدة https://t.co/3lP7ExwMb4,0
مجازر سوريا مستمرةأين الأمم المتحدة من حماية الأبرياء؟ أين العروبة والقيم التي لا نتوقف عن التشدق بها؟ الأنظمة في كل مكان تتعري أمام شعوبها,0
مع زيادة تدخلات ايران في شئون المنطقة هل نسعى لإيجاد علاقة أمنية مع الناتو ؟    #اجمل_بلد_زرته_بحياتك#حدث_في_٢٠١٦,0
RT @DR_M_IKBAL: ‏عندما يبكي البحر حزنا..سيُغرق بأمواجه عروش الطغاة !! طفلة من مخيمات اللجوء#سوريا http://t.co/IrQinRB7yH,0
ارملة سورية فى جدة تقبل بـــــــــــزواج مســـــــــــــيار لظروف خاصة  https://t.co/IGa1rJUSlk,0
متباركين بالمولد النبوي الشريف، اعاده عليكم بالخير والبركة والسرور في كل سنة💐 #المولد_النبوي_الشريف,0
"هزة وسط ""#صافيناز"" بـ 110 آلاف جنيه يلعن ابو التعليم",1
لعبة بوكيمون جو تفوق التوقعات https://t.co/5zMnfv8wcD,0
شركة ابل مستحيل تدعم صفحة فيسبوك او اى صفحات اخرى لو فى صفحة هتكون لهم فقط مش دعمأقرب ابل ستور ليك فى الوطن العربى  فى الإمارات غير كدا بلح,0
هو أنا إزاي أعمل download لفيديو من تويتر أو فيسبوك علي الموبايل؟,0
دعوة قضائية على شركة أبل بسبب مشكلة فى ايفون 6 بلس - https://t.co/35wxfJDqTA https://t.co/WIYduWjmJH,0
ثلاث طرق للقيام بسوفت وير لهواتف نوكيا التي تعمل بنظام ويندوز فون... https://t.co/As6TYaVVNY,0
كشف لنا الانقلاب جيش البلطجية فى مصر لم نكن نتخيل ابدا انه بهذه الاعداد الهائلة والسلاح الوفير والعلاقات الطيبة مع الحكومة,1
أسرع هاتف #أندرويد في #الولايات_المتحدة#اسأل_أكثرhttps://t.co/LChqHgtiqo https://t.co/pap7jvCXa3,0
شتان بين هيلاري كلنتون ونورية بن غب... 🌚,1
مسؤول بالخارجية التركية: وزراء خارجية روسيا وإيران وتركيا يجرون محادثات في موسكو في 20 ديسمبر بهدف إعطاء قوة دفع جديدة للتوصل لحل في حلب,0
يعجبني الخطاب المتوازن والمصوغ بميزان من ذهب لرئيس الجمهورية ميشال عون وهو يستحق البحث والدراسة الخطابييّن. @LBpresidency,0
الميدان أول جريدة مصرية مستقلة - بشار الأسد : مهمتي هي السيطرة على كل سورية https://t.co/HyGDZg6m7g,0
التبرير الروسي للفيتو قال هذا القرار(الهزيل) يخالف اتفاق الكلب #كيري والخنزير #لافروف,1
RT @BarcaDN: الكادينا كوبي: ميسي سوف يتدرب مع المجموعة غدا الاربعاء لاول مره بعد تعافيه من الاصابه https://t.co/ZJ3SrwgeEN,0
بذكرى مرور 11 عاما على استشهاد جبران تويني، ترقبوا تقريرا خاصا للزميلة @BasileZena@mtvlebanon @MTVLebanonNews,0
التغيير في كوبا يتأرجح بعد وفاة #كاسترو وتولي ترامب الرئاسة الأميركية https://t.co/YHgZV0A5ub https://t.co/l0QOxX2Q31,0
الحيوان ميشال عون يقول: لوخسر الأسد لأصبحت سوريا مثل ليبيا! ياحيوان سوريا أصبحت كارثة العصر،ثم لولا الأسد لما صرت أنت في قصر بعبدا يانذل,1
ال ع الشمال ده زييت #باسم_عودة الإرهابي أما ال ع اليمين ده زيت الإستقراااااااااااااااااااارررررررر #هز_ديلك …,1
لما لم نسمع أن النظام المروكي يجنس فنانين من بلدان عربية كالخليجين والمشارقة مثل مريم فارس رامي عياش و..ممن لهم مستثمرات في المغرب #الجزائر,0
#ماذا_لو_المدارس_مختلطهالجامعات تستقبل الآلاف من الطلاب للدراسة فيها مع العلم أن نصفهم لايستحقوا الدخول فيها بسبب تهاون تطبيق لائحة السلوك,0
ليوناردو دي كابريو يلتقي أوباما لنقاش قضايا المناخ https://t.co/798ouUsCAP https://t.co/xSJ7x8gUFN,0
RT @MbnF_: آخر هجوم سيساوي : السعودية تخدم الإرهابhttps://t.co/dCZjkYReOH,1
هنا #المحيسني يخطب وجمهور #الحمير من حوله يهللون ويكبرون مهددين بتحرير #نيويورك وتمكين شرع الله في #واشنطنhttps://t.co/0DxKEXc7Gt,1
الطريق إلى الديمقراطية يتآكل: محاكمات عسكرية، تقاعس عن حماية التظاهر السلمي، رفض الرقابة الدولية للانتخابات، عدم حسم حق المغتربين في التصويت,0
أنا #أردني وأفتخر ببلادي 😌,0
لبنان | الرئيس ميشال عون يستقبل الامير خالد الفيصل امير مكة في خطوة لاستعادة العلاقات بين السعودية ولبنان,0
طيب كلام جد ... ليه جوجل بقى احسن من ياهو ك website يعني ؟؟,0
اغنية بيونسيه who run the world ترفع الأدرينالين بشكل غير طبيعي 🔥🔥 .,0
كل التضامن مع ثورة شعبنا العربى فى اليمن من أجل الحرية والديمقراطية والعدالة والوحدة ثورة الشعب العربى ممتدة من المحيط إلى الخليج حتى النصر,0
صور إطلالات الفنانات في #مهرجان_القاهرة_السينمائي الدولي 38 https://t.co/3kirTSpEAL,0
#السعودية #الكويت #البحرين #اليمن #مصر #سوريا هيلاري كلنتون ستنصر التاسلمات على شيخي المجدد بوتين. هذه معركة اتمنى اني اشوفها كع كع كع,0
بلا سيسي بلا بطيخ هذا هو الطريق الصواب الذي يؤدي الي النصر المؤزر.👌👌👌 https://t.co/cA31q6HH0f,0
إتحاد (اليويفا) يوقف خط الوسط الفنلندي الدولي رومان إيريمينكو لمدة عامين    . https://t.co/3Yy1I9B4HI #احمد_شفيق,0
إجبار أبل على التعاون على فك شفرة اجهزتها https://t.co/bBRbxNe6qP,0
الأخ سيسي بردو😂😂 https://t.co/Nv9Dh83FGN,1
#ﺍﻟﺸﻌﺐ_ﻳﺮﺩ_تحية_الرئيس #انتخبوا_العرص #خليك_مصدق ان حزب النور اسلامي!!!,1
@Mohammed_Unitedوش اللي معجبك بلورد اوف ذا رينقز؟ هاري بوتر مختلف عن(لاذر)جي كي بنص كل فلم تحسسك انك قافط الوضع ومتوقع الاحداث لكن بالنهاية=,0
RT @asd4a4a30: قناة TRT العربية/ #أردوغان: لا يمكن أن نقسم الإرهابيين إلى إرهابي جيد وإرهابي آخر غير جيد، هذ - عبر نبض @NabdApp https://t.…,0
"RT @eiad_tennis: #فيدرر :الحافز لدي اقوى من اي وقت مضى..و اتطلع للمشاركة في #استراليا_المفتوحة ""#Federer #RogerFederer https://t.co/QxGO3…""",0
#شبكة_أخبار_المعارك أطفال اصيبوا نتيجة الغارات الروسية على مدينة #حلب صباح اليومحسبنا الله ونعم والوكيل https://t.co/JHhjktp7qu,1
غوتشيمع كامل الملحقات👇👇مع ديست باق كرت وسير طويلالسعر 298 ريالجده ومكه تسليم فوري وباقي… https://t.co/KBIaYVwFiZ,0
#مشهور_يستاهل_الشهره  بيونسيه ✋,0
بيونسيه 😌👏🏾 https://t.co/hgz6Xt2c0k,0
#نفسي اوى اشوف مسلسل #يوميات_ونيس :),0
ايامي قبلك تسوي ايه !! وحياتي بعدك اعيشها ليه؟؟حكايتنا لو يا حبيبي حلم ، ياريت تسبني عايشه فيه. #اليسا ✨. https://t.co/ZUXnLQfYcO,0
"RT @AJArabic: شركة #غوغل تسجل دخولا قويا في عالم الهواتف الذكية بإطلاقها بكسل"" الذي تفرد بكاميرته الأفضل بالمقارنة مع منافسيه https://t.co…""",0
مصادر لـ العرب : زيارة خالد الفيصل لـ #لبنان ..دعم سعودي مقابل عدم الارتماء في احضان المحور الإيراني https://t.co/5xx2q4ICPP,0
مجلس الأمن يقر هدنة سورية... و«فيتو» روسي على الطلعات https://t.co/DUD5hlWAdC https://t.co/627sfrkDQF,0
والدة #كاسترو  .. لينا الروس لبنانية الأصل؟ - https://t.co/T6NJgD8qnI #أخبار #الشرق_الأوسط,0
بالفيديو: هكذا أشعل نجل ميريام فارس “انستغرام”https://t.co/dnffokw5km,0
مجلس الأمن يوافق بالإجماع على قرار نشر مراقبين دوليين في حلب وأحيائها الشرقية | https://t.co/fOzahjjBBc,0
طيري ياطياره طيري ياورق وخيطان بدي ارجع طفله صغيره ع سطح الجيران وينسااااااااااااني الزمماااااااااااااان على سطح الجيران 💔💔🚶🏻. #فيروز,0
#فيفي_عبده_الام_المثالية تقول حككككم,1
صوتوا للنجمة #نادين_نسيب_نجيم كأفضل ممثلة لبنانية وافضل ملكة جمال لبنانية. بتقدروا تصوتوا مرة كل 12 ساعة. وشكراً❤️… https://t.co/FDQg1z4IAu,0
الرمز الانتخابى لل #السيسي #السيسي_رئيسي_2014,0
#ستبقى_حلب اغتصبوا نسائهاوقتلوا اطفالهاودمروا بيوتهاوقصفوا مساجدهاوسجنوا رجالهاوالامة باكملها نيامالى متى يا… https://t.co/hOErWVx3yG,0
"#فورين_أفيرز: ""#مبارك"" هو سر فرحة المصريين العارمة بفوز #ترامب.. كيف؟!https://t.co/inIgCIJrOd!#مصر… https://t.co/7lbwTbA6An",0
لندن تحظر على وزارئها ارتداء ساعات أبل .. والسبب ؟! https://t.co/VUb1M4cpKw,0
صباح الخير اليمين المتطرف اتهزم في النمسا عقبال باقي اوروبا,0
حبيبة قلبي يا نوال الزغبي #حبيبي_انا   كل قلبي هواك @NawalElZoghbi  ❤🌷😘😉 https://t.co/g0I7N9E8Nb,0
للاضافه 4385-8648-5486#SuperMarioRun #سوبر_ماريو#السعودية https://t.co/izl0gjC9FL,0
RT @nemari999: #حملة_امن_وطني_امني_انا#حسن_زميرهمهما تحشدمن حشود مُغيَّبة ًوكنت سبباً في جعلهم أيتام بحربك في سوريا لن تغيرالحقيقة يامجرم…,1
ماذا تفعل المعدة اذا فاجأها الكبد بضربة قاتلة؟ انها مصر ضرباتنا القاتلة تأتينا ممن كانوا أهلنا وجيراننا وابنائنا,1
"خطاب الفائز بنوبل الأدب هذا العام، بوب ديلان.""أكاد أجزم أن أبعد سؤال عن عقل شكسبير كان ""هل هذا أدب؟!"".""#bobdylan https://t.co/CKiiyMbVIA",0
#طقس_العرب: #موجة_باردة تندفع لشمال المملكة مساء الإثنين، وتوقع ثلوج في #الحدود_الشمالية بإذن اللهأجواء باردة مغبرة في #الرياض يومي الثلا…,0
_2012 غلط شوف الاعلام بتاعهم بيمسكوا في اي حاجة حتى لو تافهة,1
أوباما يرفع العقوبات عن بورما - تنفيذا للالتزام الذي تعهد به الرئيس الأمريكي باراك أوباما لوزيرة خارجية ميانمار... https://t.co/Ta9YxfbkbF,0
سعيد جداً بزيارة الجزائر بلد جميلة فعلاً!,0
رجل أكرمه الله بمصاهرة أكرم خلقه مرتين زهد في أمواله وتجارته طمعاً في مرضاة الله كانت الملائكة تستحي منه #عثمان_بن_عفان رضي الله عنه,0
"الجيش الليبي"" يعثر على مستندات"" و وثائق بمنطقة #قنفوده تثبت تورط #مصراته لدعم #داعش فى #بنغازىhttps://t.co/6pWTuJyBxK#ليبيا #LIBYA",0
@elszo ههههه .. الللورد دارث فيدرر ده من البلد اللي جنبنا طوالي .. بعد المصرف طوالي,1
"@AdnanYousif لكنه هل سيرد على التحرك الحكومي في بريطانيا للتدخل في سلطات اتحاد كرة القدم من خلال تصريح الوزيرة كراوتش لـ ""BBC "" !",0
تفكيك #الشرعية وتذويب مشروع #الحسم #كيري #الحوثي #هادي,0
تقسيم #سورية في انتظار الحل؟#سوريا #سورية https://t.co/4qeHqT836T,0
RT @bobmechanic: سمير جعجع: ممارسات إيران في لبنان معضلة كبيرة.. والقرار الاستراتيجي عند «حزب الله» @aawsat_News https://t.co/eYhOZlsBsa,0
@Assadmagh @AutreOpinion1 روسيا حليف للجزائر والمغرب حليف للغرب وامريكا ومن يقول غير ذلك واهم حتى الملك وهو يحادث بوتن ارسل اشارات طمأنة,0
“أبل” تتربّع على عرش العلامات التجارية الأكثر قيمة في العالم https://t.co/FKXz6IzqV3 #المواطن,0
RT @bipolarsaudi: يوجد مجموعة دعم لثنائي القطب على برنامج جوجل هانج أوت اللي حاب ينضم يراسلني على الخاص #ثنائي_القطب #اليوم_العالمي_للصحه…,0
لولا هاري بوتر عليا بس❤️😳,0
#خليك_مصدق إن فيه ثورة فى العالم قام بيها وزير دفاع ووزير داخلية !!!!!! #هبل_وهطل_شعب!!,1
هاللعبة مهمتها ترفع الضغط وشكراً #SuperMarioRun https://t.co/OqG1nfpslB,0
#صحيفة_اشراق_لايفميشال عون يؤكد حرص لبنان على تعزيز العلاقات اللبنانية - السعودية -  https://t.co/gMxFUvEu8A https://t.co/eBX9ZsLnLY,0
مجلس الأمن يرفض مشروع القرار الروسي حول… https://t.co/vbJU5aJoE7,0
@Emma_R94 نوبة كم انتي مذهلة اوه ماي قاد 😂😂😂تخيلتك هاري بوتر,0
اللى حصل مع محمود شعبان فى التحرير أفترا عليه لأنه ضعيف,0
""" للأسف في مصر عندنا جميع أنواع السياحة ومش عارفين نستغلها""! #كلام_و_كلام #السادة_المحترمون …",0
RT @ioipe: بيونسيه تغني اغنيتها irreplaceable بالأسباني 😻💗 https://t.co/SbholNrFgP,0
RT @taloo157: ليونيل ميسي عبر الانستغرام : هدف صديقي فهد المولد من افضل الاهداف اللتي رأيتها في حياتي سأطلب منه تعليمي الطريقه https://t.co…,0
حلف الناتو  يبحث تعزيز العلاقات مع الاتحاد الأوروبي https://t.co/r7b9fvHDZz https://t.co/TfCTg7kgQN,0
سيبك انت بس السيسي راعبهم #انتخبوا_البرص,1
الانقلاب ضاق حتى بمن كان يعتبرهم علماء معتدلين من امثال الشيخ الحوينى !؟والدور ماشى ومش حيخلوا ؟!#انقلاب_3يوليو #مصر_الليلة,0
وال أستريتالمحققينسقوط طائرة مصر للطيران 2016/5ناتج عن تفجيرسقطت الطائرة بين باريس والقاهرة بالبحر ومقتل66 راكب  https://t.co/T51p6RWHmO,0
@eltangerino  @box_angham @linda43655916 اكيد لم ترى تقرير الصندوق الدولي عن الجزائر و صعود وتيرة النمو في الجزائر عكس المغرب غوغل 😉,0
_4 _2012 _ انتم اسياد النصاري باخلاقكم كنتم خير أمة اخرجت للناس,0
لجنة فاروق أبوزيد مثال صارخ لنظام يقوم على وأد الحريات سنكسر حاجز الخوف #,0
قي عز ماكان #السيسي شايل روحه على كفه علشان يحمي بلده كان #أحمد_شفيق بيضرب جمبري ويعمل ساونا وجاكوزي بدبي قولوا الصدق صح ولآ غلطهنهزر!,1
RT @arabia2_com2: #مايكروسوفت تطلق نسخة معاينة جديدة من نظام #ويندوز 10#الاخبار_التقنيةhttps://t.co/abJYDa4rMh https://t.co/8BduGAqFVS,0
https://t.co/LGPoqCVFW5 #Pamplona https://t.co/Q9r9W0Aavh باراك أوباما يشجع إبنتيه على الإلتحاق بالجيش https://t.co/g0k8jdVchH,0
@Lady_Eman92 @q8_Jobs  الجامعه العربيه المفتوحه ب 120 مع الامتحانات وتقدرين تخلصينها ب 3 اسابيع واقل اذا انتي تبين,0
اللعبه مو راضيه تشتغل ع جهازي حملتها وحذفتها اكثر من مره مو راضيه 💔💔💔😭 #SuperMarioRun,0
أبرز ما جاء في كلمة مندوب #سورية الدائم لدى #الأمم_المتحدة #بشار_الجعفري في جلسة لمجلس الأمن الدولي حول الأوضا ...… https://t.co/ZKBYoTsvaX,0
الأرجنتين في أرضها و بين جمهورها خسرانه من البارغواي حتى الآن، يقولون الأرجنتين منتخب في لاعبين كبار حتى بدون ميسي راح يوصلون الثلاث نهائيات,0
يا من اذا قلت ي مولاي لباني يا واحداً ماله ف ملكه ثاني أعصي وتسترني أنسى وتذكرني فكيف أنساك ي من لست تنساني لا اله الا انت #…,0
وجهة نظر ساذجة تقول أن من ناضل في الماضي يحق له أن يتحول إلى ندل اليوم,0
RT @azizeyah: شاهدت جزاءًمن المناظرة بين المترشحين للرئاسةالأمريكية:الديمواقراطية هيلاري كلنتون والجمهوري دونالد ترامب، وبغض النظرعمن سيفوز…,0
"أياكس يسعى لخطف الموهبة المغربية الأصل ""مستور ""من معقل ميلان #ميلان #اياكس",0
RT @The_Deep_State: اومال فين قناة السويس و المؤتمر الاقتصادي و الهري دا ؟قلتلك يا سيسي شغل العلاقات العامة و المرهمة مش بيأكلوا عيش http…,1
https://t.co/kulWfUCfAf هاشتاق #وتبقى_مآذن_القدس يذكر برمزية #القدس لدى المسلمين #اوقفوا_مكبرات_صوت_المساجد https://t.co/SyBsrLUc6G,0
#تحيا_مصر # #Ä #سأنتخب_السيسي !!!!!!!!!!!,0
"#بوتين يتوعد ""#الناتو"" بإجراءات مضادة رداً على توسعهhttps://t.co/Z8HwWC1Nul| #روسيا https://t.co/LTt7ZsilKq",0
RT @9min1: بوكيمون ايه يا جدعان الى هاقوم ادور عليه. خخخ دنا مكسل أقوم اشرب بقالى ساعه وعمال ابلع ف ريقى واقنع نفسي انى شربت ... 😃😂,1
حضرتك من شركاء #اوبر ؟؟؟ .. حتي لو لسه مبقتش....مكتب Uber Trust مستنيك بأقوه فرق عمل #Uber_Team .للتواصل ..… https://t.co/yzkujFV5FD,0
جريدة الموجز elmogaz#الوجزشاهد .. #ميريام_فارس تشارك متابعيها بفيديو جديد لطفلها جايدنالتفاصيل عبر الرابط:... https://t.co/fnOhD9xKXo,0
كلب هههههههههههههههههههههههههههههههههههههههههههههههههههه #MannequinChallenge  https://t.co/QevuLl575a,1
RT @watan_usa: “الحياة” السعودية تهاجم السيسي: مصر تعيش أوهام قيادة العالم العربي https://t.co/7Fgb7jTGHU https://t.co/52MZa6rp5B,1
ساعه ان كلاين النسائيةالسعر مؤقت من امازونhttps://t.co/GCjKAXW0aE https://t.co/4TGY2hkUli,0
#اغيثوا_مسلمي_بورما_وسوريا #ستبقي_حلب #الدعاء_الدعاء_لاهل_حلبهكذا كان موقف الشعب التركي مع الشعب السوريhttps://t.co/wGSCxty6gc,0
مصر دولة بنت ناس بس الزمن معاكس #المادة_لاولى,0
"عاجل الرئيس الأمريكي باراك أوباما يصل فلسطين المحتلة للمشاركة في جنازة ""شيمع https://t.co/gaaFGPPhGJ https://t.co/beMA29b32a",0
بعد الانتخابات الأمريكيه إن لم يلتزم أردوغان بما تم الاتفاق عليه مع بوتين وهو سحب المسلحين من حلب ، فسيتم دكهم تحت التراب .,0
أخبار ريال مدريد اليوم الاربعاء .. #اخبار نادي ريال مدريد الاسباني اليوم.. اخر مستجدات… https://t.co/Rtw1J3IIHy https://t.co/fRuIOB6hEO,0
إهداء إلى أمى الغاليه,0
Retweeted هاشتاق العرب (@TheArabHash):#فيديو | أهالي #القدس يرفعون #الأذان فوق أسطح منازلهم تحدياً لقانون سلطة... https://t.co/g43i0Lmuwl,0
في بيت حسن الموسوي و يلدا👏🏼#mannequinchallenge https://t.co/drxW0cLvCx,0
روزاليوسف- تحقيق الزميل / رضا رفعت كوارث استخدام الفحم في مصر #أوقفوا_الفحم,0
#الوطن| أمين عام #الناتو: نتطلع للعمل مع إدارة دونالد #ترامب  https://t.co/E8nzeLrCps,0
@RamyAyach حكاية جايي تحتل المرتبة الاولى على عرش الاغنية العربية 😍❤برافو امير 👏👏👏عمل بنفتخر فيه 😍😍#امير_الليل… https://t.co/zQ2LsbyPTe,0
ڤيديو كوميدي || آحتفال المانيكان بين فاردي و آحمد الشيخ 😀😄 https://t.co/zGk9YwZ1Pd,0
) ! #اولاد_ميت_عقبه #الزمالك #حب_الابيض_غير …,0
"متحدث #الحرية_والعدالة : عملي مع #الإخوان ""سبوبة"" والنيابة تأمر بحبسه ميمو",0
عادة ما يطلق على من يترك دراسته بالجامعة بالشخص الفاشل. ويندوز، أبل، تويتر، فيسبوك، أوراكل، واتساب، أوبر، وغيرها كث… https://t.co/sblZsrHU2X,0
"عدم السماح لغير المنتمين الازهر الشريف اعتلاء منابر المساجد ""كفاية عك"" #في_حاجة_صح",0
قاربت السنه علي ابشع مجزرة في التاريخ الانساني #فض_اعتصام_رابعة و العين مليئة بالحسرة و يمزجها الامل و الصبر علي,0
كل هذه التحركات من #السعوديةوإدارة #كيري هي محاولات يائسةلإخراجها من فشلها في حرب #اليمنبماء الوجه قبل تسلم #ترامبمن سيذبح #البقرة قريبا,0
رحت بسجل بنادي بس كلاسات رقص وايروبيك بدون سباحة قالت لي 6000 والله لو أنك بتطلعيني بيونسيه :(,1
هل الناتو صادق فيما يقول https://t.co/iDCAMJz37y #سبوتنيك #فلسطين #القدس,0
RT @M__albugaily: قردوغان حليف اسرائيل يدعم تنظيم داعش في سوريا ومع ذلك لم يغضب عليه أحد ويهدده كما يفعل مع مصر التي تواجه الإرهاب بشكل عام…,0
شرح تثبيت نظام ويندوز 10 (الفورمات) + نصائح مهمه بعد التثبيت |2017|:,0
#عدسة_الدرر_الشامية#حلب_تبادوصول دفعات جديدة من  المهجرين من أحياء حلب الشرقية https://t.co/T2Y4TMFl1L,0
من فيسبوك..ميزة جديدة لإخفاء الاعلانات المزعجة || https://t.co/xASGVgO5zw,0
ملاحظة غريبة عندما نطالب بشفافية التمويل فان انصار مرشحين محددين يثورون ويكيلون الشتائم يكاد المريب ان يقول خذوني,0
@12Looshi يالبيه بس غوتشي غوتشي,0
بعد عامين شر.. جانا صوت من وسط الشجر.. قال خلاص عهد الظلم مر .. الباطل راح والحق انتصر .. ورد الحاج كرر يا علاء.#بنغازي,0
#اردوغان في لقاء نادر على الاسرائيلية الاولى: لو اسرائيل أبعدت اسلحتها عن #الضفة و#غزة، #حماس لن تصوب سلاحها على #اسرائيل,0
ايوه الحين يزين الدوام مع لعبة #SuperMarioRun,0
مكتبات العبيكان السعودية بمصر تطلب اداري و HR https://t.co/gJI0Hc03Xg https://t.co/zXmNsQFo2P,0
@realmadridarab مفيش واحده #MannequinChallenge في عقر دارهم,0
@RamyAyach حصل البوب ستار #رامي_عياش على درع تكريمي من قبل اللجنة الطلابية في https://t.co/KENZzAoCoMالجامعة الا... https://t.co/DTHpCNxYU5,0
موعدنا يوم الأحد 4/12 أمام بيت الوسط لنطالب بحقوقنا ورواتبنا ،كل ينسق مع رفاقه و #على_الوعد_مكمل_دربك #سعودي_أوجيه  #سعودي_اوجيه_بدون_رواتب,0
#ليبيا  «البينان»: مقتل 7 «دواعش» بعد صد هجومهم في الجيزة البحرية https://t.co/Dw6eVPetrW #اخبارليبياالان #سرت,0
سأتجه الآن إلى الملتزم (بين الحجر الأسود و باب الكعبة) هناك يستجاب الدعاء و هناك لصق النبي جسده بالكعبة و دعا الله كثيراً سأدعو لكم كثيراً,0
شاهد احمد الشيخ يطلق تحدي المانيكان ثم يصاب اصابة قوية https://t.co/w2Sh3eZ2OP https://t.co/ED5H2daH6t,0
RT @alaraby_ar: وزيرا نفط إيران والعراق لن يحضرا محادثات إسطنبولhttps://t.co/K4IoYIBGtiالموقع البديلhttps://t.co/N9YkDo4N9T,0
أخبارنا تكنولوجيا | أبل تكسب معركة ضد سامسونغ بشأن براءات - سجلت أبل فوزاً غير متوقع على سامسونغ مع إعادة محكمة... https://t.co/udVBxsiLUC,0
RT @FCBW_A7: غوميز : نستمتع كثيراً في التدريبات في وجود ميسي و نستمتع أكثر حينما يُقدم لنا أشياء جديدة,0
ماذا قال الرئيس العراقي #صدام_حسين عن #فلسطين قبل استشهاده ! https://t.co/YHJVwNZAhl,0
دائرة الإحصاء المركزية في دولة #الاحتلال تنشر إحصائيات تؤكد فيها تساوي معدل الولادة بين النساء اليهوديات... https://t.co/suBixmtTg0,0
مقنبعه بين اردوغان و طفل ايران العبادي ههههههههههههههههههههههههههههههههه,1
أوباما وقادة أوروبا يتعهدون بمواصلة التعاون عبر «الناتو»https://t.co/L16nC6QqgW#الناتو #أمريكا https://t.co/KNI1pVCg7s,0
@REAMa_sa انا كبنت احب الش ر المجعد واسويه بالرغوه مثلها واهو طويل وقصير وفي بعض رجال يحبون الشعر اللي مو مرتب مثل ميريام فارس,0
#عادل_إمام و #هنيدي و #رمضان و #سمير_غانم وحضور كثيف للنجوم في عزاء #محمود_عبدالعزيزشاهد بقية الصور:… https://t.co/RNTYfRyYuA,0
678 ماحدش يجبرك على حاجة روحي الفيلم الكويس وقاطعي الوحش,0
عين تدمع وقلب يحزن ولسان يتلعثم وإلى الله المشتكى!#القدس#حلب#الموصل#فلسطين#سوريا#العراقكان الله في عونكم ؛ الله ينصركم على الظالمين💔,0
73 الله يبارك فيك الحمدلله شدو الرحال من لندن الى ليفربول كانو واثقين خلفهم العظيم مورينهو #صيعري #صحافه #اعلام,0
الخلاف حول سورية يطيح زيارة بوتين الفرنسية https://t.co/X5QnscfPk0,0
RT @Sir_HussIsco: خضيرة مع ريال مدريد كان يقوم بنفس أدوار فيدال وبشكل أفضل من التشيلي برأيي وكان من الأسباب الرئيسية بفوزنا بالليغا ونجاح ف…,0
3 الجزيرة ولا حاجة جنب قناته الشملولة اون تى فى الى بتتوقع الكوارث قبل حدوثها وتسبق لموقع الحدث,1
#تركيا: تقييد الأذان في #القدس أمر لا يمكن قبوله https://t.co/NfbZUnBNhQ,0
RT @BMA_6: #افضل_مباراة_تنس_شاهدتهافيدرر ضد جوكوفيتش نص نهائي فرنسا https://t.co/nT6mL7FPaI,0
RT @alaraby_ar: وقف الاقتتال في سورية من دون حل سياسيمركز حرمون للدراسات المعاصرة#مقالاتhttps://t.co/KzV7nJBxnvالموقع البديل: https://t…,0
يفضح كذب قناة الجزيرة ويكشف تمثيل الاخوان دور الموتى,0
#ريف_حماة #الجيش_السوري يستهدف بالرشاشات الثقيلة تحركات الأرهابيين في قرية حربنفسة جنوب #حماة مما أسفر عن مقتل وإصابة عدد منهم.,0
@oamaz7 @KHALED_KJO @Abmalgarni اليمني ما استخدم خرايط غوغل والا كان صاد القاعدة!استخدم خرايط آيفون 😜😂😂😂,1
عثر عمال قسم الإنارة على لغم أرضي موصول بأحد أعمدة الإنارة في طريق المطار في مدينة #بنغازي أثنـاء أعمال الصيانـة كا… https://t.co/nqfQVypTkQ,0
برشلونة يستهدف التعاقد مع خليفة بيكيه https://t.co/O7FAwRD7DP,0
أوباما يقول إنه سيشجع ابنتيه إن أرادتا الانضمامhttps://t.co/d5WmpbkNZwصرح الرئيس باراك أوباما يوم الأربعاء إنه سيشعر بالفخر إذا قررت ا…,0
@MaktabaAmma الدعاية التجارية ترفع الكتاب ولو كان المضمون تافه او غير مفيد، مثل سلسلة هاري بوتر وغيرها،فبعض الناس تبحث عن ما لا يجعله يفكر,0
RT @madrid2018: تمنيت لو ان فهد مثل ميسي .. ولكن طلع مختلف تماما !! https://t.co/5uO5OJxMFS,0
الحمد لله على نعمة الإسلام وقائد الحزم سلمان 💚فالاختلاط لا يطعم فقيرا و لا يحمي ضعيفا و لا يستر عاريا بل يفضح ! #ماذا_لو_المدارس_مختلطه,0
@Abdulkhaleq_UAE عليك من الله ماتستحقمستشفى لعسكر بوتن المجرم وتريدهم يعتذرون !!,1
"RT @AJArabic: شركة #غوغل تسجل دخولا قويا في عالم الهواتف الذكية بإطلاقها ""بكسل"" الذي تفرد بكاميرته الأفضل بالمقارنة مع منافسيه https://t.co…",0
عصام سلطان فضل عشر سنوات عامل نفسه منشق وضد الاخوان وبعدييين بعد الثوره اتضح انهم منهم ولا انشق ولا يحزنون,0
مرسى لم يعد رئيسًا لخروجه على الشرعية وقراراته غير ثورية,0
أزمة بين #أوبر و #كريم وسائقي سيارات الأجرة بالأردن.. الحكومة تدخَّلت لصالح من؟ https://t.co/OLN959KPTl https://t.co/wb4erL7o95,0
كله الا #القدس,0
وجاء اليوم الأسود على مصر ورفعت أسرائيل علمها على أرض عمرو بن العاص https://t.co/mwe5fk3aXI,0
@0z0z8 @ALMRISEUL @AAljahlan ريال مدريد بطل أوربا 98الرجاء بطل أفريقيا 98النصر بطل آسيا 98وكلهم لعبوا كأس العالم عام2000 ركز يا طاقية,0
RT @wenak_20: المتعه افضل من الزواج لهتك اعراض عامة #الشيعهعبث باسم الاسلام  https://t.co/467OZZvvz4,0
إذاعة سورية “مؤيدة” تنافس قناة الجزيرة القطرية وتسبق محطات عالمية.. من هي ؟ https://t.co/d8bnVWixve,0
@sadona_batoga غوتشي ام جيفنشي! هيا ابتعدي هناك,0
سبوتنيك: أوباما يعلن حالة الطوارئ في فلوريدا: قال البيت الأبيض اليوم الخميس، إن الرئيس باراك أوباما أعلن حالة... https://t.co/N2BmcY9MHR,0
الحد الأدنى والحد الأقصى #فسسسسسس,1
مازلنا نعيش عهد اللافعل,0
@ajmubasher ده اتحاد للعلماء المعرصين المتأسلمين التجار بتوع الريال والليره. رعاة الناتو وداعش والنصره,1
@cdnmai يحيا بوب ديلان ٣ مرات هههه,0
كان وده يسوي #MannequinChallenge بس ماضبطت وياه https://t.co/txT8L7WB0S,0
نرجو من #اوبر @Uber_KSA تغير سياسه ال 8 ريال كحد أدنى وجبرها لعشره ريالات لانها محرجه الضيف والسائق,0
@alalam_news بريطانيا هي منبع الإرهاب ومؤسسة الفتن والتفرقة بين الدول والأحزاب وليس لديها أي إنجاز مشرف في السلام.  #داعش #بريطانيا #إرهاب,1
@EssiRMA بالعكككس .. ماشفتي مباراة ريال مدريد وتشيلسي كيف كان الحضور ! 😃,0
@Kalmuqdad لا عليك استاذ نحن في الجزائر نسميهم ابناء فرنسى و فعلوا فينا مالم تقدر عليه امهم فرنسا,0
@beINSPORTS_MENAالغابوني لولانفاق الاعلام الغربى والجذور الافريقية لكان ثمنه من أغلى لاعبى العلم,0
اديش كان في ناس عالمفرق تنطر ناس وتشتي الدني ويحملو الشمسية وأنا بأيام الصحو ما حدا نطرني #فيروز https://t.co/P1I6KWtUD7,0
@qussady @Al36fa بوتن .... لكن الله يستر مايزعل علينا اخوتنا اللبرالين العرب ويقولون اننا عدائين واقصائين.....,1
#ديربي_المرسيسايد بالتوفيق لزعيم بريطانيا #ليفربول ❤️❤️,0
RT @aldiyaronline: ريال مدريد يطلق مشروعه لتحديث ملعب سانتياغو برنابيو بتمويل من امارة ابوظبيhttps://t.co/zEJWDJYkCX#نتيجه_الاخضر_مع_الا…,0
إرهاب ملالي إيران يفوق إرهاب داعش خسة وتهديدا للعالم فلما يسكت عنه المجتمع الدولي ؟؟؟,0
شاهدي Barbie بيونسيه الأقرب للواقع!ما رأيك؟ https://t.co/ojc8BKl8s4 https://t.co/hPhCE7wW4l,0
ابراهيم عقل نموذجا! #,0
إنفوجرافيك.. أبل تتصدر قائمة أعلى الشركات قيمةهاشتاق عربي- تواصل شركة أبل تصدر الشركات ا… https://t.co/G4Cm6W2g8n https://t.co/pavCjJsznG,0
#فيلم_نفسك_تعيش_قصته #___,0
السيدات حجّه وعائشه ومريم بنات أحمد الشيخ من النساء اللواتي يمثلن المرأه الرشيديّه الأصيله الفاضله والكريمه فلهن كل معزه وتقدير#بقلمي,0
@EGYPTAIR من خلال المكتب في ابردين,0
ضد الانقلاب: اعتداءات وحشية على المتظاهرين المتجهين للتحرير مع الانقلاب: الله يرحم العصير والجوايز للمتظاهرين فى التحرير,1
": أنا أنتظرك لأنني لا أجد شيئاً آخر يُسليني في غيابگ عنّي ! #اعترافات_ليلية""",0
-ضحايا استهتار الحكومة!-ضحايا اللامبالاة الشعب!-ضحايا المسؤوليين الفاشلين !-ضحايا الفساد؟كان ذنبهم الوحيد انهم… https://t.co/krRJL1iPjZ,0
#فريدة_الشوباشي لـ #عمرو_اديب: رأيي انت عارفه عايزيني أقوله تانى علشان اتحبس #كل_يوم​| #ON_Ehttps://t.co/ZGZgzYeruX,0
روسيا تحرق سوريا https://t.co/LDUv5L88DX #السعوديه_تقنت_لحلب,0
#عبد_الفتاح_السيسي @AlsisiOfficial يهني باختيار #جوتيريس سكرتير عام ل #الأمم_المتحدةhttps://t.co/Ff3WNWVwYq… https://t.co/2gns4eH3YS,0
RT @TustarNet: بالصور: أهل الأحواز يتحدون إيران ويتضامنون مع حلب -... https://t.co/mPqMe8YNZj,0
RT @karim_bahna: انت يا سلمانو يا راعي الإرهاب العالمي✔✔ وارهابك على اليمن وشعبه 😠😠😠😠😠سنرده لك بأذنه تعالى ✌ ✌ ✌#من_دمشق_هنا_صنعاء https…,1
RT @RRRa20_: #شرك_الرافضه_في_عاشورا فرق بين النور والظلام العباده والشرك اللهم نحمدك ونشكرك على فطرة الاسلام https://t.co/qTdQn7D5de,0
أدعو المجتمع السكندري لإعادة أكشاك النبي دانيال وحماية بائعيه وعدم التفريط في تراث اسكندرية من أجل محافظ مصاب بالحول الفكري وخلل الأولويات,1
سيلفي للفنانة 👇الذهبية #نوال_الزغبي @NawalElZoghbi باطلالة رقيقة جميلة صباح اليوم 💋❤🌹صباح الخير 😍 https://t.co/r5UMIAhRnd,0
عاجل | مجلس الأمن يوافق بالإجماع على قرار لإرسال مراقبين إلى #حلب الشرقية,0
الجزار الفاشل يحضر الآن سكينه لكي يذبح بعض كباش الفداء قبل أن يكتشف أن المشكلة أعمق من فشل الأشخاص فهي مشكلة فشل سياسات,1
مجلة فورين بوليسي : سياسة ترامب في سوريا ستنتهي بالقضاء على المعارضة المعتدلة و زيادة التطرف و نفوذ إيران و حزب ال… https://t.co/NejjJVPoYw,0
14 يوم على افضل واقوى العروض والهدايافي #Christmas #FIFA17,0
#غزة: مريضات سرطان الثدي يحمّلن إسرائيل المسؤولية عن حياتهنhttps://t.co/g4Gsyt8XOt https://t.co/0XmU7QjjIQ,0
RT @Rymyh_24: #السعوديه_الامارات #المنتخب_السعودى#فهد_المولد سيلفي ميسي مع هدف صديقه فهد المولد 😁👍🏻⚽️ https://t.co/5pUfX843HI,0
ترقبوا نصف النهائي الثاني لكأس العالم للأندية 2016FIFA ..كلوب أميركا 🇲🇽 - ريال مدريد 🇪🇸معلومات قبل المواجهة⬇️https://t.co/fq7IM3jEyM,0
RT @218Tv: #218TVظل المصور يظهر على جناح طائرة تهبط منها هيلاري كلينتون#مصور #ظل #طائرة #هيلاري_كلنتون https://t.co/GLeRVIHhZ6,0
المذيعة: استقبلت السفير الإسرائيلي إمبارح ليه؟اردوغان: واحد عضو حلف الناتو، ومصاحب الصهاينة من زمان عاوزاه يطلع إي… https://t.co/N3cEaOd6tz,0
أحمد حلمي يوجه رسالة شكر لـ #مهرجان_القاهرة_السينمائيhttps://t.co/EnXBIIeGPS#روتانا #مشاهير ahelmy,0
#مصر مش تكية !!! يا #هاشتاج يا #إبن_المثالية,1
"RT @IranObs_ar: #المرصد_الايراني#الأخبار | الأحياء الفقيرة موطن 11 مليون أسرة إيرانية""ترجمة خاصة""https://t.co/ftu4FrVESh",0
"😂😂😂 "": بالفيديو: #توفيق_عكاشة: #هيفا ولية ناشفة """,0
الإصرار علي الإستفتاء في ظل وطن ممزق وغليان شعبي وغياب أمني وقضاء معطل واعلام محاصر هو انعدام للإحساس بالمسؤولية نحو مصر,1
RT @dta33an: عندما اسقطت امريكا قنبلة هيروشيما ماذا حدث؟... #الارهاب_صناعه_امريكيه_لاسعوديه https://t.co/uxVpdq2RCr,0
قمة المسخره #الببلاوى بيقول انا ليا ملاحظات على قانون التظاهر :) ياعم هو انا اللى مطلعه ؟!,1
#السيسي يفضل سيسي وخسيس https://t.co/hQk2cFvrGv,1
يا #حلب أنتي عنوان الصمودبإذن ربـي ، لا لن .. تسقطـين ٰرغـم  حلف ، الروافض واليهودرغـم  بوتـن و #بشار .. اللعين,0
#صور: جانب من المسيرة التي نظمتها حركة #حماس في مخيم جباليا شمال قطاع غزة رفضا وتنديدا لمنع الاذان في #القدس والداخ… https://t.co/CZ5ZMZr9Fr,0
“كيف تحمي هاتفك الذكي بنظام أندرويد من القرصنة؟” by @Arabi21News https://t.co/GXqyjYWih0,0
RT @Qwt_Alrad3: هؤلاء هم قتلة #حلب اليوم يستنكرون مجزرة #صنعاء‼ https://t.co/I14yRPPtaO,0
٨ مدن تدفع لك المال مقابل العيش فيها https://t.co/YkA8M3ghEl عبر @YouTube #UCLdraw#Christmas#التقاعد_المبكر#مانشستر سيتي#باير ليفركوزن,0
قال النبي صلى الله عليه وسلم الإسلام أن تعبد الله ولا تشرك به شيئا وتقيم الصلاة وتؤدي الزكاة المفروضة وتصوم رمضان   - صحيح البخاري ﷺ #ﷺ,0
❤❤ عشق #اليسا,0
فيديو: #عادل_امام يقدم واجب العزاء لعائلة النجم #محمود_عبد_العزيزhttps://t.co/NXgcSt0X8l#البوابة https://t.co/F7t0nCxwzq,0
#قياده_السيارههذي الأشكال من سواقين #اوبر و #كريمالي يبغونا نطلع معاهم بدل مانروح بكرامه لحالنا بدون ايذاء من أحد… https://t.co/X67xI9FFYn,0
#اليمنية| #فرنسا تقول قرار #الأمم_المتحدة بشأن حلب خطوة أولى وتطالب #سوريا وحلفاءها بتنفيذهhttps://t.co/JwJFsCVfeh,0
#كاسترو: القتلُ بعد الوفاة | ربيع بركات http://https://t.co/0ryMoHrCMl  #السفير_جريدتكhttps://t.co/5n9LsxwIXS,0
سلام رامي . أنا كنزا من الجزائر راسلتك كدا مرة لكنك ما رديتش عليا فادا كنت رامي عياش الحقيقي رد عليا و لو بكلمة أرجوك .,0
صور ١٦١٢١٩ || جويو من تحديث فيسبوك TC Candler كاحد 'اكثر ١٠٠ وجه جمالًا لعام ٢٠١٧ ' والنتيجة ستكون في ديسمبر ٢٧👉… https://t.co/VNBfrQh5ce,0
شاهد.. نجوم #SNL بالعربى يفاجئون لميس الحديدى بتقليدها #عمرو_أديب على الهواء  https://t.co/QCw0uB1pm8 https://t.co/7sPpoB0AV2,0
"فيسبوك بيحب يقلب عليا المواجع:"""""""""""""""") https://t.co/Ttgbeyd48t",0
الكثير من المدنيين في حلب الشرقية رفضوا مغادرتها واصروا على البقاء تحت حماية الجيش السوري في حلب، البعض منهم طلع الباصات ثم نزل منها رافضا.,0
عادت حملة التشويه و الأكاذيب بقوة أجهزة النظام السابق تعمل بنفس الكفاءة نظام يحاول قمع الفكر المخالف هو نظام ترتعد فرائصه الثورة ستنتصر,0
تظاهرة كرداسة #مصر اليوم نصرة لأهلنا في #حلبوالهتافيا الله يا قهاراهلك #السيسي و #بشار#مات_ضمير_العالم… https://t.co/zGEd4eP0jO,0
خُلقت مبرءاً من كل عيبٍ ،، كأنك قد خُلقت كما تشاء #سيدنا_النبي,0
هوة بالنسبة للأقباط انتوا نسيتة مذبحة #ماسبيرو واللى كان بطلها المجلس العسكر اللى كان #السيسى فيه وكان رئيس,1
مين بين كل الناس اللي اتصدمت في تأييدهم للسيسي صدمتي في #حمدي_قنديل لا توصف!! وتأكيد على مبدأ: #أوعى_تتفاجيء !!,0
كنت بعيط لما حلقة بوكيمون تفوتنى ياريت نرجع  اطفال تانى https://t.co/MYsV14cQWc,0
هذه شهادات ممن نجوا من السجون #الاانظمة_العربية و #الاحتلال جميعها واحدة وتكمل بعضها البعض1#IVD #حزب_الانتفاضة https://t.co/EIx8Jenj0b,0
@sadoon72 تجربتي من الشراء من امازون البريطاني مقارنة بالامريكي اقل ب ٢٠ الى ٣٠٪لنفس السلع,0
#اليمنية| بالصور.. تدشين برنامج غسل اليدين بمدرسة الشهيد #جعفر بـ #التواهيhttps://t.co/VxKFoHj8SM#التحالف_العربي_سند_اليمن,0
جوجل تعمل على دمج نظام أندرويد في السيارات https://t.co/Sq8L5BGXtC,0
طلعنا من حلب الشرقية بسلام والحمدلله,0
"#ذكريات_مدرسية #جيل_الثمانينات لن يفهما غير العباقرة "" كنت عامل بيه غسالة",0
رئيس #مهرجان_القاهرة_السينمائي تكشف مفاجأة عن حضور #سما_المصري لحفل الافتتاحhttps://t.co/tXpMQ8g2vX https://t.co/nV6SaZSAGk,0
مستوطنون يقتحمون المسجد #الأقصى المبارك تحت حماية قوات #الاحتلال https://t.co/kDWiH2y1kn,0
مازالت أمامنا فرصة لإثبات فقدان هذا المجلس للشرعية: العمل من أجل استقالة نواب المعارضة والمستقلين مصداقيتنا في أفعالنا,0
"""أبل"" تحذف Dash https://t.co/r5xlTTCqUW https://t.co/05WyMLHY4Z",0
#يوسف_الحسيني إعلامنا نكدي والمسئول الأول عن حالة الكأبة الموجودةعلى وشوش المصريين #السادة_المحترمون …,1
انقلاب ضد الاسلام أغلقوا القنوات الإسلامية وفتحوا القنوات الإباحية ويجدون من يصفق لهم ويهتف لسيسي,0
نظام بشار الأسد يستخدم مسلسل (Game of Thrones) الأمريكي لاستقطاب السياح إلى حلب https://t.co/PRxzisJWCQ,0
لعبة #بوكيمون_جو تحصل على تحديثات جديدة#الاخبار_التقنيةhttps://t.co/rkcI7j1ujt https://t.co/WDKy6plGsI,0
«الهلال الأحمر» تطلق « #صرخة_حلب » لدعم النازحين السوريينhttps://t.co/YwJ1GVXor0#حلب_تباد_بصمت_عربي_ودولي#حلب_يالله_ليس_لهم_غيرك,0
#ذات_مومنت لما موبايلك يغطس في البطنيه وتقعد ادور فيه ما تلقشي واخر حاجه تنفض البطنيه يقعد الموبايل ايتخبط فيالوطى :/ اصلا عادي,0
RT @daloaqana1: عااااااجلكافة تفاصيل مواجهة الاهلى برشلووونةالتفاصيلhttps://t.co/0JjSbXRx3t #الاهـلي_برشلونه,0
#فيدرر سيكون في دبي نهاية العام لذلك واقعيا يمكن له ان يلعب في مبادلة خصوصا انها تنتهي 31/12 في حين ان اول مباراة ل… https://t.co/ie9SSSL57h,0
أوقات لازم تشيل التفاحة الصالحة من السلة المليانة تفاحات فاسدين#ابو_صعب #حكومة_لبنان,0
حمى الاعتقال فاقت الواقع والخيال,0
في مثل هذا اليوم 29 اغسطس استشهد البطل عملاق الفكر الاسلامي #سيد_قطب بعد ان اعتقله عبد الناصر وقتله ظلما …,0
واقعاً معاشاً لبنان هو بلد محتل من قبل إيران بواسطة جيشها المحلي المسمى حزب الله https://t.co/4rzuwGxiwa via @LCCC,0
"""فيتو"" روسي يفشل مشروع القرار الفرنسي بشأن سوريةhttps://t.co/o0zyiqvYuCالموقع البديلhttps://t.co/5c8XrBf06O",0
انتهاك حرمة المسجد الأقصي علي يد الصهاينة جريمة لن يغفرها التاريخ لكل الصامتين و السؤال عن الدور المصري أصبح مطروحا بقوة,0
رفض التلفزيون المصري ظهوري في برنامج عمرو خالد حملة التعتيم و التشويه مازالت مستمرة,1
محمد حمد زكي يتخطي رقم احمد الشيخ في خروجة عن قايمة المباريات,0
@Samar__Sayed غوتشي,0
اكثر صورة ضحكتني اليووم #ترامب #السعودية #Trump #Santa #Christmas  #WhiteChristmas https://t.co/u31F4XTUjz,1
بـ مناسبة الفوز ب كأس رئيس الدولة 💛😂#الوصل #MannequinChallenge https://t.co/q0CKc87tGm,0
طلعني انا كمان من المنشنكل اللي بتفكر فيه جنس ومخدرات الذعر الجنسي ده هو اللي مأثر عليكم,0
بغنيلا وبدئلا وغير بحبك مابئلا #رامي_عياش,0
حملة هيلاري كلنتون تؤكد وجود سماسرة اردنيين يشترون اصوات لترامب وخصوصا باوهايو 😂,0
تركيا تنفي إبرام «صفقة» سرية مع موسكو حول سوريا https://t.co/sdSfn4hMUP #الكويت,0
كما تهمنا #مصر تعنينا #دمشق وكما تُشقينا #غزة تقتلنا #بغداد وكما نحب #اليمن نخشى على #ليبيا أما #قطر فهي سيدة النهوض و…,0
ربنا يديك الصحه يااسطوره #عادل_امام,0
معارض إيراني لراديو الكل: الحرس الثوري  كان يريد إبادة #حلب الشرقية لتكون درساً للثورة السورية https://t.co/k0pC3Upsgp,0
رمز_ترويجي  #اوبر  ١٠٠ريال   51wjar2gue,0
RT @saadhariri: ٦- أين دموعهم من الجرائم التي يرتكبونها في سوريا والعراق واليمن وغيرها؟ أين دموعهم من أيديهم الملطخة بالدماء في حلب وكل أنح…,0
"RT @AhramArabi: https://t.co/5ealM5zo79  فتح الله جولن لـ""الأهرام العربي"" (1): محاولة الانقلاب بتركيا مسرحية.. وفضائح الفساد سبب انقلاب أر…",0
الرضا بماا كتبه الله لك~ يجعل لك الحياة كما تريد♡,0
"https://t.co/U8RzwG8z4t عرض يحاكي ""معركة موسكو"" عام 1941",0
RT @muslim2day: قيس الخزعلي أمين عام مليشيا العصائب الشيعية التكفيرية:معركة استعادة #الموصل⁩ هي معركة الانتقام والثأر من قتلة الحسين وأحفاد…,0
تتعانق الاخوات#حلب#بورما#غروزني#سربرنيتشا#غزةمع اختهم الكبرى #القدس في خدمة المصالح العليا للامة العربية والاسلامية,0
"تحليل المباراة بقلمي :DFilGoal | كيف نجح الفراعنة في الفوز على الكونجو بـ""اقتباس من برشلونة"" https://t.co/6VLsOFFUgq via @FilGoal",0
#ستبقى_حلب دولة الباطل ساعه ودولة الحق الاقيام الساعه,0
123 هنا خطأ مننا نحن الأحزاب المدنية فلقد وافقنا على هذا لعدم خبرتنا,0
الكشف عن شبكة برمجية خبيثة تتلقى الأوامرعبر #تويتر التفاصيل مع #نايلةالصليبي https://t.co/lngKUQM5Vu via @MC_Doualiya #TWITOOR #ANDROID,0
#عدن_لنج |السلطان علي عبدالكريم في ذمة الله مات سيد الرجال .. مات اشرف الرجال#عدن #اليمنhttps://t.co/bIVGSEs5WX https://t.co/tGj4qrhFth,0
#بوب_ديلان يصف فوزه بـ #نوبل للآداب بأنه «مثل الوقوف على سطح القمر» https://t.co/iFJWJ1EP17,0
بعض الأصدقاء الذين أحترمهم رفضوا فكرتي بفظاظة لازلت مقتنعا بها مهمتنا ان نقضى على الأمية وان نقضى أيضاً على استغلالها لحساب اى فصيل,0
شعب يودع زعيمه - تشييع القائد كاسترو !وداعا كومندانتي ✌✌✌#كاسترو#وداعا_فيدل#كومندانتي#القائد_كاسترو#كوبا https://t.co/H16JaYcpet,0
#ياولاه_الامر_نحتاج_الهييهيقول الله :{ والله يريد أن يتوب عليكمويريد الذين يتبعون الشهواتأن تميلوا ميلًا عظيما}.#ماذا_لو_المدارس_مختلطه,0
#اليمنية| أسعار الخضروات والفواكه واللحوم بـ #صنعاء اليوم الإثنينhttps://t.co/7qGcfCMx7A#التحالف_العربي_سند_اليمن#جنود_التحالف_سند_لليمن,0
نجمتنا الذهبية #نوال_الزغبي مع الإعلامي #زكريا_فحام صاحب موقع #خبر_عاجل 😍 https://t.co/EfBxEhcV74,0
#أوبر تطرح خدمة جديدة لحفلات الزفاف في #الهندhttps://t.co/81qAqaNrnF https://t.co/9FSsP82QIw,0
@naif2011nai @Medium #السعودية بلد عظيم به مقدسات المسلميين #قطر_بنت_الوسخة تحكمها #موزة القواد #تميم رعاة للارهابيين دمرو #سوريا و #ليبيا,1
يوسف الحسيني بالفيديو يفضح كذب قناة #الجزيرة ويكشف تمثيل #الاخوان دور الموتي #مصر,0
350 طفلاً فلسطينياً يقبعون في #سجون #الاحتلال https://t.co/EQiReCwBLZ,0
السعودية تطرح سندات دولارية باول اقتراض لها من السوق الدولية https://t.co/EabIHbSgNx,0
التنظيم الدولي للإخوان تعلم على يد رامسفيلد يقوم بحربين في وفت واحد او #كلام_و_كلام #يوسف_الحسيني #…,0
بالنسبة للناس الي بتقول انها #هتحبك_لو ضحكتها وهي بتعيط حضرتك انا مش هسيبها تعيط أصلاً,0
لما اعرف ان #محمد_رمضان عامل مسلسل في رمضان الجاي اسمه ابن حلال أمال مين اللي يبئه ابن كلب,1
#عيد_الأم #امي امي يا اجمل ما يبدأ بهِ يومي فَ سبحان من صنّع من دعواتكِ سعادةٌ لي لا تنتهي,0
أوباما يلاحق محمد بن سلمان !!: https://t.co/xDtS3uKFal via @YouTube,0
@LOW_HR @Eyaaaad جاك أيفون ٧ هدية 📱,0
العربيات عامله mannequin challenge دلوقتي عند كوبري ستانلي #mannequinchallenge,0
#ماذا_اعطاك_الوهاب_ الحمد لله انه الوهاب و ليست الهبات في يد البشر,0
«أبل» تنتصر على «سامسونج» وتستعيد 120 مليون دولار https://t.co/EVsbFwSQI0 https://t.co/pojXGDVHT6,0
نشاط #بيت_الوسط #لبنان - https://t.co/CqEG2qcmgu https://t.co/ckmIL3siHQ,0
#CyberAman بريطانيا: التحالف السعودي استخدم قنابلنا العنقودية في اليمن https://t.co/mQ6frTIDa7 https://t.co/tT22nCa9Wp,0
RT @alazzazy: #كوريا تستحق الإحترام.. #كوريا تستحق الإسلام.. فمن لها يا كرام؟! https://t.co/IrWH1xQnNC,0
RT @alhjryzaydz1: صديقي انت : من خلال صفحتك انت تمثل الإسلام فلا تنشر إلا ما يرضي الله، وكن مفتاحا🔓 للخير، مغلاقا🔒 للشر 🌴🌴🌴 ❤,0
#ماذا_لو_المدارس_مختلطه ماراح اغيب ولا يوم,0
🔹الثقافة القرآنية🌹🌹✨🔘 أثر الرسالة الإلهية يتحقق من خلال الارتباط بالرسول ورسالته.💚ذكرئ.المولد.النبوي.الشريف,0
تنمية محور قناة السويس يعد مشروعا قوميا #السادة_المحترمون,0
"RT @Dr_Magid1987: حنان الفتلاوي تدعو اردوغان للتهيؤ لاستقبال جنوده بـ""توابيت خشبية!!الصفويين يغضون الطرف عن الوجود الايراني ويغضهم تدخل تر…",0
#عدن_لنج |قائد الحزام الأمني يزور السجن المركزي ويطلع على قضايا المساجين#عدن #اليمنhttps://t.co/dWGEogYJ18 https://t.co/dTtHs6wRGP,0
#الموظفة_السعودية لديها القدرة لإقتناء ٤ سيارات ولكن في الوقت الحالي نسبة ٣٠٪ من راتبها يذهب لـ #أوبر و #كريمما جبنا طاري #النقل_الصباحي,0
ادعوا الى إتفاق القوى الإسلامية والليبرالية واليسارية على تداول السلطة في إطار الالتزام بمبادئ الشريعة الإسلامية كمصدر أساسي للتشريع,0
أعجز الخلق من عجز عن الدعاء.الدعاء سهم من سهام الليل ..لا يخطي ولكن له امد وللامد انقضاء فاكثروا من الدعاء الاخوا… https://t.co/XYaKkDkHYW,0
@KSA24 مالقوا غير لبنان الي فيها حزب الله,0
ابغا اتفرج هاري بوتر وكس ام الواجبات,0
استياءه من الحرية الزائدة المعطاة للوزير جبران باسيل من قبل الرئيس ميشال عون للتدخل في ملف تشكيل الحكومة,0
هذه الأعمال شهدت صراعًا بين #عادل_إمام و #محمود_عبدالعزيزhttps://t.co/IXgQIHOViV#جريدة_الحقيقة https://t.co/6c0TfCEdFC,0
بلبل حلو؛  يا ما الو ؛ صابر على جنون الرياح 😍😍😍😍 #رامي_عياش  #أمير_الليل #لبنان @RamyAyach,0
القدس العربي||هل سيقوم نجلا #حسني_مبارك و الفريق #أحمد_شفيق بالترشح للإنتخابات الرئاسية في 2018 ؟ ..… https://t.co/aMtCJeEVqE,0
"RT @WorldArt_: الفنانة ""ميريديث"" تُزين جدران بيتها بكتابة أول صفحة من رواية هاري بوتر. https://t.co/5DjzVbfdni",0
RT @MmaQarat: تحميل كتاب باراك أوباما احلام من ابي لكاتبه باراك أوباما ن هذا الرابطhttps://t.co/27aQEjxgks https://t.co/ATl2Xc0Ank,0
#رويترز||#لافروف : #الجيش_السوري نفذ الهجوم على القوات #التركية .https://t.co/D4ZIHOrgHG https://t.co/iTEAVymENF,0
5 سقوط الكنيسة مع البابا المتطرف تواضروس مفهوم ومرتبط بالمصلحة فى تقويض مكانة وهيبة الاسلام فى مصر واستفاد بخبث من مبدأ استعمارى (فرق تسد),1
رجل تقتل ابنته ويسجن هو ورفاق دربه ثم يبتسم يوم القبض عليه انه الحق اصحابه دائمأ مطمئنون …,0
#ليبيا  بركه يدعو لتشكيل قوة أمنية لوقف الاقتتال في #سبها https://t.co/uVK8k4OwYJ #اخبارليبياالان #ليبيا,0
@BBakr70 أين أنت من الاندماج؟ فيلق الشام ليس القاعدة فأين الوحدة؟ أين الوحدة مع جيش الحر؟ كنا نسمع جبهة النصرة هي القاعدة. ... والآن؟؟,1
#لافروف: المشاورات في #حلب أصبحت قصة بوليسية https://t.co/lY3qdm2l4L,0
RT @Ym_HA_Tu30_11: ارادوا إخفاء ارتكابهم جريمة #مجزرة_القاعة_الكبرى والله كشفه#شاهدوضع #بني_سعود و #عيال_زايدخطة تحاكي لبيان داعش https…,0
تعرفوا الضابط اللى قبض على #هيثم_محمدين نزله ليه وفتشه !!؟ عشان ذو لحية و شعر طوال ? و كتب كده ف المحضر و اتكسفش على دمه,0
RT @TahrirSports: ⬇⬇نادال المركز 5فيدرر المركز 7 https://t.co/yZgVWvgOQL,0
لماذا ياأخي تتهمنا بإثارة الفتن عندما نطالب بتحمل مرسي المسئولية السياسية كما كنا نفعل سويا أيام مبارك؟ مش عارف بس هما قالوا لي أقول كده,1
@om_loai1311😳😡😤😰 هؤلاء أصبح لا قيمة لهم خصوصاً الجامعة العربية والامم المتحدة بالنسبة للجامعة يجب حلها وتوفير أموال تُصرف سُدى وكذلك الامم!؟,0
من غير المعقول أخلاقيا ان نُخَيّر  أهل #حلب بين الموت بالهجرة والموت تحت القصف لمجرد انهم طالبوا #بالحرية ..هذا معيب بحق المجتمع الدولي,1
تقرير الحالة العسكرية في سوريا من 10 الى 18 / 11 / 2016 عن معهد الحرب في #واشنطن . https://t.co/Qh4pBwftZA,0
كل ما يفعله أبو زيد وزير الرياضة يضر الرياضة اخر شائعة عن تعيين كمال الجنزورى رئيسا للاهلى شباب ثورة 1919 سيعود ليقود الرياضة فى مصر,0
الغريب في #يوسف_الحسيني انه بينتقد #ياسر_برهامي و هو اكبر برهامي انا شفته في حياتي #مصر,1
RT @SaudiAndroid: مثلاً قبل سنه تقريباً يوم فازت سامسونج بحكم حظر اجهزة آبل في أمريكا بقرار من وزارة التجارة .. انتفض أوباما بسرعة لإستخدام…,0
@heshamserry قوقل او في قولٍ آخر غوغل,0
خبراء زراعيون: الشون الزراعية سبب إهدار كميات كبيرة من #القمح وسعر الاردب غير مرضي للفلاح # #مصر,0
اللهم بارك تلك الحمم التي تنزلها بطون الطائرات الروسية والسورية على رؤوس الجماعات الإرهابية في حلب,0
RT @AlmosaferGuide: 3 منتزهات ترفيهية في موقع واحد قرب برشلونة 👇العاب مائية، عالم فيراري (2017) .. وملاهيhttps://t.co/aSaLNEUBGT...@t…,0
"يهنئ حزب الوسط الدكتور عبد الفتاح ماضي بتعيينه رئيسا للمجلس القومى للشباب ويتمنى له التوفيق""",0
#جبران_تويني كالنسر يحدق في وجوه الذين تخاذلوا وخانوا الامانة، وفرطوا بحقوق لبنان وشبابه، ويسألهم #بس_سؤال ، من قتلني مرتين؟ #هوا_الحرية,0
ICQ على أندرويد يحصل على ميزة ردود الأفعال في القصص https://t.co/TybWbqxcfu https://t.co/b0q7An3htY,0
فوشيا+موف+بنّي+دهبي+ ٢ كيلو دقيق أبيض تحت العينين ياااااظلمة س,1
إحنا مايفرقش معانا هو موافق ولا لأ إحنا عايزين حنان ليس إلا,0
خفي علينا يا بيونسيه 😂 https://t.co/VqAxXwdIu9,0
#شكوت الئ #كيري سوء #حربي فارشدرني الئ ترك #المتارس _واخبرني بأن #الحرب_نارونارالحرب لاتأتي #بخير ايه راي @علي البخيتي,0
مقتل 17 من داعش بقصف بطائرات عراقية  #ولاية_دجلة  https://t.co/Ol0JGaxH0O ;,0
#lebanon  أوغلو في بيت الوسط لبحث المستجدات في لبنان والمنطقة  https://t.co/HZhq796xJJ,0
الاعتقالات وباء وانتشر فى مصر والحبس الاحتياطى فيروس يلاحق المعتقلين,0
"نسأل الله أن يحفظ شيخنا من كل مكروه ويمن عليه الصحة والعافية #سلامتك_يا_خليفة """,0
#اليسا ضيفة مميزة مع الإعلامي #عمرو_اديب ترقبوا الحلقة يوم ٢٣ ديسمبر الساعة ٩:٣٠مساء@elissakh #elissa ... https://t.co/XkbviX1aJb,0
انهزام #الارهاب واعلامه الارهابيهستيريا تضرب وسائل الاعلام العربية بعد انتصارات #الجيش_السوري وحلفاؤه في #حلب… https://t.co/93DL6SyPwJ,0
كويس بريطانيا ماهي دولة عربية ..!كان هذي تحكم البلد وتدير ( كافة ) شؤونه كل هذه المدة لوحدها ..! https://t.co/KTcpDcIO0r,1
تعلم كيفية ارسال رسالة فى بريد الجميل فى جوجل https://t.co/Bi0XrsMNIO https://t.co/o3SNH1Zevc,0
برشلونة مهتم بالتعاقد مع لاعب سويسري - https://t.co/2YP4a6Vlub https://t.co/aB3eTCRK3f,0
https://t.co/11SSu4j6Zo  #لبنان #ميشال_عون يؤكد على تعزيز العلاقات مع #السعودية https://t.co/TEfVpoBu9a,0
اكتشف 5 معلومات لا تعرفها عن روجر فيدرر نجم رياضة التنس: https://t.co/rPJXyAMNTD via,0
معااااااااااااااااااك يا ريسنا معاااااااااااااااااااااااك #تحيا_مصر #السيسي_حبيب_الملايين #سأنتخب_السيسي,0
#بوكيمون جو يحصل على تحديثات جديدة لجذب المستخدمين اكثر#PokemonGO #تطبيقاتhttps://t.co/d1c3CrE4ry,0
@golnar37110879 @hamedalbukhiti صار اللي خايف منه، حزب الله جديد في اليمن، ادركوهم قبل ان يدركوكم,0
@i_turki90 هذي بنت الفنانة نوال الزغبي,0
انت مدرسه ياكبير ياريت العالم تتعلم منك نيال لبنان واهل لبنان فيك بنحبك ونشتاقلك كل ثانيه  #RamyAyach #رامي_عياش @RamyAyach,0
الغشيم فعلا يا هيموتك يا هيزنقك تموته أخطر خصم في الحقيقة,1
خطوة رائعة للحفاظ على هيبة ونقاوة الحدث #كاسترو زعيم له جماهيره الواسعة https://t.co/9EXEc6lDpc,0
@bushralattas برجاء زياره مكتبنا بالمطار يا فندم و سيقوم احد ممثلينا بمساعدتك,0
RT @Tjvip4rMoot8wvt: الى اهلنا في الدول العربيه من اهل الخير يوجد 20 طالب مهجرين من العراق في تركيا لم يدخلو المدارس لانهم حالهم صعب ولا يم…,0
@waleedAlnomasy @Spamforda3sh هيلاري كلنتون تقول ان داعش صنيعتنا بمساعده بعض الدول والسعوديه على رائس تلك الدول هذا كلام عمتك مو ايران,1
#مصر #السيسي تنتكس وتعود للعصر الحجري وحكم الغاب يحزنني حال الذين يدعمون هذه الهمجية والنازية الجديدة #مرسي #السعودية,0
الطفلة سناء بابنسي تسع سنوات تحكي قصة العذاب والنزوح من أحياء حلب الشرقية الى مراكز الإيواء المؤقتة للنازحين في ريف… https://t.co/1VIO41t3Rt,0
تبني تنظيم داعش الارهابي عملية له اليوم في #بوصنيب  #بنغازي #وكالة_أعماق https://t.co/oOu2vQ2MbL,0
#جمال #خيال #حقيقه #جميل #درر #حكم #أعجبني #حكمه #بقلمي #شوق #بوح #شعر #قصيد #رتويت خمس الاف متابع بـ 200 ريال 132,0
البرنامج - الحلقة 12 كامله:,0
موقع مدينة القدس - Al-Quds City - القدس: بلدية #الاحتلال تبحث مخططاً لبناء 1440 وحدة استيطانية شمال شرق #القدس https://t.co/6UEd6NmEpL,0
RT @emad_AlMudaifer: #إيران و #القضية_الفلسطينية و #الإسلام..مقالة حقائق مهمة بقلم الدكتور #رضوان_السيد   @aawsat_News https://t.co/8Usi4t…,0
https://t.co/1Hx6Saf0Sb حفتر و إحداثيات قصف الناتو لليبيا على اليوتيوب و البث الحى 😈,0
@roroazotb3 ماقلبو اليوم شفت هيلة تكتب عن حقوق المرأة هما بس ضد أنو نستعمل الأعلام الغربي ومعاهم حق ..!!,0
RT @azizmousaa: والعبادى نسى انه مجرد موظف لدى امريكاحتى اوباما مابيسلمش عليه مثل السيسى😁فكان رد اردغان عليه باختصار(ياهذا انت مجرد حشره),1
تدوينة هامة,0
#Echomoda “بيونسيه” وابنتها بأناقة “غوتشي” “ولوران”: حقائب “غوتشي” Gucci تفضلها المشاهي... https://t.co/GP46cMFxv5 #ازياء #فاشن,0
السنه الجايه انشاء الله مهرجان القاهرة السينمائي هيكون برعاية شرطة الآداب 😂😂 #مهرجان_القاهره_السينمائي https://t.co/KLQv7qtc2R,1
2011 الله ينور عليك يا دكتور هو ده التفكير اللى عايزينه مش كم مسجد وكم كنيسه,0
معدّل البطالة في #الولايات_المتّحدة في أدنى مستوى منذ 9 سنواتhttps://t.co/V8ZRSRoXsk https://t.co/tIbwuKko0r,0
RT @3alyoum: #الأهلي يواجه #برشلونة.. والجماهير تزور سراجhttps://t.co/QmmIJnBodY https://t.co/woHRiaS3G6,0
"قال #لافروف: ""الجماعات التي سترفض المغادرة من #حلب ستعامل على أنها إرهابية، وسندعم الجيش السوري ضدها"". https://t.co/jO4s1qlvpu",0
“غوغل” تتحدّى “أبل” و “سامسونغ”: أعلنت جوجل يوم الثلاثاء عن هاتف ذكي جديد باسم “بيكسل” وجهاز للواقع الافتراضي... https://t.co/hRIHsRXaLA,0
"الحريري يستقبل ستيفان ديون مساء اليوم في ""بيت الوسط"" | Rassed https://t.co/WYGBYpxzrw https://t.co/emuydc4CIN",0
سعدت بزيارة الشيخ المُربّي الفاضلعبدالرحمن بن عبدالخالق وفقه اللهوأهداني آخر مؤلفاته.#مذكرات_ناشر… https://t.co/XSw8E1eGXN,0
= للذكرى والتذكرة من العام 2012= علشان كده سيسى عايز يخفض الخصوبة بتاعة المصريين والمصريات= مش هايحط كافور بس... https://t.co/ZB1AvtriDt,0
اجرأ سيدة فى مصر تعليقا على مجزرة رابعة العدوية,0
7_ انا عاوزة احرق #أماني_الخياط بالغاز !,1
معرض #الصين للحياة المنزلية يفتح أبوابه في #دبي بمشاركة 1500 شركة تعرض 70 ألف منتجاً https://t.co/67dYyCIeqE https://t.co/DM6Z6I6nbV,0
وقلبي لازم يبقى اقوى من كده... وانا قبل ما ادخل تاني اي تجربة... عمري ما احب حد وعيني تبقى مغمضة... 💔 #اليسا,0
انا فعلا نفسي تحصل منظره بين #حمدين و #السيسي,0
#السيسى_هايصالح أحمد عز وزينة وهاياخد العيال يربيهم علشان يتفرغوا لخلفة عيال تانية #الجيش_قتل_رضا #حاميها_حراميها #الداخلية_بلطجية #المشيرة,1
RT @Ahmed2I3h: وتتابع صحيفة النيويورك تايمزالتي خلقت كارثة إنسانية في أحد أفقر بلدان العالم  وإثارة الإرهاب ، والأمر بيد الرئيس #أوباما لي…,0
مدير جامعة الإمام يستنكر الثناء على #أردوغان ويعتبر #تركيا دولة فاسدة فاسقة فاجرة تنشر الرذيلة #مكة #السعودية # #,1
#احمد_شفيق - https://t.co/PPSfJoqUtD الجنايات تقرر رفع اسم أحمد شفيق من قوائم ترقب الوصول,0
ارتفاع اسعار #الغاز #السولار #البنزين #الدواء #الغذاء في #مصر صدق #السيسي في انه سيرفع الدعم وانه عذاب ومعاناة #انتخبوا_العرص,0
مهزلة .. ان يأتي محتل غازي لبلدك ويهددك بالخروج منها او الموت !! #لافروف #حلب,0
بوتن يقول بأننا نحتاج أصدقاء و لا نبحث عن أعداء. هل أفعالة تصدق أقواله؟ https://t.co/bv3bNHzL4S,0
RT @AJArabic: بشار الأسد ينفي استهداف قوات النظام لمستشفيات في مدينة #حلب، ويقول إن ذلك ربما يحدث على وجه الخطأhttps://t.co/097mxh04Sv,0
RT @TahrirSports: ⬇⬇نادال المركز 5فيدرر المركز 7 https://t.co/yZgVWvgOQL,0
أيها الاخوان لستم ضحايا اننم خنتم الثورة وتواطئتم مع النظام القديم وعذبتم الثوار وقتلتموهم حتى ثار الشعب ضدكم الى متى تخدعون أنفسكم,1
أولى بشائر النظام اللبناني المسخ بعد تولي ميشال عون الرئاسة، جدار فصل عنصري حول مخيم عين الحلوة، والله العرب بيأدوا… https://t.co/7aHlY0t7qq,1
@BICORES @khder70003 شنوا الى فى المسرحيه الدوله حليفت روسيا والنظام   وتقتل فيهم شنو هل الغباء حسبنا الله ونعم الوكيل همكم الدوله بس,1
RT @ALAMAWI: #القلمونالجيش الحر يتقدم على حساب #داعش بالقرب من العليانية ويغتنم سيارات مع مضادات أرضية ويوجد العديد من الأسرى والجثث لعناص…,1
شكرًا دونالد ترامب لاجتهادك العالي وهمتك الواضحة لضمان نجاح هيلاريولأدائك التمثيلي العالي الذي يوضحبرنامجك الانتخابي في الصعود الى الأسفل,1
"#موسكو: استئناف #المفاوضات السورية في #كازاخستان ""أمر واقعي""https://t.co/ZhtM61wRt2#ميخائيل_بوغدانوف… https://t.co/MNTCId6984",0
وغاب عني وفراقه حبيبي شيء تآني ..عذاب مش بآلكلام احكيه 💔#اليسا https://t.co/LNjehLMxsQ,0
موقع #اتحاد مكتبات #الجامعات المصريةحاجة مبهرة وخدمة عظيمة للباحثين واضافة رائعة للمحتوي العربي علي الانترنت,0
RT @alhoraa23: تدريس البوم بيونسيه الاخير في الجامعات الامريكيه !!!!ليش ميدرسون البوم كاظم الساهر 🤔 لجامعاتنه ؟؟!!! https://t.co/W8YaXeRqoO,0
@Arrgwan تويتر و فيسبوكاصبحت منابر الشرفاءلرد كيد اعداء الفضيلهفي الاعلام الاجير.,0
RT @sxahl: هاري بوتر ⚡️. https://t.co/hkLH2FJ9Ht,0
جعجع في «بيت الوسط» - فيما استمرت الاتصالات في عطلة الأسبوع من أجل وضع ملف تشكيل الحكومة على السكّة، استقبل الر... https://t.co/mUbNsR1Qet,0
اللي حصل في الداخليه ايام 25 #يناير :) هيطلع و اوسخ من الاول هتعود هتعترض او تقف قدام الظابط هيتمسح بكرامتك,0
"مردخاي: #حماس وحدها هي المسؤولة عن ما يحدث على حدود #غزة من اضطرابات ومن يحاول التسلل من سكان غزة نحو ""إسرائيل"" سيعرض حياته للخطر.",0
فريييز حواري قراند 😂😂👊🏻#mannequinchallengeمعالجة الفكرة نادر العجميسناريو فوراس تمثيل… https://t.co/MINPUn9WbA,0
مصنع الرجال وعرين الأبطال صدعوا بكلمة الحق وجاهدوا بالنفس والمال #تعظيم_سلام_للاخوان_المسلمين #حسن_البنا …,0
@F__y1 افضل الافلام اللي شفتهم للاشهب حقك  كيتس /ماين بريم كي ديواني هون/كابهي غوتشي كابهي قام ، بالذات دوره في ماين بريم جممميلو😍,0
RT @syst__em: تطبيق الرسام الجديد .. قادم إلى #ويندوز 10https://t.co/tqdNBSku41,0
الإخوان يكتبوا بالانجليزي عشان يستقووا بالخارج مافيهاش مشكلة لكن لو انت عملت كده تبقى عميل,1
كان نفسك تصرخ للعالم ملقتش ف قلبك صوت ضحيت بحياتك والظالم بيجرب فيك الموتجربت تموت.. #اليسا❤️,0
حافظه طعام مكونه من 42 قطعهعرض مؤقت في امازونhttps://t.co/c0JHbPvnMa #عروض #تخفيضات https://t.co/z9JCMfuXyT,0
#اخطر_انواع_النساء الخارجيات الحروريات اللاتي تجردن من الخُلق والإنسانية والأنوثة,1
RT @SheikhJawad313: لقد قالوا للعديد من المسلمين بأن العزاء على الحسين بدعة، كي يبقوا عليهم في سجن الإسلام الأموي الوهابي#السعودية #الحسين…,0
رونالدو ومن قبله ميسي وسواريز يتعادلون مع أحمد الشيخ ب ٨ أهداف حتي لو في مباريات أكثر !! 😅🔥😂,0
RT @14__moony: تبعد وأنا أبعد ../ وتزداد فيني #قروب_المملكة_للدعم#فيصل_الراشد_للدعم#قروب_فيدرر#قروب_مختلف_للدعم#قروب_احساس_شاعر,0
#كفاية بعد عن ربنا دى النهاية قريبة,0
#انتخبوا_العرص بقت مكتوبة ف كل شوارع #مصر,1
كارلو انشلوتي : لم أكن قلق حول رحيل ليفاندوفيسكي إلى ريال مدريد أو أي نادي آخر كنت أعلم رغبة اللاعب والنادي.,0
ما طريقة إيقاف ميزة «التعرف عليك» في ويندوز 10 ؟ - https://t.co/sA75F1nXdQ https://t.co/3ic864d1E6,0
عجز الكلام عن وصفك 💗💗💗#نادين_نسيب_نجيم #في_بيتنا_ضيف@nadinenjeim https://t.co/bhxAeOq7QH,0
الارجنتين بدون ميسي مضحكه 😂😂,1
حبيت فكره انه الفلم تحسه ماعرف واقعي نصه زي انه لعبة تنشهر والكل يطف فيها وكيف جرأتهم امانه حبيت وزقو على بوكيمون ذي مدري شدخل بس زقو عليها,1
RT @SYRIA_KIDS: شكراً #بشارآثرتهم على نفسك .و زفَفتهم للجنة شهيداً تلو #شهيد وألقيت بنفسِك في حفرةٍ مهما أمتلأت /تصرخ :( هل من مزيد ؟…,0
بالنسبه للبنات الى لما بترتبط مابتكلمش ولاد دا محن صح :) بصوت عمر مجدى #كفاية #محن #بقي,1
#تويتة فى عشق الكيان #الاهلى,0
@Alito_NBA غالب اللي يشاهد السلة ويمارسها يريد الاستمتاع حتى في مشاهدة المنافسين,0
رماد الزعيم #كاسترو يعود الى #سانتياغو مهد #الثورة https://t.co/zyf3zbnTIJ,0
ابو الفتوح علي التحرير الان حوار قوي جدا #,0
"RT @IranObs_ar: #المرصد_الايراني#الأخبار | هل الزواج في إيران خلال شهر محرم يعتبر مرفوضاً؟""ترجمة خاصة""https://t.co/XBgkVPd2fE",0
في نفس المكان، عقدة الراموسة، الذي منه أجبرت آﻻف العائﻻت الحلبية على مغادرة منازلها في أحياء حلب الشرقية باتجاه... https://t.co/pfIr04jsi0,0
RT @askar1s: #متى_يعود_العراق_للعراقأين أحرار العراق ؟لن ينكر التاريخ بطل من أبطال الأمة العربية .. صدام حامي البوابة الشرقيةhttps://t.c…,0
RT @Q8Pro: أمازون تعتزم افتتاح أول مقر لها في الشرق الأوسطحيث اختارت دبي لتكون الوجهة الأولىالافتتاح نهاية العام https://t.co/rkArtI0HdR,0
#MannequinChallenge انا خلوا حياتي نفسه تثبت على مود محدد عشان انا اثبت,0
خبراء : #اليوان_الصيني يخفف من أزمة #الدولارhttps://t.co/tJ3L28NatH#أزمة_الدولار #مصر #الصين https://t.co/7qVfNo8Pwe,0
#لافروف : #واشنطن سحبت مقترحها حول #حلب لسحب المسلحين #روسيا,0
@shaamnews و أوباما و بوش؟؟,0
اعمل تويتة على تغيير بامبرز البت ييجي الرد زي الريتويت اللي فاتتفعلا بياكلوا بيبي ع الصبح,1
صور تفجير #بنغازي اليوم ..لعنة الله على الظالمين . https://t.co/uvu8m6x4CY,0
البقية فى حياتك كان راجل عظيم,0
(إن الأبرار لفي نعيم) [المطففين:22] #ريال_مدريد,0
@said___hassan الله يعينكم على حكومتكم طلعتو من مرسي طلع لكم سيسي,0
*الحريري استقبل ضاهر وسلامة*استقبل الرئيس المكلف سعد الحريري ظهر اليوم في “بيت الوسط ” النائب خالد ضاهر وبحث... https://t.co/xbwq0i6rTi,0
القنوات الدينية و القاهرة اليوم اتقفلوا وقت مبارك بالقانون برضة بنعيد نفس الغلط حول الشخص للتحقيق بس تقفل قناة ده غلط,0
اختيار الدكتور عمرو خالد، ضمن أكثر 10 شخصيات تأثيرًا في العمل الاجتماعي في مصر لعام 2012,0
RT @BROTHERSIRQ: #لنصلح_انفسنا ونطلق هاشتاك #العبادي_يمثل_العراق ردا على تصريح #اردوغان المهين للعراق وحدوده فهذا ليس وقت الخلاف مع #العباد…,0
كريم شحاتة: أحمد الشيخ فى معسكر الفراعنة استعداداً لبطولة أفريقيا #شحاتة #الشيخ #معسكر #الفراعنة #استعدادا #لبطولة…… https://t.co/y2ahKAFODy,0
Nexus 9 LTE يحصل على تحديث #أندرويد نوجا 7.0 https://t.co/s7BDUAkHcG#اندرويد_نوجا https://t.co/N9vuHidxBE,0
RT @villabdran66: #اغبي_سوال_كتبته_بقوقل #معلومة حوالي 16% من عمليات البحث التي تتم على موقع جوجل، تتم لأشخاص لم يعرفهم جوجل من قبل@6Badr6…,0
في الواقع #إسرائيل و #الولايات_المتحدة وحدهما من يسيطران على المنطقة بكاملها.,0
@MMagadli هههههههههههههه كمان حكاها بشار الأسد بعد ما صلى العيد بداريا! https://t.co/TN0ga1HahA!,1
"تركيا تنفي عقد ""صفقة سرية"" مع روسيا حول سوريا https://t.co/AKd47KZUn7 Lebanon Daily https://t.co/jarpndMY0k",0
يعنى الكنائس ف القدس افضل من قناة القاهرة و الناس ف مصر 😉😉😉#الكنايس_ترفع_الاذان #القدس #الاقصى_الاسير,1
دونالد ترامب خااااااارب الدنيا حالا😂😂جايب 4 بنات حالا واحده بتقول بيل كلينتون اغتصبها والتانيه بتقول ههدوها متتكلمش عشان هيلاريبرشاااااام,1
#موسكو: اللقاء الثلاثي حول #سوريا سيضم وزراء الدفاع إضافةً إلى وزراء خارجية #تركيا و #روسيا و #إيران #لافروف #شويغو #ظريف #جاويش_أوغلو,0
( بالفيديو ) إهانة جيش قوات نظام الأسد.. ماذا قال مندوب السعودية في الجامعة العربية “هازئاً” عن حلب؟ https://t.co/SawLQrRR2v,1
#بيتر_سمعان #فارس_بيك #رامي_عياش #امير_عمر #أمير_الليل الحلقة 44 غدا بعد الأخبار على شاشتي ال LBCI و ال LDC… https://t.co/hfJkN2QgCX,0
موعد مباره ريال مدريد بكره فاشل بمعنى الكلمه,1
ستظل ذكرى استشهاد البطل عبد المنعم رياض تخليدا لملحمة مضيئة من أنصع صفحات التاريخ المصرى ورمزا لبطولات معركة الاستنزاف تحية له فى ذكراه,0
@WhiteAngelPlace ومن قال عنها نظيفه !! هذي السياسه يا تقبلها مثل ما إهيا يا تقعد في بيتكم تطالع أفلام هاري بوتر 🔮🔮,0
RT @amer_alkubaisi: الحشد الشعبي يهدد أردوغان كما هدد السعودية من قبل .. ويهدد البضائع التركية قائلا: إنها بخطر بسبب أردوغان، وأن جيش تركيا…,0
ابراهيم عيسى سيحاكم بتهمة ازدراء الاسلام ؟ عيسى قدم فهما عميقا للدين لا يتوفر عند المرشد من يزدري الاسلام هو من يكذب ويزور ويظلم يا بديع,0
د عبد المنعم أبو الفتوح : يشرفنى ويسعدني في أول عيد بعد الثورة أن ابعث بتحياتى وتهنئتى لأسر الشهداء فهؤلاء,0
شوفو كيف شكله كيوت اغوتشي غوتشي يااااا,0
RT @e7sas_Eng: ..كانوا معنا ينتظرون شهر رمضان ، و اليوم ينتظرون أبسط الدعوات منا ليسعدوا بها في قبورهم ، اللهمَ ارحم موتانا و موتى المسلم…,0
#لافروف يعلن فشل مبادرة #كيري بخصوص #حلب - https://t.co/9P06tqe565 https://t.co/SfdA6XXzoP,0
"من أجمل ذكريات الطفولة أنك تنام في أي مكان في المنزل وتستيقظ وأنت في سريرك ""ربِ ارحمهما كما ربياني صغيراً""",0
RT @ImaShatha: هاري بوتر صار رابر وانا الى الان ادرس https://t.co/EZ7kwz7Pzi,1
وديع اليمني-تلاوة جميلة من تراويح الليلة ١٣ من رمضان ١٤٣٧هـ بجامع الراشد... https://t.co/givN4pn7VG عبر @YouTube,0
501 اختراق للهدنة من قبل الميليشيات الحوثية ..20% في حدود المملكة و 80% بالداخل ... اختراقات واسعة لبني #كيري... https://t.co/79dWYXL6uQ,0
@samehhanafym الجزيرة حليفة اسرائيلولو التونسي ده اتقتل عندناهتتقلب الدنيا وهيتقال علي مصر بلد الارهابكعادة المجتمع الدولي,1
#السعاده اخوية يهتم بيا اكتر من نفسة حتى و هو بعيد عنى,0
ارملة سورية اربعينية مــــــــقيمة ترغب بزواااج مــــسيـــــااار  https://t.co/RJ8b5r4MY1,0
RT @FCBW_A7: كاسيميرو ( ريال مدريد ) : أفضل 3 لاعبين يعجبنني في مركزي ؟ بوسكيتس ، غابي ، تشابي ألونسو https://t.co/0egk9qj9TK,0
عبرت الخارجية الأميركية عن قلقها حيال التقارير التي تحدثت عن أن بلدية #القدس تزمع السير بخطة بناء 500 وحدة سكنية في القدس الشرقية,0
"اذا كنا بنقول انه رحمة للعالمين طب لما تقتل الناس اللي عقيدتها مش عجباك و تشتم الباقي, فضل مين من العالمين؟",0
هشام الجخ يلقى قصيدة ويجعلك تبكي من القائها ويجعل المذيعة تدمع https://t.co/oGJYIght3d?2h9H #ماذا_لو_المدارس_مختلطه #واش_يقلقك_فتويتر,0
بشار الجعفري يشن هجوما حادا على السفيرة الأمريكية لدى الأمم المتحدة وينعت كلامها بأوصاف غير.… https://t.co/KZsBj3Pq1N,0
@omgitsDEW غوتشي 😍😍😄😄,0
“بلاي ستيشن4” يدعم اللعب باستخدام كمبيوتر ويندوز…https://t.co/Y0qwCsg1WS #ريال_مدريد #برشلونة,0
لحظة هروب الجنود الروس من قاعدة #تدمر بعد ضربهم بمفخخه للدولة #تدم #حمص #حلب_الملحمة_الكبرى #حلب_المحاصرة… https://t.co/ZP3n0yzrFq,0
ليون و واكا شكلهم عادي ساتوري يمكن تكون شخصيته رهيبة 🤔اما غوتشي شكله بثرررررر https://t.co/SZf0l4ewvj,0
@Muhamed_samir95 تطورات قوية احدثتها التوجه السعودي نحو دعم ترشح ميشال عون لرئاسة لبنان مما يدل عن تغيرات في السياسة الخارجيه تجاه لبنان.,0
@mhmd_fekry اه فهمت ..بيغني للامشكرا يا محمد ..جستن بيبر ده مجنن الولاد عندي :),1
هلْ يزولُ الظُّلـــمُ طــوعًــا *** أو حنــانًــا للضِّعــــافِ؟! أينَـكـمْ فـرســانَ قــــومي *** كـي تـهبُّـوا باصطفـافِ #غزة_تحت_القصف,0
#دبي_اليومألمانيا: مساع لحظر تصدير السلاح لدول خارج الناتو والاتحاد الأوروبي https://t.co/KGWJyXFRoF,0
1 #ضياء_رشوان هو واحد من أسوأ من تولى #نقابة_الصحفيين تآمر مبكرا مع #العسكر ومهد لهم الأجواء الإعلامية ل #الإنقلاب وشارك في قتل…,1
لأصحاب الحرف ..يُشارك كتابي #نقيض_فكريفي #معرض_الكويت_الدولي_للكتاب🍃💭. https://t.co/3Y6Vetv3JP,0
بيونسيه بالروج الغامق تطلع من بعد اخر حلوة مرة م تقدر عيوننا البشرية استيعاب جمالها نقوم م نشوف,0
RT @MujtabaaMusaa: صباح الخير :دويتو بين بيونسيه و ندى القلعة على هامش إجتماعات رفع العقوبات الأمريكية عن السودان و بدأ التطبيع.. https://…,0
الله يبركلك يا دكتور ابو الفتوح #,0
#حمص قبل قليل #حلب #سوريا#طقس_العرب#الطقسطقس سوريا#حلب_تباد #حلب_تنتهك #حلب_تستغيث https://t.co/5cUBt4YZ3T,0
RT @a7m_abo: هيلاري كلنتون لابوج لابو شرفج يالعاهرة تعرفين الارهاب والتطرف وداعش منكم ومن عملائكم ايران والعراق والمجوس لاتستصغرونا عقولنا…,1
ڤالنتينو كيوت وناعم. الباقيين ما أخسر فيهم ريال قديم 😳تحديداً غوتشي ! ماهذا يا بيونسيه ؟ https://t.co/szjADT1gmR,1
#اليمن بالطبع اليمنيون والسعوديون يرغبون في السلام كخيار استراتيجي ولكن عصابات الحوثهً تريد شيئاً آخر تمليه عليهم ايران ،،,0
@navydroidd تطبيق لتحويل الاندرويد بالكامل الى جهاز كمبيوتر لتحكم مثل ويندوز ولينكسhttps://t.co/WLKiE1dN9J https://t.co/llABiiTep6,0
رسالة من شاعر عراقي لخنازير الحشد الشعبي اللعين . علي مافجر قبل منزل فقير و...#العراق #السعودية #سوريا #اليمن #إيرانhttps://t.co/7Lbp8w9w6W,1
صحفي ألماني يروي تفاصيل ليلة مرعبة من التعذيب والإهانة بين المعتقلين المصريين في الأقسام والسجون,0
السفارة البريطانية في #المملكة تكشف عن ترشيح 9 سعوديين لجوائز خريجي المملكة المتحدة للعام 2017م#بريطانيا #السعودي… https://t.co/Z0Ttx3tfcH,0
انا الحين حايمه تسبدي لو يصير اختلاط ماني بدارسه ابدا من زينهم هم وشهاداتهم الي اخرتها بالزباله #ماذا_لو_المدارس_مختلطه,1
#بنك_مصر_لبنان يواصل خططه التوسعية ويفتتح فرعاً جديداً في #البقاع_الغربيhttps://t.co/Iud5ArxZJz https://t.co/KmsefQ72Qy,0
سليماني: السعودية ساومت الأسد https://t.co/0TNTjOqNXB,0
ما هو لو الملل والزهق بيحرقوا سعرات حرارية كان زمان كل البنات زي ميريام فارس والله 😂😂الله يعينكوا على قعدة البيت,1
-: للمسآء💤✍🏻 — جورجي وجوي توينز #نوال_الزغبي نحب التوينز من قبل ما نعرف انه نوال عندها توينز  نحسهم نفس الشخص ون… https://t.co/3CbZIwC6cQ,0
صحيفة عاجل الإلكترونية/ #الأمير_محمد_بن_سلمان يلتقي مبعوث #واشنطن لمكافحة #داعش - - عبر نبض @NabdApp https://t.co/PBTqXoDdVs,0
أطالب بكليب بوورد ونص تنبؤي بالكمبيوتر. مو معقول وصلنا ويندوز 10 ومش موجود واحد فيهم ع الأقل.,0
تدريس مواد الجامعة العربية المفتوحة للطلبة والطالبات https://t.co/w8eMRCPX8a  #الكويت #مدرس_خصوصي,0
"RT @20fourMedia: أفضل 5 هواتف أندرويد تحل محل ""نوت 7"" القابل للانفجارhttps://t.co/Jtl5SdEeOS https://t.co/C9DFrhJERr",0
اتوقع انا اخر وحده تشوف فيلم #رامي_عياش #للحب_حكايه فضييييع وجمالي هذي الافلام الصح اندمآج وحمآس من اول مشهد 👌🏻👌🏻👌🏻… https://t.co/dynA6IT9c0,0
لايك كارد لبيع البطاقات بأسعار منافسه ، بطاقات إيتونز وبطاقات شحن و ستيم و جوجل و اكس بوكس وبطاقات بلاي ستيشن https://t.co/Lewe8aw2NH /-,0
RT @ahlalsunna2: #سوريا :الجيش السوري الحر يسيطر على قرى براغيدة والشيخ ريح والبل وجارز بريف حلب الشمالي بعد معارك مع تنظيم داعش,0
#الصهاينة يتابكون اليوم لذكرى #الهولوكوست وتناسوا بانهم ابطال الهولوكوست الفلسطيني والداعمين للهولوكوست السوري عن طريق خادمهم #بشار_الاسد,1
#واشنطن بوست.. #حزب_الله أقوى من الجيش اللبنانيhttps://t.co/prTS0ZfhCz,0
على ما يبدو.. المنازل ستصبح ذكية هي الأخرى! وهذا ما تقدمه لك #غوغل لتحصل على هذه الميزة الحديثةhttps://t.co/HSd5fQABuL#أخبار#تكنولوجيا,0
RT @movies_popcorn: تزامننا مع اقتراب عرض فيلم Fantastic Beasts شركه @CinescapeQ8 الكويتيه تعلن عن اعادة عرض اخر جزئين من هاري بوتر بتقنيه…,0
"RT @Arabic_LaLiga: غلاف الماركا | جوهرة التاج - ريال مدريد يستثمر 400 مليون دولار لتحويل البرنابيو إلى "" تحفة معمارية "" .  https://t.co…",0
ك #ماذا_لو_المدارس_مختلطهلن يكون هناك اختلاط فدولتنا حفظت لناالكثير باتباع شريعة المصطفى صلى الله عليه وسلم .دعوكم من المزمرين والمطبلين.,0
اخبار برشلونة اليوم Monday 10/10/2016 : فيديو : جماهير اسبانيا تهاجم بيكيه وهذا الأخير يعلن اعتزاله اللعب دوليا https://t.co/dVEInmuOm5,0
#الوطن | غضب من إدارة #مهرجان_القاهرة_السينمائي  https://t.co/AfVKNjgvpm,0
عصام كاريكا .. المطرب المحجب 😂,1
الله يرحمك يا جبران تويني ١١ سنة يا صديقي وبعدك بالبال رجل كلمته حرة. وبعد بالبال آخر لقاء لنا ضحكنا ع ردة فعل جان لويس قرداحي امام مي شدياق,0
_ و عودة مرة أخرى للقاهرة الساحرة :),0
اذا حكم #دحلان #فتح و #فلسطين هو تسليم #فلسطين لإسرائيل وإنتشار الدعارة وارسالهم لمراقص دبي #الامارات #عباس #حماس,0
يلتقي الرئيس المكلّف تشكيل الحكومة #سعد_الحريري رئيس حزب #الكتائب اللبنانية النائب #سامي_الجميّل في بيت الوسط @samygemayel,0
@kurbaag شدعوه رامي عياش يبيك رسمي هذا ماتشوف شر,0
فيسبوك منزل اعلان دواء للايدز من ساحل العاج .. يعني هو مش كفاية علينا اعلانات الشيخة مرجانة المغربية في التلفزيون !!!,1
RT @muhammed855341: @abusajida1055 @saed_alhamad امكم النجسه ايران هي ام الارهاب تتبنى الانجاس الدواعش والقاعده والحشد القذر والمليشيات ال…,1
#السفير_الأميركي يؤكد أن مجلس الأمن فشل في امتحانه تجاه #سوريةhttps://t.co/WNAM7TdURx@voiceofemirates https://t.co/WLLKsYCjdi,0
كود خصم اوبر ٣٠ ريال EJKVT678UE#أوبر #اوبر #uber,0
@Gnobee702 @asdd1111 حاشا اني أسب بلاد الحرمين انا سبيت #قحاب ال سلول ومن يدعمهم ! لا فرق بين فرعون وجنوده ! يا قحاب بريطانيا و امريكا 😂😂😂😂😂,1
الا يستطيع خيرت الشاطر ان يتصل بحازم ابو اسماعيل ليطلب منه ان يكف ارهابه عن المصريين ام ان الشاطر موافق على ارهاب ابواسماعيل الاجابة واضحة,0
#طقس_العرب: نصائح لحماية بشرة طفلك من برد #الشتاءhttps://t.co/i5m50niyE4هذه المعلومة مقدمة من Biolab#صحة https://t.co/OQgdZOZnS2 #طق…,0
"مصادر في ""#المستقبل"": #السعودية تبلّغَ #الحريري ما تريده مباشرةً وليس عبر تغريداتhttps://t.co/5Uid3Sy0gh",0
#أوباما لابنتيه: عليكما #مواجهة_العنصرية https://t.co/IfjoPBXcWW #واشنطن  #السعودية #الشرق,0
وظني بك يارب ظناً جميلاً  #جمعة_مباركة,0
@a7md3br7man @boodyhassan23 هههخخ ريكي مارتن,0
@TheGhostYonce انا قيونسيه مو بيونسيه,0
بجملتين سأكتفيعشقتك منذ البدايةوسأحبك حتى النهاية ...💖💖💖💖@nadinenjeim#نادين_نسيب_نجيم https://t.co/SmsH8BmqnK,0
RT @TAzze4m: اي حد هيموت ف سوريا ذنبه هيبقي ف رقبه كل المسؤلين المصريين اللي فرحوا بالتصويت لصالح روسيا 👎 #مليارات_العمره_علي_هوي_مصر,0
كل يوم - الاثنين 05 ديسمبر 2016 .. الجزء الثاني#كل_يوم | #ON_E | #عمرو_اديبhttps://t.co/6vmgFKcAD8,0
ما حدث في مصر عكس ما يقوله الكثير هو دليل على الوعي الديموقراطي لدى الشعب مرسي كان جاي بشروط وأول ما هو غيرها الشعب غيره,0
بتكليف من #الرئيس_الأسد.. الوزير عزام يقدم التعازي ويشارك في مراسم حفل تكريم القائد الراحل فيديل #كاسترو.... https://t.co/XOz4EonTq0,0
دعوة الست قصده هيلاري كلنتون مثلا,0
#المواطن | في ذكرى ميلادها.. مالا تعرفه عن 'صوت لبنان الجبلي'.. جارة القمر'#فيروز'https://t.co/ZVqxufHmpl https://t.co/9yJYiHMBkg,0
@Abdulkhaleq_UAE على إساس هيلاري كلنتون من شعب الله المختار كلهم كل واحد ألعن من الثاني,1
@oamaz7 كل كلامك عن ليبيا كذب في كذبوتمدح عبيد الناتو والأمريكان هناكوتعيب على بلدك التعاون مع الغربعجبا لتناقضك وأنت تزعم الإنصاف !!!,1
القهوة ليست مجرد مشروب ... القهوة أسلوب حياة .إبدأ يومك بقهوة دالماير#Coffeelover #coffeebreak #New_year_eve… https://t.co/Kjs4d432Lz,0
@intstellarburst @Es2all دى مشكله عموما ف ويندوز 10 كله غيرى النسخه وخليها 8 احسن,0
شكراً لكم من #القلب 😘😍😘😍😘😍 #شاهدين لي #بالخير لا #علي#حب_النصر_يجمعنا #برشلونة #فلسطين 💛💙🇵🇸💙❤#ريان_الغامدي https://t.co/uel770lK6X,0
"الرئيس سعد الحريري : ""في ذكرى اغتيال الصديق جبران تويني، نظل على قسمه بأن نبقى موحدين دفاعا عن  وطننا، وفاء لـ 14 آذار ولكل شهدائنا.#لبنان",0
RT @zaidbenjamin: المتحدث باسم البيت الابيض جوش إيرنست: موقف الولايات المتحدة واضح. وجود قوات التحالف الدولي ضد داعش في العراق ينبغي ان يكو…,0
#عاجل : #تركيا : منع الآذان غير مقبول وإهانة لماضي وتاريخ #القدس #فلسطين,0
الرئيس الامريكي اوباما في خطاب وداعه للبيت الأبيض قال كلاما خطير جدا  :  https://t.co/i9tCOYVHM3الرئيس-الامريكي-اوباما-في-خطاب-وداعه-ل/,0
ساعة أبل في الأسواق مرة أخرى https://t.co/dY2xOqQ9sI,0
RT @Nader050505: ورب ظلوم كفيت بحربهفَأَوْقَعَهُ الْمَقْدُورُ أيَّ وُقُوعِفما كان لي الإسلام إلا تعبداوَأدْعِيَة ً لا تُتَّقَى بِدُرُوعِ…,0
استئناف عمليات إجلاء العالقين في #حلب الشرقيةhttps://t.co/SMbtHP4dun,0
أحد الناجين من القصف: #حلب أصبحت مقبرة جماعية #حلب_الملحمة_الكبرى #العراق #السعودية #سوريا #اليمن… https://t.co/riciIZcqFo,0
انت حر وماحدش زايد عليك لكن احنا بتكلم في حلول برة تويتر مش حل انك تهاجم اللي بيحاول حتى لو ثبت خطأه,0
RT @iherb_vitmn: #افضل_منتجات_جربتها من امازون للرووس السوداء شوفو ريفيوهات عنه باليوتيوب ينظف من قلب  💗 https://t.co/fmj5oLwmqv,0
70 لا يستطيع ان يجزم احد مدى تعب الحمار سوى الحمار نفسه لذلك أرجو الا تكون متأكد من كلامك,1
الذهبية نوال الزغبي ❤  #توبر_قلبي,0
تعزيز #التعاون_الاقتصادي مع #الصين .. وتجديد الدعوة إلى ردع #إسرائيلhttps://t.co/AqD7yWTdpj#الشرق #السعودية,0
ما هي صفة مكتب الارشاد ليجتمع لبحث حكم المحكمة الدستورية، هو مرسي واخد بكرة مرضي؟,1
#رحاب_نيوز: برشلونة ومانشستر يونايتد يُراقبان موهبة فالنسيا https://t.co/5QcmP2uhEd -#Syria_feed,0
اول ما صحيت لقيت notification ان بابا عمل فيسبوك عملتله بلوك 😅,1
مساعد #جوجل الذكي لن يتوفر ضمن #أندرويد 7.1#تقنيةhttps://t.co/cJFkhAZZM2,0
@Strateeeegy لعن الله وجهك وجهة اردغان العلماني الناتو وجه  المشايخ الاخونجيه الذل والعار واكلو تبن,0
نحن معكم.. نتلقى استفساراتكم وملاحظاتكم من خلال حسابتنا على مواقع التواصل الإجتماعي: فيسبوك - إنستقرام - تويتر - يو… https://t.co/kGr7MJVQKu,0
RT @itsal7maidi: بشهر 12 كريستيانو يلعب في كاس العالم للانديه ضد ابطال القاراتميسي في مباراه ناريه ضد عقيل بلغيث ومحمد امان 🔥🔥اختلاف ط…,0
فيديو.. خالد المعجل: الكرة السعودية في كارثة حقيقية لهذا السببhttps://t.co/wGLXfGnAVIاكشن_يا_دوري,0
… #فودافون,0
@ALAMAWI عندما قامت فرنسا بجرائمها في الجزاير كانت تقول انها في حرب ضد الإرهابيين فهل يمكن ان يكون فعل فرنسا يتماشى مع افعل الرؤوس والمجوس!,0
حوار خاص مع النجمة #نادين_نسيب_نجيم لمجلة #ماري_كلير 💭 #ملكة_الصحراء 👑❤ https://t.co/kcfMM1Odb3@nadinenjeim @MarieClaire_AR,0
RT @XciteKSA: الآن اربح مع #إكسايت  أيفون 7  اعمل فولو  ريتويت  شارك في الهاشتاق #هدايا_إكسايت وأدخل السحب https://t.co/vpH96dKlBY,0
و القضاء بقى حلو دلوقتي عشان قفل قناة مش عاجبانا؟مش ده القضاء الفاسد المسيس بتاع مبارك اللي حل المجلس؟ بقى فلة دلوقتي؟,1
مدفن القاهرة للعدالة ماذا يحدث الآن فى مطار القاهرة ، الشرطة تمنع أوائل الحقوق ! وترحب وتفسح للمتأخرين الفاشلين,1
الحمد لله تملأ الميزان,0
@malak_alhusaini انا كان ودي افووز م ابغى مبلغ ابغى ايفووون ,0
@harbi_suliman والله لو انك حاب هيفا وهبي و ميريام فارس 🖕🏿,0
#سليمان_خاطر بطل,0
ومازال الأستاذ جمال عيد حتي الأن ولأكثر من ‏14‏ ساعة مابين قسم عابدين ونيابة عابدين دون اي سبب واضح إلا التكدير والإرهاب فقط,0
يااا اخووااان خبرررر عااااااجل و مفرح لعشاق NBA VR حق NBA2Kتشووووت ثريات يم سرير غرفتك و تدنك على راس قريفن في… https://t.co/uGzYRg2P47,0
"ومبروك ل #لبنان انشاء وزارة دولة "" #حقوق_المرأة "" هههههههه",0
RT @isharatidriss: ٣١)#امريكا_ومحاربة_الارهاب صنعتة للحرب علي الاسلام(قال تعالي: كلما اوقدوا نارا للحرب اطفأها الله ويسعون في الارض فسادا و…,0
قاعدة اسمع اغاني جستن بيبر القديمة امانه لا تحكمون علي,0
#ليبيا  المجلس الرئاسي يصدر بيان حول تفجير «محيط مستشفى الجلاء» في #بنغازي https://t.co/DVy3gr1wpm #اخبارليبياالان,0
"واما عن امكانية خوفه من ""التكريس"" بتكرر التعاون مع الممثلة نادين نسيب نجيم، فيرد حسن بان ""عنصر… https://t.co/5jzWRxI7gA",0
#افضل_طقم_لروجر_فيدرر نهائي الماسترز 2012 للاسف ماعندي صوره 😬,0
RT @AJArabic: هكذا أدخلت هذه الفتاة قريتها الصغيرة إلى خرائط غوغل https://t.co/Ez5sdhARVx,0
موقع لمعرفة جميع الأوامر الصوتية في غوغل ناوhttps://t.co/GwHA7sVJ0F,0
بدعي لربي عني هواگ يزول 💔#اليسا https://t.co/6uHd4a5KnX,0
#اليمنية| #الجيش_الوطني يستعيد مواقع في #ميدي ويقتل 10 #حوثيينhttps://t.co/zZP4qRcqDz#التحالف_العربي_سند_اليمن#جنود_التحالف_سند_لليمن,0
RT @Badr_iq: - أنت مع حد الردة؟ نعم- أنت مع الجزية لغير المسلمين؟ نعم- أنت مع السبي والرق والفتوحات الإسلامية؟ نعم- أنت مع داعش؟ لاإنه…,0
@FtayZen داكشي اللي كاين.. تشك إت أون غوغل! حنى تنسميوه هرْمى.. داك لي تيديروه ف العيد الكبير!,0
"أوباما يعلن حالة الطوارئ في فلوريدا بسبب إعصار ""ماثيو""https://t.co/JyXhqcfxsUأعلن الرئيس الأمريكي باراك أوباما، الخميس 6 أكتوبر/تشرين …",0
RT @super_tarok: الحمدلله على نعمه الاسلام نعمه عظيمه,0
صناع الحياة: مجموعة من الشباب جمعتهم المودة و الحب في الله و حثهم حبهم للخير في محاولة عمل إيجابي لإرضاء ربهم و,0
@Yaqoobzz فيدرر عمك,0
فضلت اتريق على اللي شغلهم الساعة 8 واتريق واتريق لغاية ما مطلوب مني في 10 دقائق اكون لابس ونازل وخمس دقائق وابقى فى الشغل #فجأة,1
الحزب اليمين المتطرف يخسر الانتخابات الرئاسة في النمسا .مما يحقق الأمل الإيجابي في أوروبا ونبذهم التطرف بأنواعه.,0
"RT @ScreenMixx: والد انجلينا جولي ينتقد تصريح روبرت دي نيرو عن دونالد ترامب.. وروبرت دي نيرو يرد على إنتقاده ""أنت تعيش في الأوهام"". https:/…",0
#كيري وولد الشيخ وجهان لعملة واحدة#اليمن #العدوان https://t.co/sVrEIdMO2V,1
يا صباح الخير يا صباح النصر احنا ملوك كل حاجه فى مصر :)) #الأهلى,0
دضياء رشوان: أن الدكتور عبد المنعم أبو الفتوح الأكثر اعتدالاً سياسيًا وديننًا، كما أنه اجتهد فى مقاصد الشريعة,0
السعودية: «درع الخليج1» حقق أهدافه #السعودية https://t.co/ibX1z19Hvj,0
#ليبيا  #الرائد_أخبار ##ليبيا ##مصراتة بلدي #مصراتة يصدر قرارا بحظر تصدير الخردة من مينا… https://t.co/kTT8wnpRTS,0
خرجت النهارده لقيت كل الشوارع وكل الحيطان عليها هاشتاج #انتخبوا_البرص :) لا وحاجات تانيه ألعن من البرص والانقح,1
RT @muslim2day: من قرأ وجه رجب طيب #أردوغان في مجلسه بجانب #بوتين ...يحتاج إلى أن يتذكر قول المتنبي : ومن نكد الدهر على الحر أن... https:…,0
RT @alsumariatv: #السعودية تنشر اسماء الشبكة التابعة لـ #داعش التي اعلنت اعتقالهاhttps://t.co/TL2pdYgJS7 https://t.co/jM7MKEymV6,0
صافره بدء بطوله كأس العالم 2000 #النصر و #ريال_مدريد وتفاعل الجمهور البرازيلي مع النصر السعودي بالمباراه اضغط الم… https://t.co/juWhm67jWM,0
"Retweeted عربي21 (@Arabi21News):""رايتس ووتش"" تكشف: كيف تنتزع #الصين اعترافات المعتقلين؟رابط بديل:... https://t.co/X7fO31uzTF",0
RT @7amodi136: عمايلك يا سيسي .. لا تلعب مع السعودية يا عميل.. هيا روح صوت لروسيا براحتك ذحين #ايقاف_امداد_مصر_بالنفط,1
🔘 الإسلام هو دين الحرية الذي نتعلَّم منه أن لا نقبل بأن نُستعبَد لأحدٍ، وأن لا نكون عبيد إلاَّ لله سبحانه وتعالى.💚ذكرئ.المولد.النبوي.الشريف,0
صحيفة الوطن القطرية/ #عاجل #واشنطن تتهم في #الأمم_المتحدة ضباطا سوريين بالاسم بارتكاب تجاوزا... - عبر نبض @NabdApp https://t.co/RnWbjlsoaT,0
تعرف على غرائب حكومة لبنان الجديدة https://t.co/vWzzVLWr75 #العربية,0
نوال الزغبى وديانا حداد يهنئان مملكة البحرين بالعيد الوطنى https://t.co/ymk3cMws5G https://t.co/ewv35Aw3WU,0
@Melooo80 @NBA4ARAB الحكم ما حسب الوقت صح ثم عادوا اللعبة بالتصوير البطيء و اتضح ان الوقت انتهى قبل التسديد و ساعة الملعب كانت خطا,0
RT @Amer_Abdulla: يقول مدرب منتخبنالو خسرت السعودية من اليابان وفزنا على العراق بنتعادل في النقاط !!!!ممكن رغم ان السعودية 10 ونحن 6 ك…,0
#دبي_اليومبريطانيا: قاسم سليماني يشعر بثقة أكثر من الأسد ليظهر في حلب https://t.co/3HLnkxirF0,0
#ليبياارتفاع للعملة أختفاء للمواد الاستهلاكية,0
ما نحن فيه الان هو كله بفضل الشهداء و مصابي الثوره لذلك لابد من تاسيس هيئه تكون مهمتها تكريم اصحاب الفضل فيما نحن فيه الان,0
في حالة تشاور مستمر حول الخطوة القادمة من اجل توافق وطنى على حكومة الانقاذ مع السيد حمدين صباحي ود البرادعي #,0
"الشهيد بيموت مرة واحدة و المعتقل بيموت كل يوم ,,, اللهم فك أسراهم #انا_مش_رقم",0
نزلنا نأييدك ومفيش حاجة اتغيرت وبقينا مسخة للعالم,1
"قائمة ابدأ ""الصغيرة"" الجديدة في ويندوز 10 نسخة 14942 https://t.co/BL1XaDszb3",0
RT @confront2012: #1988Massacre مذبحة السجناء السياسيين في #إيران عام 1988 هي جريمة ضد الإنسانية... https://t.co/tWbI5bW6s5,0
682 #الراتب_مايكفي_الحاجة #الاتحاد #الهلال #النصر #الاهلي #مرسي,0
باعتبار بشار حيوان لذلك يبدو غيران من الحيوانات واتخذ قرار ازعاجها .... https://t.co/Vk3Y4bGPh9,1
الإعلام الموجه أكبر المؤثرات في ثقافة الشعوب مهما اختلف ما تعتنقإليس الإعلام الغربي هو من صنع من الدب المفترس الدبدوب الحبوب ورمز اللطافة ؟,1
#ارتقوا_و مش كل واحد هتشوفوا مختلف معاك في الرأي يبقى حمار ومش بيفهم !,1
فوز اليمين المتطرف في #روسيا و #الهند و #أمريكا وتصاعده في #أوروبا #فرنسا #بريطانيا #ألمانيا #هولندا #الدنمارك خففت مخاوفه انتخابات #النمسا,0
"أبل تحذف تطبيقا شهيرا من ""آب ستور"" وغضب من المطورين https://t.co/FmJvZ5skcO #البحرين #الكويت #السعودية #الإمارات #قطر #عمان #المنامة #تكنو…",0
🔹الثقافة القرآنية🌹✨🔘 استهداف الرسول الأكرم استهداف للأمة الإسلامية في اهم ركائز قوتها.💚ذكرئ.المولد.النبوي.الشريف,0
اللهم🙌🏼انصر #حلب #سوريا المظلومةوانتقم لأطفالهاونسائها من ظالمهم وشتت شمل عدوهم #ايران و #روسيا و #حزب_الله وجنودهم اجمعينوانصر من يذودعنها,0
الجيل الحالي مثقف ومتفتح ويحسن فهم الناس #السادة_المحترمون,0
ياباشمهندس لو الرقم اللي هم بينشروه عشان يبعتولك عليه تهديدات ده رقمك بجد، من حقك تبلغ الأمن الوطني يتتبع أتصالا…,0
@3li_3abdenبحاكي في هيلاري كلنتون 😹😹😹😹😹 https://t.co/IoUKGKhrFP,0
رُب دعاء خالص صادق ترفعه إلي السماء يجلب لك الخير و يأتي بفرج و يُزيل الهم يا رب,0
"#محافظ_القاهرة: إزالة العقارات المخالفة بالقرب من ""#المحكمة_الدستورية"" لحماية المواطنين",0
قرار مجلس الامن يكشف تواطئ المجتمع الدولي مع نظام الاسد ..المجتمع الدولي يحمي انجازات ايران وروسيا بارسال مراقبين يضمون عدم انتزاعها منهم !,0
الجيش اللبناني يشنّ حملات دهم واعتقال على مخيمات النازحين السوريين في القاع https://t.co/fTDZb1LcsV,0
"دور الاعلام فى زمن مرسي كان اختلاق ازمات وهمية لذبحه, وتحول الى اخفاء كوارث وفضائح الانقلاب والتطوع لحلها",1
@cnnarabic احترف اللغة الانجليزية بطريقة سهلة و ممتعةزوروا صفحتنا على فيسبوك و يوتيوب الان https://t.co/bzEqpdRYBK,0
#افضل_مباراة_تنس_شاهدتهابدون ترتيبفيدرر مونفيس امريكا2014فافرينكا نوفاك رولان2015فيدرر نوفاك امريكا2015نادال مونفيس مونتي كارلو2016,0
هذه الليلة .. تتراجع درجات الحرارة ويتشكل الضباب والصقيع في البادية والمناطق الجبلية #الاردن #الطقس #طقس_العرب... https://t.co/SGn4evH9Lz,0
#عشان_خاطر_ماسر متحوطيش اخوكى الصغير فى الطرحة,1
ليه ميبقاش في مدرسه لتعليم السحر زي هاري بوتر ؟؟ 😟,0
#فيديو|| الطفلة بانا العابد تصل إدلب بعد إجلائها من #حلب الشرقية https://t.co/Vyu4nAB5v4,0
يا ترى إيه اللى بيشدنا كده فى مصررغم كل المشاكل الى حواليها دى؟ خفة دم شعبنا؟ طيبته؟ شهامته ؟ النيل و الشمس؟ مش عارفرغم المنغصات,0
"@ibn_alarb والان تعترف بخطأها ولكن تخطئ مرة اخرى وتقول انها ستقوم بتسليح ""الكرد"" ضد داعش وهذا سيؤدي لاستمرار الحروب الاهليه بينهم البين .",0
مكياج عيون على طريقة بيونسيه: تتميز Beyonce بإطلالاتها المتميزة في كلّ مرة، فبشرتها السمراء ومكياجها الرائع ا... https://t.co/bo6n3oEzfv,0
برنامج امريكا بالعربي - الحلقه 5 كاملة,0
@Sbel3ber @UmS3oud1 طالما هذه العاهره تمثل النظام المصري فلا بد من سحب الجامعة العربية من مصر إلى سيدة الدنيا قطر,1
RT @ahmad_hattab_1: @RevolutionSyria أوباما هو العدو الأول وهو من سمح للروس بدمار سوريا وهو من منع تسليح الثوار والله لو أراد أسقاط النظام…,0
عجييييييب 😻😻😻😻#MannequinChallenge https://t.co/DSSXytSw99,0
سيناتور ديمقراطي يطالب باغتيال أسانج مؤسس ويكليكس .هيلاري كلنتون تطالب باغتياله بطائرة دون طيار .وتأيد لهذا الطلب… https://t.co/WBwJflKzte,0
انتظرت فى التعليق على مقال فهمى هويدى حتى قراءة الجزء الثانى الذى نشر اليوم وللاسف: ما طلبه هويدى لا يجرؤ اى انقلابي على طلبه,0
قروض من «التنمية الاجتماعية» تصل لـ 150 ألف ريال لـ تمويل الشباب لشراء سيارات ونقل ركاب #كريم و #أوبر وغيرها . https://t.co/TFNHrNJKlp,0
تحية وتقدير لچورچ اسحاق ستبقى دائمًا رمزًا للشجاعة والوطنية وإنكار الذات الثورة مدينة لك بالكثير,0
عاجل : انهاء عمل اشخاص من السفارة الاردنية بواشنطن https://t.co/wets6Dvl6x انهاء عمل مجموعة اشخاص مبتعثين للدراسة ب #واشنطن#الاردن#حارتنا,0
“كيت بلانشيت” أول من ترتدي “غوتشي” 2017https://t.co/woklXgiCT2,0
و بيكون في راتب ماكس و سقف رواتب كذلك https://t.co/FaCknPkVBo,0
RT @mutlak_22: الحشد يتوعد بالرد على تركيا ..داعش ستنفذ التهديد ..تذكروا كلامي جيدا...داعش والحشد وجهين بعملة واحدة,0
وكل عيد قيامة وأنتم ومصر بخير,0
RT @DRBARCAWY: ريال مدريد تلاعب فساد رشاوي كل ماهو قذر يمارس لإيقاف هيمنة برشلونة ولكن بلا فائدة #لن_ننسىٰ فضيحة الموسم الماضي 👇🏼 https://t…,1
RT @AmarX20: هيلاري كلنتون اذا فازت هي أول آمرأه تحكم امريكا بعد44 رئيس أمريكي منذ أول انتخابات للولايات المتحدة الامريكيه عام 1788ميلادي ب…,0
ديميكليس هذا مفترض لا يلعب ، صديق ميسي .موساتشيو ليس مدافع يسار ومايدانا وغاراي افضل،لا اعرف لماذا ميسي مستبعد غاراي.,0
@sinbadyamen @BlueSam2011 @UNRadioArabic هذامصيركم ياحوثي القوات السعودية تحبط هجوماً على جبل الدود وتقتل 50 حوثياًhttps://t.co/rPG83GirPq,0
عشقك بجنون روحي أنا، قلبي المفتون كلو منى،وياك بعيش أحلى هنا... حبيبي أنا، يا روحي أنا  😍💑💞 #اليسا  @elissakh https://t.co/QrWxjhIhEe,0
RT @MouhamedSaber: الدولة الطائفية: إيران تنقل أزمتها التكوينية إلى العراق https://t.co/W2aZ6qDu3B,0
#ستبقى_حلبحلب تكالب عليها زبالات العالم من روس وايرانيين ومرتزقة مصريين وغيرهم من اوسخ قاذورات العالم,1
🔘 استهداف الرسول والإساءة إليه هو استهداف لهذه الأمة ولدينها.💚ذكرئ.المولد.النبوي.الشريف.ir 💚,0
"انا اشفق على هيلاري كلنتون فهي مضطره لمناظره خبل"" نص كلامه مو مفهوم""",0
RT @sbm0_: Ivanka trumpابنة دونالد ترامب عارضة أزياء https://t.co/tMYonERQA6,1
https://t.co/trF9rTafbJدراسة بريطانية : الاعمال المنزلية خطر على صحة المرأة #عادل_امام,0
من تونس #سوريا_فى_القلب,0
الجعفري حرق دين فرنسا و بريطانيا و اميركا و بعض العرب من خلفهم و اسرائيل .. كم انت كبير يا بشار الجعفري,0
RT @campiony_94: -النّك حقها بنت ذاك الامير ، و ما خلت مسابقةة أيفون ما دخلت فيها,0
@140041Saud الرياض حي الواحةتقاطع شارع رفحاء مع طريق ابوبكر الصديق.موقعنا عبر خرائط جوجل:https://t.co/7nNz2nyzuB,0
(بشار الأسد) يستنجد بسجناء المخدرات للقتال معه https://t.co/tanNOajuyL,0
ثمان غارات بالطائرات ل #النظام على مدينة #دومة وخمسة عشر على #المليحة في #الغوطة_الشرقية نسأل الله أن يرد كيدهم في نحرهم وأن…,0
#MannequinChallengeبرافو برافو برافو :D https://t.co/qWl9a7D9gr,0
#بنغازي:: انفجار في محل الزياني بأرض ازواوة !!;لا حول ولا قوة الا با الله العلى العظيم,0
مش ممكن تكون صدفة اول مرة نسرق اشارة بث اول مرة نخسر 6 فى افريقيا اول مرة ناس تفرح لخسارة فريقها,0
"#يوسف_الحسيني بالفيديو يفضح كذب قناة الجزيرة ويكشف تمثيل الاخوان دور الموتى!! """,0
د محمد قواص للجزيرة الولايات المتحدة عاجزة تجاه سورية وروسيا   تعمل على استدراج الغرب لمواجهة عسكرية https://t.co/VOu2dYYo2M,0
فنجان قهوه+ ايس كاب+هاند فري+صوت مروان خوري+ماجد المهندس+رامي عياش+سريرك+بطانيتك+كلسونك 😂😂اللهم ارزقنا الخير بعدد قطرات المطر❤,0
@reemalmsree نوال الزغبي بالأحمر بتبقى نايس أوي,0
قل شرق حلب ولا تقل حلب الشرقية ....وقل غرب حلب ولا تقل حلب الغربية ....فحلب موحدة ويريدونها منقسمة #حلب_تنتصر,0
و فيا تضاد علي الاخر انا العاجز انا القادر و انا الموجود فيه منه كتير ف نفس الوقت انا نادر #صلاح_جاهين,0
RT @allawi_a: @hamad_jassim ياقلبي يا اسود الرافدين احسن شي في العراق يلعبون من اجل الشعار ويقاتلون عليه هاردلك من القلب #العراق_اليابان,0
"#البسوس في #ليبيا .. قرد يتسبب في معركة بالصواريخ والهاون بين "" #القذاذفة "" و"" #أولاد_سليمان "" في ليبيا ومقتل 20... https://t.co/f31J2Mn6op",0
RT @cannewskw: #فيديو | استياء واسع في #أمريكا من دونالد #ترامب https://t.co/KgVdUmHg9E,0
#ميشال_عون .....نثق بك ، ونحبك ❤لا تعد بنا إلى عام 1988 ...مسارك ومسيرتك يتجاوزانتلك اللحظة. انت المؤهل لإرساء دو… https://t.co/lBDfJZhNOH,0
كنائس مدينة #الناصرة رفعت الآذان اليوم ردا على القرار الصهيوني بحظره في #القدس #لن_تسكت_المآذن https://t.co/CEUKJ5f8dt,0
"#أحمد_شفيق لــ""برلمانى"" بعد رفع اسمه من قوائم الترقب: راجع #مصر قريب ومش هتأخر عليهاhttps://t.co/sdwqbs7N6t https://t.co/9kEuPyDxpo",0
RT @0oQ__Qo0: #السعوديه_الاماراتافضل رابط للمباره بث مباشر بدون اعلان ادخل للموقع وانزل تحت للفيديو وشغلhttps://t.co/TLWAL7g2j3,0
@akudanah شريت فيغرز من امازون وشحنوها لي عادي كلفي الشحن لين الرياض ٤٥ ريال بس,0
RT @mutaiam_96: #ايقاف_امداد_مصر_بالنفطالسعودية هددت اوبامابسحب اموالها من امريكامن تكون ياسيسي حتى نهتم فيك https://t.co/lVEfmRbj0J,1
يخت الرفيق طوني #كاستروhttps://t.co/KCqZOwjE69يخت-الرفيق-طوني-كاسترو https://t.co/JR0zV728iX,0
RT @xFarnacle: هناك حوالي 1.7 بليون مسلم في العالم.اذا كان الأسلام فعلاً يدعم الأرهاب لكنتم كلكم ميتون الآن. http://t.co/QoKmCj6R7d,0
RT @isharatidriss: ٢٩)#امريكا_ومحاربة_الارهاب،وعندما ارادت اعتقال(نوريغا)رئيس دولة،اعتقلة بقوات كوماندوز من وسط جيش، فهل يحتاج البغدادي هذه…,0
أطالب بمرسوم عزل سياسى لفلول الوطنى,0
RT @rafef_22: #نطالب_البنوك_بايقاف_الاقساط_من_رمضان_لذوالجحهياليت الكل يشارك ويقول رايه خلال الاربع اشهر هذي ضغط مو طبيعي رمضان وعيدين وم…,0
في وحدة نظاراتها و عيونها مثل هاري بوتر بالزبط و غرتها متله بس لو تقص شعرها و تصبغه اسود وااااااال,0
عم بحضر فقرة #جبران_تويني ب #هوا_الحرية ما قدرت هدّي دموعي، يا ريت الدموع بتوفيك حقك او بترجعلنا ياك.. @michelletueini @naylatueni @Annahar,0
#بلدي#الأمم_المتحدة: مليون سوري يعيشون تحت الحصار#سورياhttps://t.co/6d58XSy6Op,0
#لو_كان_بخاطري نفسي اطلع لعمل تطوعي لمساعدة النازحين السوريين💔,0
@elissakh #اليسا أشكر الله لأنــي خلقت بزمنك لأستمتع بعذوبــة صوتك ✨❤️ https://t.co/DU1O9u2Pn6,0
وزير الداخلية كان عصا في يد الإخوان ولا يصح أن يظل في منصبه #السادة_المحترمون,0
بالفيديو ميريام فارس تنشر صور ابنها من داخل منزلها للمرة الأولىhttps://t.co/cGZ2EAsRic https://t.co/XLaRe0MZdw,0
@nadinenjeim  زغرتو ياناس و #نادين ام الفانز 😬 زغرتي يانوسة #نادين راح تعطينا #بوسه لولويش #nnns #نادين_نسيب_نجيم قررت اسيرشاعره بعد التبني😊,1
المجهرنيوز / بالفيديو.. طفل ميريام فارس يلهو ويلعب في المنزل - عبر نبض @NabdApp https://t.co/3nMUuRx5CQ,0
جيد أن تتنوع الآراء حول السياسة وقضاياها وضروري أن يتم التعبير عن هذا التنوع في الإعلام التقليدي وشب,0
واحد من مجاهدين بيت المقدس وهو بيجاهد قصدي بيراقب اكادمية الشرطة #حركة_كايدينهم,1
RT @AAN_KSA1: ⁧#الارهاب_صناعه_امريكيه_لاسعوديه⁩ ⁧#قانون_جاستا⁩محمد الملا يتكلم عن مذكرات هيلارى كلنتون https://t.co/KMf4l24SOw,0
كيف يمكن تثبيت نظام أندرويد على اللابتوب ؟ https://t.co/EjGPSI98ey,0
@nadinenjeim دبي وأهل دبي وصحراء دبي كلها تحت أمرك 😍😍 فديت قلبك أنا 💜💜💜💜 #نادين_نسيب_نجيم https://t.co/WBEnKxDlrP,0
كنة سورية ريكي مارتن https://t.co/Qvp3OYhwKM,1
RT @s_a_i_f_87: التلميذ ليونيل ميسي يتابع اسطورته فهد المولد https://t.co/6pLcCwLggE,0
@malak_alhusaini ملاك ادخلي وشوفي يارب تنتبه علي احسني ابره بكومة قش☹️😂 فوزيني ايفون 7 او ماك بوك للجامعه,0
RT @oil_Dryer: مع زيت الكثافه وداعا للقشرة والصلع والتقصف والفراغات والشعر الخشنيستعمل للدقن والشنب وشعر الراس🌾للطلب وتس فقط0558945822…,0
رمز الجد والسخرية,0
RT @Arabi21News: هجوم بطائرة بدون طيار يصيب جنديين #فرنسيين بجراح خطيرة بــ #العراقرابط الموقع الجديد: https://t.co/w9VGVS4ON6https://t.c…,0
RT @kdriyadh: الثاني أن سقوط الأسد سيفتح الباب أمام الإخوان ليكونوا طرفا في حكم سوريا. الأمر الذي قد يعطي دفعة لإخوان مصر، ويشكل ضغطا على ا…,0
بالفيديو: ردّة فعل غريبة لطفل يرى شجرة الميلاد للمرّة الأولى https://t.co/KlgfDtMZEK #toddler #ChristmasTree… https://t.co/OIvsPROqpr,0
بعد #واشنطن #العبادي يتلقى دعوة لزيارة #طهران#NRT_عربيةhttps://t.co/S1PByj7yA1 https://t.co/4UwB9FHbMd,0
أطالب وزارة الخارجية المصرية بالتدخل فورا لحماية المواطن المصري أحمد الجيزاوي انتهي زمن إهانة أي مصري بالخارج كرامة المصري فوق كل اعتبار,0
RT @MBCProSports: الأهلي يواجه برشلونة بكامل نجومهhttps://t.co/uSjmylDvW3#برو_سبورت,0
@ThatReem @Shvvmsa @porviii___ ياربي انصدمت جستن بيبر صار كذا,0
بمشيئة الله توقعات طقس العرب لهطول الأمطار وتساقط الثلوج بدءًا من منتصف ليلة الغد ويشمل ذلك مناطق #القريات #طريف وا… https://t.co/hH4mtZYdyS,0
#احمد_شفيقاول أهداف ثورات العفار العربيةمحاربة الجيوش العربيةو نجحت في ليبيان سورياو اليمنفشلوا في مصرفلجأو الى تشويه كل من ينتمي للجيش,0
RT @muhamedf808: واقع حال #العراق عندما يصبح الناس اغبياء كالخراف فلاتستغرب أن يقودهم حمار ارعن !!! #erdogan_is_isis https://t.co/n99LYJtV…,1
فيلم الجزيرة #الصندوق_الأسود لأحداث #الإتحادية فضح الكثير انتظروا فيلم #المندس اللي هيفضح حاجات كمان وكمان #انتخبوا_العرص,1
طقس العرب ما بالغت هاي السنة بس الشعب قرر ياخد مكانها و يبالغ! حكوا انه تساقط و فش تراكمات و الناس قاعدة بتناقش اذا في عطلة ولا لا,0
#تنويه_البرنامج عزيزي المشاهد لو فاكر ابنك مؤدب هيتخدش حياؤه من الألفاظ رجاء مراجعة المتصفح الخاص به بس ياريت,1
اصابة 16 جنديا روسيا في حادث طائرة في سيبيريا الشرقية https://t.co/6gYVImQYVb https://t.co/erpPhDFhKB,0
اتصلو بساويرس عشان القناة بتاعته تتولى مهمة خلع شفيق اعلاميا,1
#اقتباس من #رواية جنة الشهبندر للدكتور هاشم غرايبة @hashem12333 تجدونها في جناح #مدارك… https://t.co/vznkaNY5J0,0
إجراء اتصال صوتي فقط فى FaceTime https://t.co/s7BDUAkHcG#FaceTime #تطبيقات_ايفون #iOS https://t.co/v3mtjj2qLS,0
أميركياً... الأسد أم #أردوغان؟ - بقلم #نبيه_البرجيhttps://t.co/2N6FhjUQ9w#أميركا #بشار_الاسد #تركيا #سوريا https://t.co/wM6FvFISuA,0
أتوقع.. أن فازت هيلاري كلنتون فلن تنتهي فترتها الا بفضيحة جنسية (قديمة)فمونيكا (اليهودية) مافضحت كلينتون الا بعد سنتين@mesfrah84,1
RT @TechVoicenet: الآن يمكنك الحصول على واجهة #أندرويد نوجا 7.1 قبل الإعلان عنه https://t.co/i2DsqjKpFC https://t.co/ISgvuwPaBS,0
#السعودية_مصر_احباب#مصر_لن_تركعيكفي ما يحصل في سوريا العراق اليمن ليبيايكفي يا احمد موسى انت ومنهم على شاكلتك من الاقزام,0
RT @ALAMAWI: بان كي مون: بشار الأسد تسبب بمقتل 300 ألف سوريhttps://t.co/5amIuHUHNa https://t.co/9XVM2MT5Xi,0
#ماذا_لو_المدارس_مختلطه اغغلب المدارس فيها بويات تعتبر مختلطه؟؟؟؟,0
موكب #كاسترو الجنائزي يتوقف قرب ضريح #جيفارا https://t.co/uqZIWOL0LK,0
سمحولي بوكيمون وميكي ماوس وسبايدمان اذاماتوصلت معاكم لااجيد الplay station يعني الي يبي يكون ضحية بتويترشي يخصه احنا لنا مكاتب نرحب بالجميع,0
"#ليبيا||القبض على زوجة ""مختار بلمختار""القيادي #بتنظيم_القاعدة شرقي الجبل الأخضر.",0
إلى كل مناصري الإخوان:لا يستحق مرسي أن تبكوا عليه لحظة واحدة لا تفرطوا في نقطة دم واحدة من أجل هذا الكذاباتقوا الله في بلدكم وأنفسكم,0
خارجيات – السعودية تبدأ اليوم مباحثات بشأن أول عملية اقتراض من السوق الدولية – اليوم الثلاثاء 11-10-2016 –… https://t.co/6Hph46uRyE,0
#اعتراف انا مبخفش من اى حاجة تتخيلها #حقيقة #اه_والله,0
سأنتخب عمرو موسى ما هو أكيد يعنى مش هينتخب يسارى أو إسلامى,1
RT @A822822A: ياروافض بلا كلام وإلا سوف أخرج♦️♦️#العراق #بغداد #البصره #كربلاء #النجف #لبنان #البحرين #الكويت #قطر #سوريا #عمان #الأردن ht…,1
بص يا سيسي بما انك بتبيع في البلد ومش بنشوف منك حاجه انا عايز حقي ناشف 󾌴,1
قال رسول الله صلى الله عليه وسلم :«الصلوات الخمس، والجمعة إلى الجمعة، ورمضان إلى رمضان، مكفرات ما بينهم إذا اجتنبت الكبائر» #نشر_سيرته #ﷺ,0
إدارة مكتبة اسكندرية الوسخة فصلت #عمر_حاذق المعتقل في مظاهرات محاكمة قتلة #خالد_سعيد #الحرية_للجدعان,1
فالانتقاص من صلاحيات البرلمان المنتخب واعطاء صلاحيات تشريعية لمجلس استشاري معين هما أمران ينبغي على كل مؤمن بالديمقراطية أن يرفضهما,0
مكالمة افتراضية من دونالد ترامب لناخبة ...وحوار بينهما في احد برامج التوك شو https://t.co/ml9StOA6Ma,0
ببساطه كده مصرعباره #ملك سيسي #وزيرجيش#حصان شرطه#القضاء تابيه#اعلام فيل# شعب الباقي# >شطرنج>,1
مندوبة #واشنطن بـ #الأمم_المتحدة تضع قائمة ''#عار'' لنظام #الأسد https://t.co/XnfAFrzaMl,0
أيها الاخوان صفقتم والثوار يقتلون وسخرتم من بنات مصر عندما هتكت أعراضهن وضمنتهم خروجا آمنا لطنطاوي وعنان وعندما خلعكم الشعب هتفتم ضد العسكر,0
حلبوزير خارجية #الجزائر يشيد بتحرير #حلب الشرقية وبعودة سلطة #الدولة الشرعية لها#سورية#روسيا#إيران,0
RT @hossamhammouri: تطبيق #Cram لضغط حجم الصور على #أندرويد دون التأثير على الدقة#CramApp #تطبيقاتhttps://t.co/B0mkV1UU2l,0
إيران والقضية الفلسطينية.. الوعود المعسولة https://t.co/mbftQHLycC,0
@then0o1 @mm__ss55 @Godphobia1 @Arrgwan @usten_moon هذه واحده من اغرب قضايا الخلاف..يقف انسان ويقول انا مسلم مسالم فيقال له لا تطبق الاسلام,0
انتخاب مرسي بالقطع ليس سبة ولدى اصدقاء لا اشك في ثوريتهم انتخبوه لكني ببساطة لم انتخبه وقاطعت وان كان هو الان الرئيس الشرعي,0
اللّٰه يَ دنيا؟ حركه حركه ستوب صارت #MannequinChallenge ؟,0
كلام وكلام حملة لا أضحية هذا العام تؤكد حب الإخوان للخرفان #السادة_المحترمون …,1
@AssalaOfficial  تتر فلم فاست فاريوس 8 اغنية جزائرية بصوت جستن بيبر بعد النسخة سابقة دي جي سنايك قاصف جبهة… https://t.co/ytVZDNe1Fx,0
التراث الثقافي الغني والأصيل يتجلى في احتفالات سفارتنا في #الولايات_المتحدة بـ #اليوم_الوطني45 🇦🇪@UAEinNYC… https://t.co/kgvcKIdcrl,0
شراء حسابات جوجل بلاي - Google play - ولماذا؟: https://t.co/Pr5UO7GzIf via @YouTube,0
لا والله كنت بكره الواد الخول ميلفوي ده وكان بياخد في طيزه من هاري بوتر في أي حاجة ينافسه فيها https://t.co/S7l1FqLijn,1
#اللى_رافضين_السيسى_رئيس_بيعملوا_فولوا_لبعض #مرسي_رئيسي #انتخبوا_العرص #سيناء_خارج_التغطية #سأنتخب_السيسى …,0
من الطبيعي أن تتناثر الإتهامات والتشنيعات والشتائم والرصاصات في كل إتجاه إذا كان رأس الدولة عاجزا عن إتخاذ القرار,0
#نون_أون_لاين#الجامعة_العربية تدين الهجوم الإرهابي بالكرك https://t.co/46GUDfy6Xe,0
1 كما سجلت أكثر من مرة قبل٣٠ يونيو وبعده، مصر وقعت فريسة لفاشية دينية محرضة على العنف ولفاشية قمع وإقصاء وعنف زيفا باسم المصلحة الوطنية,0
"#ترامب: الشركات التي تعتزم مغادرة #الولايات_المتحدة سوف تواجه ""عواقب""",0
بدأنا تجهيزاتنا العائلية للإحتفال ب #العيد_الوطني_المجيد46 #حماس #حب #وطن #١٨_نوفمبر https://t.co/tSYDLI7GDY,0
رامي عياش - الحق معادك 😻🔥,0
أوباما: وقف الفيتو ضد قانون جاستا “مسيسا” وهناك عواقب وخيمة لتشريعهhttps://t.co/ewLkfUWSZGذكر الرئيس الأمريكي باراك أوباما إن وقف الكو…,0
RT @14__moony: تبعد وأنا أبعد ../ وتزداد فيني #قروب_المملكة_للدعم#فيصل_الراشد_للدعم#قروب_فيدرر#قروب_مختلف_للدعم#قروب_احساس_شاعر,0
احتفالية لإحياء ذكرى المولد النبوي الشريف بالترانيم القبطية  ...غدا على مسرح سيد درويش بالاسكندرية ..........ايوة انت قريت الخبر صح .,0
" حبيبان نحن الى ان ينام القمر ! "" #جوهرة #محمود درويش ",0
القوات البرية السعودية والقوات الفرنسية الخاصة تؤديان التمرين المشترك «سانتول» https://t.co/c2rlWCyc17,0
RT @Mughathawi: نحمدالله عزوجل على نعمة الإسلام مواسم الخير تتوالى علينا اللهم تقبل منا إنك انت السميع العليم وتب عليناانك انت التواب الرحي…,0
@3arabiiiiii @atwaniyat فك نفسك من فرنسا وبعدين تعال,0
ما يحدث من الشرطة العسكرية ضد المتظاهرين السلميين غير مقبول ولا يمكن السماح به في مصر الثورة إهانة فى مصري هي إهانة للشعب المصري كله,0
#أحمد_شفيق يكشف لـ « #اتفرج» موعد عودته لـ #القاهرةhttps://t.co/VA06rm8Pzn https://t.co/jnPK82n0hI,0
#البنزين بيغلى و #الشعب هيوسع احا يا حكومه,1
RT @kingksayemen: لماذا يدافع الاخوان المسلمين عن المملكة ويحاولون تبرأتها من جريمة قصف قاعة عزاء صنعاءمثلهم سارع داعش بتبني الجريمةكيف ي…,0
طقس العرب يتوقع زخات رعدية في #الاردن اليوم و تساقط ثلوج ليل غدا https://t.co/DdGujnTJdW,0
تسلم الايادي يا جيش بلادي و يا شعب بلادي #تحرير_سيناء من الصهاينه + الاخوان,1
نضَّر الله وجه امرئ  قرأها فوعاها  .. 💞🌿 #معرض_الكويت_الدولي_للكتاب https://t.co/dGiNmHnhnp,0
مهما بلغت لحاجة وخلقنة غوتشي الا انها مازالت اشيائها انيقة ,0
مخابرات #الاحتلال تسلم #أسيرين محررين بلاغين لمراجعتها https://t.co/sPkR37g8Nd,0
اللهم إني أعوذ بك من المزايدين والمزايدات الرجالة منهم والستات,0
الضبطية القضائية فى الجامعة مشينة لسمعة جامعات مصر ومهينة لطلابها ونقيصة فى وجه المجتمع الجامعة علم وحرية وحركة أجيال,0
#عادل_اماممن اخر حلقة في مسلسل مأمون و انا حاسس انك هتموت السنادي,0
كان الأولى أن يكتبوا على جميع حوائط المدينة: حافظوا على نظافة نفسيتكم,0
تطبيق GIPHY CAM# متوفر الآن لنظام أندرويد https://t.co/ifOo52aLCr عبر @aitnews #giphy @giphy #gif,0
RT @dcgy12: غوغل لا تعيّن أحدًا فوق الـ40 عامًا للعمل لديها https://t.co/28m5DjS6Lf,0
شخص من كل اثنين ايدوا الانقلاب تراجع للخلف ولكنهم مقسمون لاربعة مستويات الضعيف يهاجم ببلاوى والغلاء المتوسط يهاجم,0
يطلبون السلاح من الغرب ويلومونه لماذا يمنعه عنهم؟.بالرغم انه زودهم بما يكفي منه باستثناء النوعي لكن جبهة النصره واحرار الاخوان سرقوا اسلحتهم,0
بشار الأسد في حوار الـ33 سؤالا: المعارضة المعتدلة خرافة.. وجبهة النصرة منصفة دوليا كمنظمة… https://t.co/WV6AoLVjtb https://t.co/qWtglYpeVS,0
ما خطة أوباما البديلة في “سوريا” بعد فشل المفاوضات ؟https://t.co/syfUELWz27,0
#حازم_عبد_العظيم العرص يكشف لماذا تحول من صفوف #الثوار لصفوف #الانقلاب,1
احناا الصوت ساعة لما تحبو الدنيا سكوت #كاريوكى,0
@yasserali_1991للاسف البعض مايفهمان صار فساد أكبر من #قياده_المرأه للسيارهصارت السالفه مغازل ويتمشى مع خويته على انه من #اوبر او #كريم !!,0
احلى صباح مع صوت واحساس وجمال #اليسا♥♥يسعد صباحك يا#سعادة      @elissakh,0
أمي ولك في هذا اليوم دعوه ؛ حفظك الله من كل سوء ياجنتي حفظ الله أمي وأمهاتكم وجميع أمهات المسلمين #عيد_الأم …,0
RT @MohamadAhwaze: الجبالي : جغرافيا الشرق الأوسط تغيرت ونحتاج إلى حوار عربي إيراني، لمعرفة ما الذي تريده إيران من تدخلها في سوريا واليمن .…,0
اعتقال الفتيات دون 20 عاما لرفضهن الانقلاب ثم اجراء اختبارات حمل لبعضهن تصرفان تعكس وضاعة الانقلاب وخسة من ينفذونها,0
طريقة سهلة ويسيطة لعمل ماكينة غزل البنات ف المنزل https://t.co/3dNzuwpBNX?J85x #مهرجان_القاهره_السينمايي #مهرجان_كتارا_للمحامل_التقليديه,0
💙 ستظل البطل 💙😍 احمد شفيق 😍#يارب#احمد_شفيق https://t.co/fPEtisAOmL,0
نعم تنازل وليس ازاحة طرف لمصلحة طرف آخركمبادرة #كيري https://t.co/MRZO8rpozv,0
السؤال اللى محينى بخصوص #الاعدام_للجميع دى هى كانت فين احكامك الناجزة بالاعدام للمخلوع #مبارك وعصابته واللى كان الشعب…,1
لابد من الإسراع بنقل الوعي الانتخابي للمواطنين، الكثير من الناس لا يعلمون القواعد للانتخابات وكيفية اختيار القائمة الحزبية والفردي,0
لا شيء يبرر إحالة المدنيين للقضاء العسكري حتى البلطجية القضاء المدني كفيل بهم,0
"بالصور.. #بيونسيه تتألق في عرضها الأخير بـ""نيو جيرسي""https://t.co/kWQTZzFYd7 https://t.co/RgBmcKQ64y",0
آخر تغريدة كتبها د. نادر العمراني رحمه الله .. جحور النفاق وأعداء الملة لا يطيقون مثل هؤلاء الرجال.#ليبيا #العرب https://t.co/s4VHaOmpiD,0
“بيونسيه” وابنتها بأناقة “غوتشي” “ولوران” https://t.co/Xhmx9So4jS,0
"RT @alarabalgbaal: كان ﷺ يبشر أصحابه بقدوم رمضان ويقول""أتاكم رمضان شهر مبارك فرض الله عليكم صيامهتفتح فيه أبواب السماء وتغلق فيه أبواب ال…",0
طريقة تعطيل اي زر في لوحة المفاتيح على نظام ويندوز ومنع المتطفلين https://t.co/m2A3xAh4Xm https://t.co/EnJdBPKQQW,0
روسيا تطوق مشروع باريس بشأن حلب بفيتو ومشروع جديد,0
حل مشاكل أندرويد بعد التحديث الأخير https://t.co/HvLCLgHl51,0
@DianaHaddad ديانا فنانة حببت كل العرب بلبنان وخلتنا نتمنى نصير لبنانيين ونزور لبنان وك انت فخر لوطنك يا نجمة 😍 https://t.co/xFSRR4jc4j,0
#تركيا عضو #الناتو تطلب شراء منظومة م/ط #SS400 الروسية ...اظن انة غرام افاعي ...😂😂😂,1
أمير قطر السابق يشارك في جنازة #كاسترو و يشكره على مواقفه التاريخية بموضوعي #فلسطين و ثورة #الجزائر..طيب نحنا على شو فينا نشكر سمّوه؟!,0
@ZoubeidaAlKhour @star_bassima @AddiyarNews كل عام ولبنان واهلو بالف خير يارب ويكون في امن وامان بقيادة فخامة الرئيس ميشال عون,0
RT @aali4573: مصادر إعلامية أردوغان وبوتين يتعهدان بالسعي للتوافق بشأن سوريا خلال فتره وجيزة قادمة,0
"ajlnews: ""الإيدز"" يهاجم مليون و200 ألف شخص في عام واحدhttps://t.co/YcA3R4qBeM#الإيدز #الأمم_المتحدة- https://t.co/VsLjB6IvFN",0
رووووعه 😍👌🏼 #SuperMarioRun https://t.co/wJxiuoSO0s,0
انا بيب الطقاقه بيونسيه ف عرسي ان شاء الله 😋😭😭😭🙈🙈🙊💕💕,0
كانوا مستكترين على الغلابة دعم الاخوان وانهارده بيتفاخروا بكسوة الامارات للغلابة فعلا يهود ماسكين الاعلام فى مصر,1
إخوانكم في #اليمن يمرون بمجاعة شديدة ويحتاجون منكم الإغاثة.. فلا تخذلوهمقيمة... https://t.co/s1LNckhGUB by #NabilAlawadhy via @c0nvey,0
RT @AhmedJamal84: @MahaOmar22 @alforasy @Alya0123456 @MFNNcmnsFXBw2oE @smsomis7sii تعرفي اول من ادخل جوجل يقول انت يماني اقوله ايوة يقولي س…,0
استهداف مقرات الاخوان ثم التيار الشعبي ثم الوفد هي خطة محكمة لاخلاء هذه الشقق و تأجيرها مفروش,1
رد على سؤال برلماني .. أبل: مشروع جنوب عبدالله المبارك سلم للسكنية يوليو الماضي https://t.co/xRfoaDzZYX,0
RT @alhayat_op: جهاد الخازن: هيلاري كلينتون فازت بالمناظرة التلفزيونية الثانية مع دونالد ترامب كما فازت بالمناظرة الأولىhttps://t.co/FCRaN…,0
الحريري استقبل #جعجع في #بيت_الوسط https://t.co/CWpKQCslWw,0
@ahamdyos @BBCWorld لينك ال bbc دة مدلس. https://t.co/zBKBVfMMC9 والكلام كان من كام شهر وخبراء فرنسيين الي اعلنوا انا متذكرة,0
RT @saadalbreik: #أمريكا صنفت #الإرهاب وسكتت عن إرهاب #إيرانلكن خوفها من المشاكل الاقتصادية جعل لعابها يسيلعلى أموال المملكة #جاستا_الع…,0
8 :) كان حي الطبقة المتوسطة العليا في #مصر و ذهب اليه الكتاب و المثقفين المصريين بحثا عن مزيج نادر يتفق مع طبيعته,0
نحب اللغة العربية لأنها لغة القرآن ولأن نبيّنا عربي ولأنها لغة أهل الجنة #اليوم_العالمي_للغة_العربية #غرد_بصورة,0
في بنت ما حطت غنية single lady بعرسها وقت بدا ترمي 💐لصديقاتها السينغلز..صار زوجها بيونسيه يهديها🌷🌹فطلّقت بعد فترة وعملت divorce partyعالموضة,0
@heba3265 @EGYPTAIR هي مصر للطيران بقى ماسكها شوية عيال كده؟! المهم احفظي رقمه عندك عشان يتعرف مين لو في امل يعملوا حاجه يعني ،دي مسخره!,1
يارب انا مش طالب كتير انا عايز واحده فى خفة دم #رنوش وجنان #سوكا وجمال #شيرى_عادل ورقة #جنات واى حاجة من #صافيناز ^_^ #,0
اسْتَحْوَذَ عَلَيْهِمُ الشَّيْطانُ فَأَنْساهُمْ ذِكْرَ اللّهِ أُولئِكَ حِزْبُ الشَّيْطانِ أَلا إِنَّ حِزْبَ الشَّيْطانِ هُمُ الْخاسِرُونَ,0
#SuperMarioRun خلصتها https://t.co/yAgJqasxFw,0
جبران تويني.. معه اغتيلت الصحافة اللبنانية https://t.co/aXh9rVjums,0
#عاجل *الدنمارك تقرر سحب مقاتلات إف-16 من التحالف الذي تقوده #الولايات_المتحدة.#مدري_شرد_اكول#وما_ايامكم_الا_عدد#عايشين_بزمن,0
نحن امام انهيار لشرعية المجلس الأعلى للقوات المسلحة,0
(ربنا اكشف عنا العذاب إنا مؤمنون) [الدخان:12] #ريال_مدريد,0
RT @nalut17feb: بعض مصطلحات الشتم الليبية تشبه مصطلح الإرهاب .. معندهاش معاني أو تعريف محدد غالبا لكن مجرد تسمعها تزبطها كلمة ماتنفعش,1
عروضات امازون المؤقته للساعات النسائية تجدونها هنا:https://t.co/19nVeIV0dD,0
"""أوباما"": الكونغرس ارتكب خطأ برفضه الفيتو ضد قانون ""جاستا"": قال الرئيس الأمريكي باراك أوباما، إن الكونغرس ارت... https://t.co/xV2CEZhab7",0
استمتع أنت وعائلتك بأشهى الأصناف المختلفة بأيدي افضل الطهاة ببوفيه الكريسماس ليلة عيد الميلاد المجيد بمطعم Colours… https://t.co/vGj92O1pOM,0
تعتبر جامعة #ليفربول في بريطانيا ضمن الجامعات الموصى فيها من قبل وزارة التعليم العالي في #السعودية#مبتعث… https://t.co/JOClo9ySU6,0
#فن#مشاهير #شبابلك تعرف على خريطة حفلات رأس السنة .. وسر غياب #إليسا و #هيفاء_وهبي!يحرص نجوم الفن، دائما على... https://t.co/wRnmKEc12w,0
شيخ ممنوع في باكستان.. يعظ في مساجد بريطانيا - https://t.co/DlsTiPXIak,0
"- هل كُل الأساطير خلفه ؟ أو "" #ميسي "" من كوكب أخرْ ! …",0
#حماسكنا نتغنى فعلا بانتصارات حماس . الا اننا انتبهنا انه لا يفرح بانتصارهم الا المنافق .. الحمد لله,1
احمد الشيخ : يكشف عن السبب الحقيقي في عدم إنضمامه للزمالك: https://t.co/KiFeyHy6je via,0
@oscarswiIde يا بيونسيه,0
دلال البزري | #كاسترو و #اليسار المؤمن https://t.co/f0RgfA9dZe,0
@malak_alhusaini ياخي ابي افهم ورا حظي مروح ما قد فزت حتى لو بقلم رصاص ☹️💔 ايفون طيب تنازلنا نبي شنطه من ذا الشنط الماركه 🌚 اتشرط انا وخشتي🙄,1
RT @Arabi21News: أي جديد غير #السعودية بخطاب ليلة عاشوراء لنصر الله؟ (فيديو)رابط الموقع الجديد: https://t.co/h6gTDb2Kkdhttps://t.co/qJfBy…,0
"سوريا: الأسد يؤكد ""الاستمرار في محاربة المسلحين حتى يغادروا حلب""https://t.co/69MNJqCwfOأكد الرئيس السوري بشار الأسد في مقابلة مع قناة …",0
@Tennis_RFederer تم التصويت للكوكب التنس فيدرر,0
شرح فيديو مهم جدا حل لمشاكل الكومبيوتر كيف تقوم بتصليح أخطاء ويندوز 7 و 8 و 10 بضغطة زر واحدة… https://t.co/DxNZKA5vEN,0
سبورت تكشف معاناة برشلونة قبل مواجهة لاكورونيا و السيتى التفاصيل ⬇ https://t.co/NGVvMAlthZ #انت_نفضتلها,0
RT @hanyn1212: عاشوراءتجسيد واقعي لملحمة اﻻنسانية التي يحملها المعسكر الحسيني ضد اﻻرهابالذي يمتد الى يومنا هذا باسم داعش #شيعيه https://…,0
#الوفد - تأسيس #السيسى لحزب سيصيب الحياة السياسية بالخلل,0
#ميشيل_تويني: نحن لا نريد توجيه أي إتهام سياسي بقضية إغتيال #جبران_تويني، نحن نريد محاكمة عادلة ونريد تحريك هذا الملف.@MichelleTueini,0
القبض على قيادى من حزب النور فى بنى سويف اكيد اخوان ايه المانع اهلاوى بيشجع الزمالك,1
#حلب تحرق حضارة #روسيا #الصين #أمريكا #أوروبا يتشدقون بحقوق الإنسان من ببنودها  أخراج المسلمين واستباحت دمائهم أعراضهم دورهم ديارهم (وأعدوا),0
طب ما هو فيه حد عاقل يكابتن احمد الشيخ بتاع الاتحاد؟؟؟ 😏,1
فأن متشدقين بالدفاع عن الحريات يرفضون الرأي الآخر ويقصون المختلفين معهم بديكتاتورية,0
رجل صيني ينتقذ حياة 321 منتحرا ويحقق شهرة عالمية https://t.co/6l8FbyBNVe#الصين #عاجل #ايقونة_التحرير https://t.co/yNof6qRTcV,0
اية مش باقي غير شوية غجر هيتكلمو رعاة بهايم عمر بلدهم مكملش 100سنه اصحو ياصل الارهاب في العالم  #مصر_لن_تركع,1
RT @SyrianCoalition: د. رياض حجاب: #روسيا متمسكة بموقفها وتشارك نظام #الأسد الجريمة في قتل الشعب السوريhttps://t.co/uKnDfWg0CI#سوريا http…,0
#عاجل | #أردوغان أمام الجمعية البرلمانية لـ #الناتو: نريد منكم أن تضعوا حدا لتحركات أعضاء المنظمات الإرهابية في بلادكم ولأنشطتهم الدعائية,0
إصرار الشعب التونسي على الوصول إلى الكيلومتر الأخير ثورة أخرى في حد ذاته وأهم درس من بين دروس كثيرة # #,0
مقيمــــــــــــة  ترغب فى زواج مــــــــــــــــسيار  https://t.co/TgV5JdX5sT,0
الفنان أحمد شاكر يكشف كواليس الخلاف بين “الساحر والزعيم” و ماذا فعل مبارك بقرار حاسم https://t.co/yWIr7xF4Lv #الزعيم #عادل_إمام,0
المدن -روجيه عوطة-نينا هاغن وعجينة الفم المتهكِّم #غناء_الصراخ #غناء #فن #ثقافة,0
RT @7okaha: ال #BlackFriday الشهر الجاي#شفرات#أبدا_لن_تسقط_أمازونثقة في الله مش هنولعها معناش فلوس,1
تقول نوال الزغبي : https://t.co/BozQHk3pJU,0
اغنيه من اول نظرة رامي عياش: https://t.co/ys9n310JoW عبر @YouTube,0
الشرق الأوسط||إجتماع ثلاثي [ #تركي - #روسي - #ايراني ] في #موسكو غداً حول #حلب و لبحث بدء المفاوضات #السورية .… https://t.co/KnPgJbYEnQ,0
بالفيديو!!!حرائق تجتاح أحراش ولاية تينيسي وتبدو كأنها فيلم من جهنم!!#الولايات_المتحدة https://t.co/ZetLVNrs95,0
@kasimf دكتور فيصل انت قلت لا تحملوا موضوع حلب الشرقية كل هالزخم الإعلامي وبنفس الوقت بتعمل حلقة عنها,1
شاهد الحلقة 13 رابط مباشر من #مسلسل #الأسطورة https://t.co/o0IvX7dgqm #مهرجان_القاهره_السينمايي #واش_يقلقك_فتويتر,0
وزارة التخطيط تضع مشروعا لاصلاح الاقتصاد في مارس 2014 ليبدأ فى يونيو التالى طبعا لشعبهم,0
ﺍﻵﻥ ﻳﻨﻬﺾ ﺗﺤﺪﻱ ﺇﻳﺮﺍﻥ، ﻭﻓﻴﻤﺎ ﻛﺎﻥ ﺍﻟﻄﺒﻴﻌﻲ ﺃﻥ ﺗﻘﻮﺩ ﻣﺼﺮ ﺍﻟﻤﻮﺍﺟﻬﺔ ﺑﺠﺎﻧﺐ ﺍﻟﺴﻌﻮﺩﻳﺔ، ﺃﺧﺬ ﺍﻟﺴﻴﺴﻲ ﻣﻮﻗﻔﺎ ﺁﺧﺮ ﻻﻋﺘﺒﺎﺭﺍﺕ ﺗﺨﺼﻪ ﺷﺨﺼﻴﺎ ﺃﻛﺜﺮ ﻣﻦ ﻣﺼﺮ ﻭﺩﻭﺭﻫﺎ.,0
يا ترى بين هيلاري كلنتون  ودونالد  ترامب مين نختار؟؟,0
يا أمتي والحزن يعصرني علام الانحناء ما بال رحلتك انتهت وخلعت ثوب الكبرياء .. ؟؟ لو كان يسعفني البكاء لمت من فرط البكاء#بغداد #القدس #دمشق,0
مصر التاريخ مصر الرياده لن تركع الا لله وربنا معاك يا سيسى وان شاء الله مصر هتعدى #مصر_لن_تركع,0
تقدم بريطانيا مساعدات منقذة للأرواح لملايين المتضررين من الصراع في #سورية. #الوقوف_مع_حلب https://t.co/SxNY3ELrNN,0
https://t.co/y9VEwQqbpa  <== ||| #سكس  #مقاطع_سكس #قحبة  #ديوث #متحرره  # سوريا  #الخرطوم   #فلسطين #الرباط,0
الله ينعلكم وينعل هاري بوتر فوقكم.,1
@3moori منو احسن نادال ولا فيدرر؟,0
من أصدق ما قرأت .....#ليبيا ماتت في 2011 وهى الآن تمر بمرحلة عذاب القبر ....,0
النهاردة ومرسي في القفص عرفت ان محافظ سوهاج لسه مسماش اكبر ميدان هناك باسم الشهيد الحسيني ابو ضيف لعل المانع خير يا ب…,0
الجيش لم يخون مرسي فقط بل خان الشعب المصري بأكمله,0
@bu_3umran حسبي الله ونعم الوكيل فيك يا سيسي يا كلب عميل الصهاينه ربنا يخلص مصر من احتلال العسكري قريب ان شاء الله,1
بالصور... إحتجزتهما ثلوج جرود الكنيسة! - https://t.co/FBJEmz8IG8 #لبنان https://t.co/IrL3DiJWiS,0
خلق جميل ثقافة الحوار وتقبل الرأي الاخر,0
"الحريري استقبل في ""بيت الوسط"" وزير الخارجية الكندي ستيفان ديون يرافقه نواب كنديون من أصل لبناني",0
"زوجة إبراهيم حسن تكشف تفاصيل محاولة قتل نجلها على يد ""سائق"" شركة #اوبر خلال محاولته سرقة هاتفه الجوال #مصر #جريمة",0
@Aleksej_123RUS @validall @prezidentmemes @PutinRFهل انتم هكذا ايها الشعب الروسي مجرمون نفس اجرام بوتن ام انكم شعب… https://t.co/VECia78XaF,1
RT @yousefalawnah: عاشت فلسطين حرة عربيةوإنها لثورة حتى تدمير حلب وعدن وصنعاء وبغداد والموصل😂😂😂بعدين نشوف فلسطين,0
#بنغازي استشهاد الاسير عند الدواعش من سجناء بوهديمه #اسامه_جمعه_النايلي الذي قتل فى احدى الغارات الجوية ونحتسبه باذن الله تعالى من الشهداء,0
يا إلهي كم هي جميلة تلك السمراء 😍💗 @nadinenjeim #نادين_نسيب_نجيم #nadinenassibnjeim #nnn #star #actress https://t.co/MlO8CvyR6H,0
مستوطنون يقتحمون المسجد #الأقصى المبارك وسط حراسة مشددة من شرطة #الاحتلال. https://t.co/tQ1isaDSKi,0
@noonahqsweet201 @mm3637971 لو متزوجه من رمضان كرشتها بالصورة كانها بالتاسع سلامات😂انا يجي من بنقال😆👳🏽,1
RT @lnwarriii: حمممممددد شششسسالففففههه😏😂😂😂 جستن بيبر على غفله https://t.co/eBQluK4x25,0
غالبا كل الاخونجية والاسلاميين يؤيد هيلاري كلنتون وينقولون أخبار تفوقها بالاستطلاعات مثل منظمة كير الاخوانية@CAIRNational,0
RT @aa_arabic: #أرامكو السعودية توقع مذكرات تفاهم مع 18 شركة تركيةلتمكينها من المشاركة في مناقصات أرامكو والعمل في السوق السعودية https:/…,0
#اليمنية| وكيل محافظة #شبوه يشدد على تفعيل مكاتب الإدارة المحلية بـ #الروضةhttps://t.co/qtbGmVoO4o#التحالف_العربي_سند_اليمن,0
"انشرُوا التذكير بالتكبير و أحيُوا سُنّة هذه العشر "" الله أكبر الله أكبر لا إله إلا الله الله أكبر الله أكبر ولله الحمد ""…",0
"#Bahrain #Jordan #Tunisia #KSA #UAE #Doha #Lebanon ""الحشيش"" يشعل الخلاف بين حزب الله وقوات الأسد "" https://t.co/DGMSfSUjiV",1
RT @AAN_KSA1: ⁧#الارهاب_صناعه_امريكيه_لاسعوديه⁩ ⁧#قانون_جاستا⁩محمد الملا يتكلم عن مذكرات هيلارى كلنتون https://t.co/KMf4l24SOw,0
نفسي في هيدر و كافر فيه ( الاهلي - مانشستر يونايتد - ريال مدريد - اسي ميلان )وهكون شاكر للي هيعملة بجد ❤,0
#اردوغان قال لروتانا لااستطيع تأيد الانقلاب فى #مصر والا اكون متناقض مع نفسي و #السيسي لايستطيع تاييد الثورة فى #سوريا والا سيتناقض مع نفسه,0
#نجيب_ساويرس يتحكم ف النادي الاهلي! احمد سعيد رئيس حزب #ساويرس اصبح نائب رئيس #الاهلي بدل من محمد عبد الوهاب صاحب التاريخ الكبير!,0
أنت لاتحب السعودية ولاشي وعارف إن الوهابية منبع الأرهاب .لكن جاءت تلاقي مصالح معها السعودية تحارب علي صالح والحوثي… https://t.co/4b1N1n3FCa,1
"#اعتراف : غيابك المر شتت زاهي حضوري !""",0
@ashraaf_alsaad وتصويت مصر سيسي لصالح روسيا بالامس اليست خيانة ايضا ام انها وجهة نظر خيانية،  مصربلحة اصبحت كالعاهرة بعهد سيسي الكل يشوطها,1
مقتل شرطي سعودي بالرصاص في شرق المملكة #WeAreProudOfYouLauren #الكويت #WhiteHouse #MannequinChallenge #المغرب #كلمات https://t.co/qVkhGTn8Ri,0
RT @rahimmoheby: #إيران.. حركات احتجاجية في كل من مدن اروميه وكهغيلويه و #طهران.#الاحتجاجات https://t.co/4KswdhRrQK https://t.co/dn0vSXE5mE,0
Retweeted جنوبية | Janoubia (@janoubia_news):داغر لـ«جنوبية»: أقصوا #الكتائب بسبب مواقفها السيادية #لبنان... https://t.co/YwBWItVZy8,0
RT @zienabaall: Eim:احب اخبالج 💙💙واحب لما تفصلين بالسناب وتحبين جستن بيبر وربعه والكتب عالمج الثاني وبس والله ايلافيو 💙💙,0
نتفق معك في ان الرجال يعرفون بالحق ولا يعرف الحق بالرجال,0
بدو يدعم و يشجع و يوقف ورا ميشال عون تيصير استقلال فعلي. بغض النظر انو في مرا انقسم الجيش كرمال عون.,0
RT @Malik_AlHouthi: اذا كنت تحب ضحكة الشهيدالقائد الهمام #صدام_حسين المجيد فأعمل ريتويت وإن كنت تكرهه فأعمل لحسابي حظر.#العراق #اليمن #تعز…,0
@LadyxGag @ArtistsUpdates مادري سمعت بعض الاغاني و ما حبيتها واصلا بيونسيه لا تروق لي,0
دا خنقنى من ساعة مدخلت على طنيطر والصدمة اللى جبتلى الشلل لما عرفت انه مسيحى ا,1
الماده العشره فى الدستور 👍😂#عمرو_أديب👊👊 #الدوري_لونه_احمر,0
كل سنه وانتي طيبه #فيروز,0
صور ميريام فارس 2017 https://t.co/dXhjPVzMnv,0
#اليمنية| #أطباء_بلا_حدود: استقبلنا أكثر من 15 ألف جريح منذ بداية الحرب في #اليمنhttps://t.co/nJzQzXYuZT#التحالف_العربي_سند_اليمن,0
اسئل الله أن يردهم اقوى من أول نحن امة اعزنا الاسلام  #تكفي_يابو_فهد_نحتاج_للهييه,0
كت تويت | كتب عجبتكم من #معرض_الكويت_الدولي_للكتاب للحين ؟📚 https://t.co/diqdkzI3Yj,0
واكتر ناس تآمنهم ما بيجي الجرح غير منهم وناس انت بعيد عنهم بتنسي معاهم الاحزان #صلاح_جاهين,0
RT @aboalhodaalhoms: مؤلم ومؤثر ام فقدت طفليها نتيجة القصف الروسي على حي بستان القصر في مدينة حلب شاهد الفيديو ثم انشر ب رتويت https://t.c…,0
عن سحبة النفس لسيجارة #عادل_امام تجري ريقك ع البانجو 😂😂😂😂😂,0
واحد من ابطال هارى بوتر جاى فى فلاش,0
اكتشاف Backdoor تجسس على جميع اجهزة اندرويد الصينية .1pw https://t.co/jMb0JTCnO9 #عادل_امام,0
"قصة نجاح مهندس مصري يصنع ""الفلافل"" في روسياhttps://t.co/MjnERc6eM5",0
احمد الشيخ امبارح بغد ماسجل الجول عمل تحدي المانيكان .. فكان تعليق معلق النيل للرياضه ايه الوقفه دي هو الحكم لغي الهدف ولا ايه 😀😀,0
ريال اشكبره بوعيال للحين يحب نوال الزغبي,0
ﻟﻮ ﺇﻧﻘﻄﻌـــــﺖ ﺍﻷﻧﺘﺮﻧﻴــﺖ ﻓﻲ ﺍﻟﻮﻃـــﻦ ﺍﻟﻌﺮﺑـــﻲﻭﻋﻠــﻢ ﺍﻟــﻌﺮﺏ ﺃﻥ ﺍﻟﺪﻱ ﻗﻄﻌــﻪ ﺇﺳﺮﺍﺋﻴــــﻞ..ﻟﺘﺤــــﺮﺭﺕ ﻓﻠﺴﻄﻴـــﻦ ﻓﻲ ﻧﺼــــﻒ ﺳﺎﻋـــﺔ,0
حسب موقع طقس العرب .. ثلوج على المرتفعات .. الاثنين https://t.co/x1VGUY1KWP,0
التنوع العرقي في #إيران مصدر أزمة https://t.co/7SnlKL6Wx9,0
الاعلامي المحترم يوسف الحسيني يطالب بإعادة فتح التحقيق في حريق مسرح قصر ثقافة بني سويف2005,0
RT @FraihAlanzi: للباطل جولةوللحق جولاتومابعد الظلام…إلا…النورستُشرق شمس الحقوسينتصر شعب #سورياالعربي…المسلموسينكسر الغزاة وذيلهموال…,0
طريقة صنع شجرة #عيد_الميلاد من الزجاجات البلاستيكية #أشغال_يدوية #زينة #ديكور #عيد_ميلاد_مجيد #فيديو #DIY… https://t.co/h1EbcXTPU6,0
باسم يوسف لذيذ,0
RT @Saudi_Ajel: بعد اتهامه بالعنصرية .. «أمازون» يحذف أزياء خليجية مثيرة بعد عرضها للبيعاضطر موقع «أمازون» لحذف أزياء خليجية... https://t…,0
دونالد ترامب لو اصله شعباوي كان مقضي حياته ببيت المسنين يلعب شدة,1
#ماذا_لو_المدارس_مختلطه #زيت_زيتون_الجوفعصرة أولى على الباردللتواصل واتس اب 0532664958.,0
جبران تويني تحت التراب و هيك حثالة عالتلفزيونات.. و منسأل ليه مجتمعنا صاير منحط؟؟؟,1
حلو ده#جوجل https://t.co/x1zDUSXyxh,0
شياو يان من بيت الوسط: سنواصل مساعداتنا وسنبقى على تواصل مع لبنان بشأن سوريا,0
الغارديان: بريطانيا تتغاضى عن انتهاكات حقوق الإنسان في البحرين https://t.co/sw69MTmkJE #سبوتنيك #فلسطين #القدس,0
السيسى و بوتن أنقذا العالم من مخطط شيطانى لتدمير الشرق و حرب عالمية ثالثة https://t.co/ftI6QCizPA,0
عمرو موسى : لقد أخطأت فى تحمل مسئولية الجامعة العربيةhttps://t.co/uZW4HwUNFG https://t.co/sGKqQn1azm,0
التحكم المروري: حركة المرور كثيفة من اوتوستراد زوق مكايل باتجاه مفرق غزير وصولا الى كازينو لبنان من دون عوائق https://t.co/JxFALrMc98,0
#فيسبوك يختبر خاصية المؤتمرات الصوتية لأجهزة الكمبيوتر المكتبية https://t.co/8Ck3G7GTNU,0
اى دين او ملة اى رجولة او شهامة اى مهنة او مهمة تسمح لرجال بالمدافع يهاجمون نساء فى منازلهن للقبض عليهن ثم اتهامهن بحمل سلاح مصر اتهانت,0
مكبر صوت للموبايل من علب كانز فارغة How to create a speaker https://t.co/EdE8ZBRn0h?UQ5M #ماذا_لو_المدارس_مختلطه #كلنا_نصوت_لسديم_قديسات,0
محاكمة المتورطين وذلك بشرط ان تكون الحكومه واجهزتها لديها المصداقيه وليست صاحبة سوابق فى التزوير والتدليس والصاق…,1
قال رسول الله ﷺ(أيما عبد أبق، فقد برئت منه الذمة) رياض الصالحين #ريال_مدريد,0
طريقة تعطيل محرك البحث بينج في ويندوز 10 https://t.co/gcEvv741Nx,0
الأعداد في مسيرة مدينة نصر جبااااااااارة تذكرني ب ٢٨ يناير,0
اييييييييه ع قولت بيونسيه دورنت ورري بيبي دونت ورري😢,0
@Yaqoobzz قبل كنت اتابع فيدرر بس كرهت نادال يوم طلع,0
#حلب فرانس برس: #واشنطن تتهم ضباطا سوريين بالاسم بارتكاب تجاوزات بحق المدنيين خلال جلسة #مجلس_الأمن .,0
💥🎥شاهد/ولاية #صحار تقيم احتفالا بمناسبة المولد النبوي الشريف🔘تقرير منصور بن ناصر السعدي https://t.co/DU1YcW7zBM,0
هيلاري كلنتون تقول أريد أمريكا الكل فيها يساهم في البناء بغض النظر عن اصولو أو ديانتو إنشاء الله يكون هذا التصريح قول و فعل# Usa,0
"الماركا:""جوهرة التاج الملكي"".""النادي سيستثمر ٤٠٠ مليون يورو لتحويل البرنابيو لمعلم هندسي عالمي"". #ريال_مدريد… https://t.co/bk9On6eLbD",0
@Drbakkar أي اندماج لا يأخذ بالاعتبار مطالب الشعب السوري سيفشل. و أي اندماج لا ينشأ عنه كيان سياسي قادر أن يتحاور مع المجتمع الدولي فاشل,0
شجرة النجمة الذهبية ..ذهبية  #نوال_الزغبي,0
قصف مستشفى أطفال #حلب من قِبل عصابة #بشار #روسيا واثناء تواجد الجزيرة يؤكد أن #الأمم_المتحدة مجرمة تدعم #الإرهاب  https://t.co/yZBhlFEgCw,0
"@HDina13 @YorgoElBittar روح على غوغل وعميل بحث صخرة الروشة"" وشوف بعينك انورما كانرفيه علم لبناني بي ولا صورة!""",0
اول مرة من عرفت معرض الكتاب زحمة ومن جهات المعرض كلها #معرض_الكويت_الدولي_للكتاب,0
شبرا العظيمة دوماكل يناير واحنا هنا,0
@raayan99 على الاكس بوكس و ويندوز 10,0
برشلونة يسعى للتعاقد مع خليفة داني ألفيش https://t.co/Qh1vDPrDth https://t.co/C1El2KpOxZ,0
كان يمكن للناس أن تصدق أكاذيب الإخوان عن الفلول لو لم يكن مرسي قد تحدث عن المصالحة الوطنية وشرفاء الحزب الوطني الذين نمد لهم الأياديخلصت,0
كلمتي | #التحرير الاحتلال يقتل فلسطينياً ويصيب 3 آخرين على حدود غزة #الاحتلال https://t.co/QglsMjFrN0 |#جبهة_شعب_مصر https://t.co/xfqL152bAm,0
فيديو: نائب رئيس الوزراء التركي ينام في مؤتمر صحافي لأردوغان مع أوباما https://t.co/iYscO3d6yw,0
@nd_o12 @05Maisa تخيلو طلعت ميريام فارس مع عساف بكرة بنفس الحفل 💔💔💔💔💔😭 ما بتخيلهم سوا ابدا,0
⛔ #أوباما يطمئن القارة العجوز حول «#الناتو» في عهد #ترامبالتفاصيل كاملة .. https://t.co/atAlOkWshB https://t.co/sPIaaSbZvc,0
"#بوب _ديلان بعد وصفه بالـ ""وقح"": آسف!https://t.co/8N4BMEvDUu#bobdylan #NobelPrize dylan #mtvlebanonstars https://t.co/x1jBNJyaun",0
سيسي كي سيسيهم 🌚 .. https://t.co/OgiWwfQ2Z6,1
كل المباريات الي جمعت بين فيدرر ونادال ❤لكن المباراة الخالدة ف ذاكرتي مباراة فيدرر وروديك ف ويمبلدون قمةالمتعة♥ #افضل_مباراة_تنس_شاهدتها,0
3/كتب انصح بقرائتها اعلام واقزام في ميزان الاسلام سيد عفاني ثورة يوليو الامريكية محمد جلال كشك #انتخبوا_العرص,0
فى #عظمتك ملقتش كتييييير #بتكسب و تفرح #الملايين #الاهلى,0
@TheGhostYonce @PieceOfWs اي علمي هاشم الي عنده بيونسيه افضل وحده وهي اغانيها,0
في الفندق تواجد عدد من قيادات المشترك العادية لمقابلة هيلاري كلنتون ولكن لتأخرها في مقابلة صالح تم الغاء الموعد المحدد العلني,0
#عبدالخالق_عبدالله: محكمة في #مصر تمهد لـ #أحمد_شفيق الطريق للمنافسة في #الانتخابات_الرئاسية… https://t.co/Gg8mOduJsG,0
تظاهرة لـ #حماس رفضا لمنع استخدام مكبرات الصوت في المساجدhttps://t.co/Dzx2MX5uy3 https://t.co/0EnXFDcYEP,0
انك كاذذذذذذذب ايها العميد الوهمي اصيل ابن #ايران هذه #تعز ميدان الدعس ايها القزم #اليمن 🔴 https://t.co/ISPkSOjMSP,1
RT @TheBaghdadPost: صحيفة بريطانية تكشف عن خطة #إيران «السرية» للسيطرة على #العراق و #سوريا في آن واحد#بغداد_بوست #العراقhttps://t.co/ZKz…,0
"الإعلامي #محمد_الغيطي لـ""#السعودية"": احنا الحضن بتاعكم#شاهد الفيديو عبر ◄ https://t.co/qOKDdmRoJm https://t.co/z1TVbvPXvj",0
#فريق_العيون_التطوعي  يشارك بعرض مسرحي في أمسية #المولد_النبوي_الشريف https://t.co/ELE9gsx9pC,0
رئيس شركة أبل: الواقع المعزز سيصبح أهم من الطعامhttps://t.co/VQyBwD3Sw4@RoayahNews https://t.co/EYj3ewE7JY,0
ليت الليالي تجيب الي على بالي واشوف زوله بعد ما طول الغيبه ان كان ماعاد له جيه بري حالي يمكن على عز هذا العمر اهذريبه #عادل,0
@Elshabani1 لعن الله من يتطاول على رجال حكموا دولة ف ظل وجود مرتزقة وخونه وعملاء أمثال حزب الأصلاح,1
@lesssme @JosephJo1221 الحسين حفيد رسول الله وسيد البشر محمد ابن عبد الوهاب صهيوني حرف الإسلام وادخل عليه النظري الوهابيه العنصريه وشوه. ...,1
ولاية #حماة  وزير الدفاع الفرنسي من على حاملة الطاِئرات شارل ديجول مصممون على استئصال داعش  https://t.co/aAbP8NRL7T ^,0
#مستوطنة #ألون_شيفوت :هي #مستوطنة #إسرائيلية تقع جنوب غرب #القدس، أنشئت في يونيو 1970 في قلب تجمع #عتصيون. https://t.co/7oM8y2Fbet,0
@ana002001 @rashaahmed1111 مين حضرتك حتى تقيم المسيحيين ؟مسيحيي لبنان عامة ومسيحيي فخامة الرئيس ميشال عون خاصة هم أشرف الناس.منيح أو بعيد,0
وش فائدة #فلسطين و #القدس والـ @فلسطينيين  في المذهب الرافضي والمجوسي  هذولا اللي يغررون بكم ويتاجرون بقضيتكم وارض… https://t.co/6vTKZVyTHJ,0
«#دبي المركزي» يطلق خدمة ذكية لفحص مواد البناءhttps://t.co/vK0CgH2HAE #ريال_مدريد #برشلونة,0
شرطة #الاحتلال تعتقل ثلاثة مقدسيين بينهم طفلان بتهمة التحريض عبر فيسبوك.,0
@_wajood_ هاري بوتر؟,0
@Samar__Sayed غوتشي,0
كذلك جميع سائقي اوبر او كريمتم مطابقة مستنداتهم الاصل وتم التحقق من سجلهم الجنائي ..٤#اوبر#كريم,0
RT @farfashahh: اللهم أعز الاسلام والمسلمين #تكفي_يابو_فهد_نحتاج_للهييه,0
#اليمنية| بحث سبل التعاون المشترك بين صندوق النظافة ومؤسسة #حضرموت للاختراعhttps://t.co/3Fg7XQTALz… https://t.co/6eJZDgWjF2,0
#واشنطن :نواصل المناقشات حول إسقاط #بشار_الأسدhttps://t.co/Od3Ob85stH https://t.co/xFBeLfXb12,0
كل ما كان يرفضه الاخوان من خطايا الحزب الوطني البرلمانية و إجرامه التشريعي أصبحوا يتبنونه الانمسخرة,1
تحقيق حكومي في #لندن يعزز اتهامات #صنعاء ل #بريطانيا ب #جرائم_حرب : #السعودية قصفت #اليمن بلقنابلنا العنقودية,0
إنفوغرافيك.. أبل تتصدر قائمة أعلى الشركات قيمة https://t.co/LleZ0hqEAk,0
[Article] البديل لخدمة غوغل المنتهية https://t.co/BrKC8euRaX,0
ياربّ كلما رفعت أمي يدها لك أبسِط لها كنوزك و أسعدها و أطل عمرها ❤️..,0
معالي #الرئيس_المضطر لقد وصلنا قاع #الهاوية #نزيف_الدم #ليبيا,0
بيان نائب رئيس المجلس الرئاسي علي القطراني بشأن التفجير الارهابي بمدينة #بنغازي. https://t.co/3zyE0eQSKw,0
جنبلاط عرض وريتشارد التطورات في لبنان والمنطقة,0
مداهمات واسعة لمخيمات #النازحين #السوريين في #لبنانhttps://t.co/KL2Qyl1wiZ  وكالات https://t.co/elTbfQh8qM,0
ثمه شعله حنين مشتعله في جوفي حرقت كبريائي حتى الرماد ومزجته في كوب زجاجٍ شفاف وسكبته على أزهار الذكرى حتى أرتوت وينعت #اعترا…,0
RT @FCBW_A7: جوردي كرويف ( إبن يوهان كرويف ) : أبي تأثر جدا من ركلة الجزاء التي سجلها ميسي و سواريز ، كانت لحظة فخر بالنسبة له,0
@iUnthinkable شف سلسله هاري بوتر,0
RT @capitanoooooooo: #بتكره_نفسك_لماريال مدريد يتغلب 😔😔,1
RT @safa_tv: سفير #العراق في #إيران راجح الموسوي :لولا #الحشد_الشعبي لسبى #داعشنساء #الخليج‼️تخيلوا أن شذاذ الأفاق من #الحشد_الشيعييداف…,0
#أحمد_موسى ما استطاع الرد على #باسم_يوسف وقد جعله مسخرة المصريين ويتطاول فقط على #الرئيس المنتخب من شعب #مصر,1
أيامنا هذه هى أيام اختلال مفزع لمعايير الحكم على الأمور فى المجال العام فى مصر وفى بلاد العرب,0
اخخ ودي لو اروح للمعرض ، كل الشعار منزلين ديوان 😭😭😭😭😭😭😭💔💔💔💔 #معرض_الكويت_الدولي_للكتاب,0
الى #الاخوان أردتموها معركة دون وجه حق فدبروا لكم مذبحة دون وجه حق اقرأ المزيد هنا:,0
#حماس والسلفية الجهادية  .. الانفتاح المصري ثمنه المواجهة ! https://t.co/fdINMmTKw3 #npaa_press https://t.co/hcumJh2gAx,0
تغيب طفلة باكستانية ب#رأس_الخيمهhttps://t.co/axauXwE6rB #ريال_مدريد #برشلونة,0
"سلسلة لقاءات الحريري في ""بيت الوسط"" https://t.co/7sVzwwfNtW https://t.co/S1aXUbVvWO",0
تقرير beIN تحضيرات ريال مدريد لمواجهه كلوب اميركا - كأس العالم للانديه 2016 https://t.co/Rbo7ARat3q,0
باسم رزق: رامي عيّاش ذكي وجريء... برافو!@BassemRizk @RamyAyach @imad_obeid https://t.co/BUNz7tqjGB https://t.co/s9CuynNcqG,0
"استثناء ""فتح الشام"" من ""الاندماج"" حيلة قذرة لافشال الاندماج ..اللعبة واضحة و مكشوفة وهم يريدون شيطنة فتح الشام أمام ما يسمى المجتمع الدولي",0
#سوريا..أطفال الحلب أول ضحایاء القصف.#حلب #الاطفال ..#حقوق_الانسان #الامم_المتحدة https://t.co/BGww9Or89b,0
الإندبندنت : بريطانيا تبيع الاسلحة للسعودية سرا https://t.co/pxEhwcU9qW,0
@malak_alhusaini انا بس ابي فلوس ايفون اثنين اهديهم لصديقاتي وواحد لي7بس والله اتمنى من كل قلبي تجيني يسعدك ربي اذا قدرتي توفريها لي ب😢💕,0
#الكرملين: الرئيس الروسي بوتن تحادث مع الرئيس الإيراني روحاني وبحثا الملف السوري #لبنان_الآن,0
لاماسيا تحكم .. بيكيه يتجهز لرئاسة برشلونة - يوروسبورت عربية https://t.co/u2MMiTQtbc #برشلونة,0
RT @RevolutionSyria: رئيس الكونغرس يتهم البيت الأبيض بحماية الأسد، و يطلب أن يتوقف أوباما عن معارضته  لفرض عقوبات جديدة على نظام الأسد ..h…,0
كتاب #لعلها_تبقى_سرا  في دار كلمات / جناح 38قاعة رقم 6#معرض_الكويت_الدولي_للكتاب💜 https://t.co/QzxyuZLAhs,0
@Peterkafel @EHSANFAKEEH جرائم بوتن,0
#معرض_الكويت_الدولي_للكتابهذة الروايه تمدك بشعور مختلف 👍🏻. https://t.co/VEPImLgmRH,0
أيها الاخوان من عذب الشهيد الجندي حتى الموت من منح طنطاوي وعنان قلادة النيل من قتل 134 مصريا واعتقل وعذب الآلاف اعترفوا بجرائمكم,0
RT @amer_alkubaisi: الحشد يهدد أردوغان مباشرة https://t.co/3Hy3irzXN0,0
لو أنصف الإخوان لصارحوا الشعب بأن طائر النهضة الذي أخفوا هويته هو البومة، ولغيروا شعارهم من (نحمل الخير لمصر) إلى (نحن نحملك إلى الجنة),1
المتحدث الرسمي باسم البيت الأبيض، جوش إيرنست،الرئيس الأميركي باراك أوباما يدرك، في إطار مناقشة خيارات التسوية في... https://t.co/8FKYG7cTce,0
RT @Arabi21News: عملية #القدس.. #إسرائيل تفشل بامتياز في الاختبار الأمنيرابط الموقع الجديد: https://t.co/W1Qu8hr2zy  https://t.co/WteOLOG…,0
#الأمم_المتحدة تقول انها غير قادرة على الوصول إلى المدنيين شرقي حلب بسبب حصار النظام السوري...المتحدة قادرة على الاشراف على تهجير السكان ؟,0
#خلق_جميل احترام الكبير والعطف على الصغير,0
#طقس_العرب: #شاهد🔴لحظة تدهور صهريج نفط وانفجاره بشكل مرعب في #امريكا نتيجة الصقيع والإنجاد #الطقس #السعودية https://t.co/B9G1A7I79v #طقس…,0
إقالة يحى حسين بكل رقيه الاخلاقى وإخلاصه الوطني وكفاءته المهنية جريمة جديدة لسلطة غشوم جهولسينتصر يحيى مجددا ويندحر الصغار المنتفخون,1
عاجلاً أو اجلاً ، سيمرغ أنف بوتن في سوريا وكل كلاب ايران في المنطقة الدعم سيستمر والنصر آت بإذن الله.,1
#218TV“الوطنية لحقوق الإنسان”: تفجير #بنغازي “جريمة حرب بشعة”#أخبار_ليبباhttps://t.co/5WO7e9VwOs,0
نتائج الانتخابات بثت الرعب بقلوب الليبراليين.. هل أفاد استفتاء #إيطاليا اليمين المتطرف في البلاد فعلاً؟… https://t.co/vPUWe9ibO4,0
"""سكاي نيوز"": مقتل عشرات #الروس ""بتسمم كحولي""، بعد أن شربوا غسول استحمام يحتوي على الكحول، في إقليم سيبيريا.#روسيا https://t.co/VJOsf9BVeG",0
ماقدروش على اللي أمه أمريكية اتشطروا على اللي أمه مصرية عاش مرسي مطهر الداخلية,1
عدت من الاسماعلية منذ قليل بعد يوم حافل ختمته بمؤتمر جماهيري دفء مشاعر أهل الاسماعلية هون برودة الجو #,0
ريكي مارتن طلع شمال وبيتاخد ورا مصنع الكراسي من صغره 😂😂😂 https://t.co/zjXh10dKfY,1
RT @ziadsh3t: احلي حاجة ف رمضان زي ما هو ف كل زمان دايما بيجمعنا 🌙❤ https://t.co/i5lcZNXyB7,0
#طقس_العرب_الاردن#ضباب كثيف صباح اليوم في منطقة #سحاب https://t.co/pizP6jXcW1,0
#هوا_الحرية #جبران_تويني  #سمير_قصير #جورج_حاوي أسماء دفعت حياتها ضحية نضالها من أجل حرية لبنان الذي للأسف يحتاج الحرية أكثر من وقت مضى.,0
دبي تستضيف «برولايت آند ساوند» 31 الجاري——————————-دبي:«الخليج»أعلنت «ميسي فرانكفورت الشرق الأوسط»، عن إطلاق... https://t.co/z0RgVc6iB1,0
RT @SAIFALISLAM_94: هذا الدمية له سنين ماغير يعبر عن قلقه هالحين طلع له لسان !.كل يوم مجزرة في حلب والحين عشان حادثة القاعة جا يستعرض انس…,1
بعد تبرئة سائق حمدين صباحى المتلبس بحمل السلاح وسرقة الآثار كتبت لكم انه سيسير مطيعا خلف الانقلاب، امس قال انه يؤيد سيسي لو ترشح للرئاسة,1
دام #بو_مشعل ، لــ  دارك تعنىأنشهد أنك ، يا #كاسترو .. كفو https://t.co/uwRl4hy1HV,0
@AlKhaled1899 وماذا عن زيارات المسئولين السعوديين والقطريين لأثيوبيا وسد النهضه والترحيب ببقاء بريطانيا على اراضيكم ودعم المسلحين بسوريا ؟,0
RT @Wesal_TV: شيعة يلعنون عمر (رضي الله عنه) عشية حشد الميليشيات الشيعية التابعة لـ #إيران لمهاجمة مدينة #الموصل ”القلعة السنية” بـ #العراق…,0
البطل الشرقاوى أحمد الشحات يجدد ذكرى سليمان خاطر وسعد ادريس حلاوة وأيمن حسن تحية لأرواح شهدائنا ونضال المقاومين المستمر ضد العدو الصهيونى,0
الخارجية الفلسطينية تدين قرار تفعيل الاستيطان الإسرائيلي https://t.co/6LmcA1nCrP #سبوتنيك #فلسطين #القدس,0
RT @MohannaAlhubail: تفضل لعل هذا المقال يشرح بعض الأبعادhttps://t.co/3g1QOCmZt1@Salim_R_Almarri @SaudiLinks,0
الزم حدك قاردوغان لاتلعب بالنار لاتحرك اصابعك#العبادي_يمثل_العراق,0
@1_____sarah @sleepingwolfe @mansour_y @hussien19962 الفرق بين ارهاب داعش وارهاب الاخرين، داعش يوثقون ارهابهم صوت وصوره ويبثونها للعالم,0
تطبيق ماسنجر فيس بوك على أندرويد يتجاوز مليار تحميل https://t.co/BKwSHPPbPZ,0
ما تتكلّمي عربي و تعيشي عيشة أهلك يا شيخه يعني فيسبوك و تويتر عملالى فيها من باڤرلي هيلز ! https://t.co/33EfS9D6CS,1
@HHajyah اي دايما تصير معاي .. خاصة مع بنزيما في ريال مدريد .. كل مره اسبه اييب قول ويسكتني😂😂,0
RT @zxbm33: #شرك_الرافضه_في_عاشورالايهمني يعذبون انفسهم حتى تخرج دماءهم فهذا شي بينهم وبين خالقهم مايهمني ان يعتقد غير المسلمين ان هذا هو…,0
قناة أصدارات أناشيد على التلغرامhttps://t.co/kgbafOyt8tفيسبوكhttps://t.co/PcUZqkDJvmيوتيوبhttps://t.co/3h7NU0GHsT,0
#مصر_لن_تركع ؟!! مصر راكعة ومنفقصة من زمااان والفيران بتلعب فيها من كل خرم واهم فار فيهم سيسي نفسه يكون حصان !,1
مرّ ذكرى المولد النبوي الشريف، هل من أحدٍ فكّر بهديّة يُهديها لسيّدنا وحبيبنا محمّد عليه الصلاة والسلام؟!… — 🙏🏻❤️ https://t.co/wJ31FtWXvh,0
نودع اليوم فقيد الصحافة المصرية صاحب الكلمة الحرة الأستاذ سلامة أحمد سلامة إلى مثواه الأخير وهذا أقل ما يمكن أن نقدمه لقلمه المحترم,0
#حمزة_نمرة انساان :),0
RT @Q8Pay: جميع اجهزة فلبس لوميا لإزالة الشعربجميع موديلاتها وأنواعهامن #امازون البريطانيبعضها يقبل الشحن المباشرhttps://t.co/qirafY…,0
بالفيديو: #باراك_أوباما نسى شيئاً وركض خلفه #الجرس @BarackObama  https://t.co/Zv8Qqd0yZ7 https://t.co/zYVNh95k1U,0
بس بصراحة نفسي دونالد ترامب كان يبقى في مصر ويعمل في شوية ستات لُذاذ اللي عمله في أمريكا,1
"#ترامب يفتتح سياسته الخارجية بتعيين سفير جديد لـ""#واشنطن"" في #اليمنhttps://t.co/n9L5TojWOH https://t.co/zTmaU4KyW1",0
RT @yaserr6888: #مصر_لن_تركعياخسارة كنت فاكرها ال 200 جنيةتسلم يا سيسي انى الدولار ب 15 جنية وبهايمك لسة بيقولوا مصر بتفرح https://t.co/…,1
القراء الأعزاء اعترافا مني بأننا معشر الصحفيين عالم ولاد تيت (الا من رحم ربي) وأننا احيانا نلجأ لكتابة …,0
أردوغان: #الناتو منتدى أمني يجمع الدول التي تحترم قيم الديمقراطيةhttps://t.co/SeynTHkbWO,0
عقد آمر #الحرس_الرئاسي العميد نجمي الناكوع اجتماع(14 أكتوبر)مع قائد قوات الافريكوم الجنرال والدهاوزر لمناقشة دعم… https://t.co/YlzKlocciA,0
تدعوكم جمعية الحكمة لحضور احتفالية#المولد_النبوي_الشريفوذلك يوم الاحد 18/12/2016 في مقر الجمعية (منطقة الفاتح)... https://t.co/nI1jY8x9cy,0
RT @BassamJaara: حلب لن تسقط واهلها لن يغادروها والحصار سيتم فكه رغم انف اوباما وبوتين,0
طقس العرب يطلقها اليوم وغدا ثلوج على المملكة وطقس السلط كما عودكم دايما السباق في الكلام عن موضوع تساقط الثلوج في... https://t.co/6SJaMZKJjG,0
خاص – لهذه الأسباب قرّر #عادل_إمام ترك محطة #أم_بي_سي  https://t.co/OK3OYDXvWT https://t.co/6yohtAb4t6,0
"#كاسترو ""استهلك"" 10 رؤساء أميركيين! https://t.co/0258Euomv8",0
فيه ناس بتبعتلي رسائل عتاب رقيقة جداً والله يا جماعة أنا ما عنديش أي نية أكون كاهن ولا ملاك وبقول للخروف يا خروف في وشه ومش هتغير,1
أحلى خبر ندووون وأخيراً ح نعيش نهاية سعيده 💃😍😍😍كل التوفيق والنجاح يا أروع نجمة @nadinenjeim#نادين_نسيب_نجيم https://t.co/xGdgBajCj1,0
@Aoo_bb @Theahmed18tThe الجيش الحر قاتل النظام قبل ظهور داعش,0
مُحبَط،يائس،حزين؟تابع شباب فلسطين،رفع الأذان، شوف بنات وأطفال الحجارة بيعملوا ايه، اقسم بالله إحنا اللي مُحتلين ومافيه دولة حرة غير #فلسطين,0
سلسلة لقاءات في بيت الوسط : https://t.co/kY4jDeU7VL - #سعد_الحريري https://t.co/vBeQTgpZNu,0
"RT @Arabi21News: #سيدرا طفلة #سورية في عمر التاسعة ""مربية لطفلين""رابط الموقع الجديد: https://t.co/ZjlW7zkEXh  https://t.co/176WAr3Cp2",0
أزف الوقت لإنهاء الاستقطاب البائس الذي نعيشه بأسلوب عقلاني، وأن نتحلى بروح التسامح، لنبدأ في البناء بسواعد كل مصري ومصرية,0
2002 فيلم جامد جدي فعلاً,0
حب كل حياتي #اليسا,0
RT @OKAZ_online: «أبل» و«#سامسونغ» تتبادلان السرقة https://t.co/9tFPhzUOKi#عكاظ #ابل https://t.co/eBKK4vyLBv,0
@LaraElbarrak @khotyar1 @Nathalouna @MWEHBE @bcherawi @zabataringo22 @Sabihakhalil2 قصدق حلف الناتو ...او الاطلسي هههه,1
#اليمنية| “#فتح” يناقش توزيع الإغاثة العاجلة وقضايا الصيادين مع محافظي إقليم تهامةhttps://t.co/7VeeVse6G6#التحالف_العربي_سند_اليمن,0
RT @superus71417256: حمل الأن اخر تحديث للاندرويد  | أندرويد 7.0 نوجا #أندرويد_نوجاhttps://t.co/he5SvX8hN7 https://t.co/zabeuFdAyh,0
@nada_3b3ziz989 @YasminOkasha @sara_okasha4 اتقي الله ياشيخه😂😂😂 ده كفايه كليب بيونسيه لوحده يدخل النار حدف😂😂😈😈,1
سويرس وممدوح حمزه وجهان لبيادة واحدة لونها وقلبها اسود,1
تحديث جديد لـOpera Max على منصة أندرويد يوفر تحسينات للخصوصية https://t.co/UW4jjjHDLo #البحرين #الكويت #السعودية #الإمارات #قطر #عمان #الم…,0
مصر الانقلاب تطالب بمقعد دائم للدول العربية فى مجلس الامن بينما مصر والعرب فى أضعف حال مثل مريض يطالب اتحاد,1
RT @I_mohdiary: اخر فوز اماراتي ع السعودية كانت ابل تستعد للاعلان عن ايفون 4,0
"وفاة فيديل كاسترو (لقاء مع المحلل في مجلة ""الحياة الدولية"" سيرغي فيلاتوف) #فيديل #كاسترو #المحلل #الحياة #الدولية…… https://t.co/AwAeJIAOug",0
#نفسك_فى_أية_فى_الجنة_؟ نكلم الرسول صلى الله عليه و سلم =],0
RT @9boymozah: الهييه احسهم مرا متأثريين  بفلم هاري بوتر 😅 #الهييه_رادع_لكل_اعدا_الوطن,0
عااااااجلكافة تفاصيل مواجهة الاهلى برشلووونةالتفاصيلhttps://t.co/ASj4ez9c0u #السعـوديه_الامارات,0
كلما اقترب موعد بدء الحملات الانتخابية، كلما تغيرت لغة الحوار والخطاب بين الأحزاب والسياسيين وأصبحت أكثر عنفا لفظيا,0
(الحاكم المشترك) للحسكة يدعو (بشار الأسد) للاطلاع على تجربة الإدارة الذاتية https://t.co/DEWmvIE95K https://t.co/MGrsaYuANI,0
#الحياة_نيوز| #الأمم_المتحدة تدعو جميع الأطراف لوقف الهجمات على المدنيين بـ #حلب#سوريا  https://t.co/vKgokAuOXS,0
قياس سرعة الانترنت Speed Test متوفر الان على ويندوز 10 https://t.co/u9LgMW0pRI https://t.co/4MpCNx9WHi,0
#MannequinChallenge الهبة هاليومين😂👌🏼والله ابظبطوها https://t.co/RtTAfUggWx,0
@allmrym @_stayawayplsx الصوره متلاعبين فيها دامجين ملامح زين مالك و جستن بيبر,1
أن #حلب كانت القاعدة التي انطلقمنها عمادالدين سنة 539هـ وسحق دولةالرها الصليبيةووضع بداية النهايةللوجود الصليبي في بلاد الشام#ستبقى_حلب,0
لماذا  #حماس تقمع احتفال  #غزة بذكرى أكتوبر ياذكية !! #مصر https://t.co/Ri0OfAU6fj@zher44 @HaniASALGhamdi @Alroeya @heekmh @NaifalAsaker,1
@Shopper_ar السلام عليكمعندي مشكله اذا ابطلب من امازون البريطاني يطلع لي اخر شي نفس اللي بالصوره شنو السبب ؟ https://t.co/mC50r5VUas,0
وراهن الخليج على الحصان الخاسر وطلع سيسي اوي معاهمبس انتم كنتم متخيلين ايه...... ماانتم مديينه فلوس يقتل شعبه مش يروح يحج !!!,1
@villa_Al21 بوب ديلان لكنه لم يحضر لاستلام الجائزة,0
"لا تنفر من شيء لأنهم قالوا لك عنه خطأ وإنما جربه بنفسك, سر في الطين تتعلم كيف تحفظ توازنك #مصطفى_محمود …",0
RT @Hamdanium: انا من شفته مسوي يمون على ميسي وانا خايف منه https://t.co/rQMYePT6g2,0
@arabqoute تطبيقات جوجل https://t.co/MjzqKXSlPU,0
يعني لما أقول إن مبارك المخلوع سحب سفيرنا من إسرائيل مرتين قبل كده يوصل اللغط أن النعاج والخرفان يقولوا أني بشكر فيه؟ فعلاً بكل طلاقة #ماء,1
منافسة كبيرة بين #نوال_الزغبي و #أمل_حجازي  ومشاكل وغيرة متبادلة من هي نجمة شركة #لايف_ستايلز_استوديوز#توقعات2017,0
#هوا_الحريه ملف #جبران_تويني القضائي فارغ!! هيك عم بي طالبولك بحقوقك!,0
شاهد هزيمة مرشح اليمين المتطرف نوربرت هوفر في النمسا https://t.co/YLThgXmTde #syria #سوريا,0
تحميل نسخة ويندوز 10 الإنتربرايز تحديث 2016 +التفعيل | Download windows 10 enterprise:,0
#حلب_تباد_بسكوت_العرب_والعالمعمري ماشفت مراسل الإعلام الغربي هو من #جبهة_النصرة ويقول: السلام أليكم ورهمة اللاهي و… https://t.co/phLEIlJ2Qg,0
من احتفالات المولد النبوي الشريف,0
RT @ajmubasher: وزير خارجية #بريطانيا يدعو للتظاهر ضد #روسيا#حلب #سورياhttps://t.co/0eBxBmcxua,0
RT @BarcaDN: الكاسير: ميسي لاعب رائع جدا ، وقد فاجئني كشخص انه مثال للتواضع,0
#الحقيقة_مباشر_مصر|#انقلاب_3يوليو اهالى عزبة النخل يفضحون السيسى: حملته قالت لنا اعملوا توكيلات للسيسى وهنديكم,0
"RT @khalidsaad1398: نايف الشعلان إللي تشتريه بالرز يبيعك بالفول  #مصر_تصوت_لصالح_المشروع_الروسي  #سوريا    https://t.co/eDv3QiCVij""",1
الجميل في المسلسل ان ماحدش فيكو بيحاول يقلد الشخصيات المثلت الفيلم,0
ما تفعله قناة الجزيرة هو إعلان حرب على مصر و لا يمكن السكوت عليه !,0
#خلق_جميل الاحسان الى الجار,0
"عنوان المصري اليوم ""باسم يوسف يظهر ملتحيا""عنوان غريبكأن الذقن حكر على مجموعة من الاشخاص النمطية مرض",0
@amrmsalama @EGYPTAIR ع فكرة بقصد 6تعاملي انا مع مصر الطيران وحصلت معاية في 6 رحلات سابقة !,0
محامي عماني: بشار الأسد يدافع عن بلده بصمود أسطوري والجيش السوري يدافع عن الجميع https://t.co/LPpnvlUKbr https://t.co/Lv7WK6Xcua,0
RT @ahmedlawyer90: تحرك جهاز #مكافحة_الارهاب اليوم من مطار بغداد بأتجاه #الموصل  للقضاء على داعش ومن انتهك #سيادة_العراق#اردوغان #السيادة…,0
#لافروف:قتل وجرح أطباء #روس في #حلب أمس عملية مخطط لها سابقاhttps://t.co/9XhinB3K3G https://t.co/4w25uFU4l2,1
الانقلاب افسد زيت التموين والوزير أبو زيت أفسد الرياضة,0
اللي عايز يتحاور يروح يتحاور مع أهالي الشهداء والمصابين، لو دول رضوا عنكم ربنا هيرضوا عنكم وإلا فلا أمل أبدا لنا جميعا,0
الاتراك استضافو النازحين السوريين في المخيمات!!! والله ما قصرو ! رايتهم بيضه!#شكراً تركيا❤️#تركيا,0
RT @aram_sa: اجابة السؤال الثاني : الرياءصاحبة الاجابة الصحيحة @an_alth .. مباركالسؤال الثالث بعد قليل ( ولا يحتاج جوجل )#سؤال_وجواب,0
AJArabic: #ما_وراء_الخبر يناقش مستقبل اليمين المتطرف في #أوروبا على ضوء خسارة مرشحه انتخابات الرئاسة النمساويةالب… https://t.co/4E5Y5O2yqD,0
صحيفة المدينة/ #ميشال_عون يؤكد حرص بلاده على تعزيز #العلاقات_اللبنانية_السعودية #السعودية #ل ... - عبر نبض @NadApp https://t.co/wpS9ZK86es,0
RT @sharif_hijazi: والعراقي يلّي بلا شرف هربان من قتال داعش في وطنه حتى يفطس في قتال أهل حلب,1
@Ylll5 ركبت جستن بيبر كيف ارفه عن نفسي💔🙂,0
@sa0035437 وعليكم السلام وفيه دول عربية شاركت حلف الناتو وامريكا في تدمير ليبيا السنية و عملوا حلف عربي غربي لتدمير اليمن,0
سهران على جولة البيرميرليج وبكرة الظهر مونديال الأندية مع ريال مدريد 😊و أنت نام وراك دوام ياعزيزي 🌹,0
الواحد مبيفتحش فيسبوك عشان البهايم انتوا تجيبوا بوستس البهايم تحطوهاله هنا طبعا,0
الرئيس ترامب يقوم بتحدي الثلج بعد ان شكك الرئيس اوباما و اكب .omh https://t.co/zOhtvxDIT6 #عادل_امام https://t.co/jyzydTIBdE,0
من أجمل الحلقات ضحكت كتير 😂😍😘❤#نادين_نسيب_نجيم #ملكة_جمال#في_بيتنا_ضيف@nadinenjeim,0
النظر إلى وجه الأم عبادة…,0
@naeema111 هذا بيرفكت تقريباسريع رامات كبار شاشة كبيرة ويندوز 10بس في موصفات زي مثلا شاشة لمس و منافذ USB و HDMI لازم تحطينها فالحسبتن,0
#قروب_المحبه_والموده#قروب_فيدرر_للدعمسقى الله أجـسَاد المرضى عـافيه ؛ وقبور المـوتى رحمةً واسـعَه ..,0
عيوننا اليك ترحل كل يوم.. و انني اصليحين هوت مدينة #القدس تراجع الحب و في قلوب الدنيا استوطنت الحربيا #قدس يا مدينة الصلاة..  #ساعة_فيروز,0
#العربي_الجديد حكومة الأسد تدعو لخصخصة الشركات الخاسرة: أعلنت وزارة الصناعة في حكومة بشار الأسد، أن... https://t.co/DLYbyqEEsL #لندن,0
RT @K_binalshikh: #مصر_تصوت_للمشروع_الروسيأعلم يـ سيسي أن لدينا حدودا من تجاوزها فقد جلب لنفسه المهالك.. https://t.co/NzCu1zaypK,0
@ashraaf_alsaad انا مستغربة من الاعلاميين اللى بيقولوا الاعلام الغربى زعلان ان متستر على مجرمين بيتعاقبوا يعنى لو عندهم كان ايه رأيهمقرف😲😲,0
"جمال فهمي: تسريبات صباحي ""نفاق صحفي مفضوح"" #مصر #ميدان_التحرير",1
MD| إدارة برشلونة توجه إنذاراً أخيراً لفيدال - https://t.co/F4dDwQWspY https://t.co/hfdPb17mXq,0
#yemen#اليمن | فيديو | قائد محور تعز يتفقد المواقع التي طهرها الجيش الوطني والمقاومة في تعز https://t.co/ikFJpqcFlt,0
اللعبة رهيبه صراحة ولكن اشوف انه مبالغ في سعرهاخصوصا مو واضح انها مراحل كثير 🤔#SuperMarioRun https://t.co/0nkbrsz3xs,0
إستفتاء:هل تشبه شقيقة ميريام فارس النجمة إليسا؟,0
RT @ArabRapMonster: [ستايل]بنطال #نامجون الجينز لصور #WINGS كان بسعر 815 جنيه استرليني من ماركة غوتشي-GUCCIما يعادل3980 ريال سعودي https:…,0
لي جولة ثانية طبعاً في #معرض_الكويت_الدولي_للكتاب قولوا لي شنو روايات كويتية أو خليجية جديدة… https://t.co/TehMafklbw,0
الدبلوماسية أم القوة.. صحيفة تكشف عن خلافات في واشنطن حول التعامل مع قضية حلب https://t.co/gWY6px1DH9 via @RTarabic,0
اطمنوا ايها النبلاء #تعز بخير فقط روايح جثث الحوثي والمخلوع أزعجت الساكنين حتى الكلاب ترفض لحومهم النجسه🔴التكبير من فوق جبل هان الان #اليمن,1
مع تخفيض أسعار #اوبر واخفاض سعر الغرامه أيضا   يتوجب على @Uber_KSA تغير مده انتظار الضيف أيضا واحتساب المسافه للوصول للضيف #اتحاد_اوبر_كريم,0
اشتباكات بالاسحلة المتوسطة الان في محيط فندق الريكسوس وقصور الضيافة بالعامصة #طرابلس الان #ليبيا,0
كلوب أمريكا=1 VS ريال مدريد=3كأس العالم للأنديةhttps://t.co/D9L6hujfvA#ريال_مدريد#حساب_توقعات,0
#ليبيا #عاجل #218TV معتز الطرابلسي لـ 218: لا نستطيع جلب كوادر طبية لعلاج مرضى الأورام… https://t.co/CrKVYfmPrS,0
#نسمة_محجوب بعد نجاح أغنيتها بافتتاح #مهرجان_القاهرة_السينمائي: انتهينا منها في 3 أيام #مصريات https://t.co/eDN7O6Rsh5,0
@amrmsalama @egyptair على الاقل يطلعوا الناس على اى خطوط تانية! KLM لما حصل معاها مشكلة مرة رجعتني على لوفتهانزا وادتني تعويض كمان!,0
القائد رامي عياش : “اضربوا بيد من حديد يا شباب”… https://t.co/UxDa3InKtz https://t.co/HDsT1wD5GY,0
نوال الزغبي و وائل كفوري مين حبيبي أنا https://t.co/Zwyq3OhNA5,0
تعليق صباح على تسجيل #حمدين_صباحي بشأن محاكمة #السيسي #تحيا_مصر #مصر #الاخوان #باسم_طلع_حرامي #حركة_كايدينهم,1
#نادين_نسيب_نجيم الأكثر تداولاً من ليلة أمس حتى هذه اللحظة👑 @nadinenjeim https://t.co/c89fCTWdsp,0
#الأقصر مدينة خضراء,0
#أوبر الان بالقصيم#بريدة@Uber_KSA,0
(شمس الحريه بتنادي) يا وطني يا وطني الغالي يلي خنوك و… #انتخبوا_العرص #ريتويت,1
#السفير_البريطاني لدى #الأمم_المتحدة: القصف على شرق #حلب «همجي» https://t.co/yNWAZExYom,0
آن الأوان ترحلي يادولة العكاكين,1
اليوم : #واشنطن تجدد عقوباتها على #إيران.. وإدانة دولية لانتهاكها حقوق الأقليات https://t.co/xLkoOFbMXM,0
@aymn_azzam ربنا يستر شكلها ايام سوده على الشعب المصرى الله يخربيتك يا سيسى,1
#شاهد امرأة فلسطينية جاؤوا جنود الاحتلال لاعتقال ابنها واقتحام منزلها كيف كان الرد .#فلسطين #الحرائر https://t.co/QEV8hk2ug3,0
RT @azizmousaa: وكلما قرر الرعاه تبديل سيسى عسكرى بسيسى مدنىارعبهم قيام نزاع يفجر الثورة _فتراجعو وتحملوه,1
بالتوفيق يافالسعسى منافسيك بالخسارةفرنسا تنتفض ضد اليمين المتطرف . https://t.co/5qGZCI1ZWU,0
ما كل هذه الأعداد! انا مبهور عجلة ورا يا مرسي وإلا هندخل في مرحلة وا كرساه,0
ﻭﺍﻗﻮلك ﺍﻳﻪ ﻃﺮﻳﻖ ﺍﻟﻜﺮﻩ ﺍﺧﺮﺗﻪ ﺍﻳـﻪ ﻭﻫﻲ ﻗﻠﻮﺑﻨﺎ ﻣﺎﺗﺖ ﻟﻴﻪ ﻟﻔﻴﻦ ﻫﻨﺮﻭﺡ ﻣﺎ ﺑﻴﻨﺎ ﺷـﻴﻄﺎﻥ ﺍﻣﻠﻨﺎ ﻳﺎﻭﻃﻦ ﺧﻠﺼﺎﻥ ﻣﺤﺪﺵ ﻓﻴﻨﺎ ﻣﺶ ﺧﺴﺮﺍﻥ ﻭﻻ ﻣﺠ…,0
_70007 الحمارة امك #فطيم_النعاشة وانت ولدها و اذا فكرت تصير ولد حلال اطلب من #فيفي_عبده_الام_المثالية تتبناك هههههههه 😆😂,1
هل تعلم (المنطقة التي استعادها الروس والايرانيون في حلب الشرقية لا تتجاوز  13% من مساحة حلب )تخيلو حجم  الاشتغالة الإعلام لعبها والكل شربها,0
تحية لأبطال اكتوبر وللشعب الذى ساند قواته المسلحة حتى حقق ملحمة العبور العظيم ، هذا الشعب القادر على تحقيق المعجزات سوف يحقق أهداف ثورته,0
#ماجدة_واصف: لا أعرف من هي #سما_المصري و #مهرجان_القاهرة_السينمائي لم يوجه الدعوة لها #مصريات https://t.co/Nj9qYBZymB,1
RT @naif_ali888: كان الزهري في سفر فصام عاشوراء فقيل له لم تصوم وأنت تفطر في رمضان في السفرفقال إن رمضان له عدة من أيام أخر وإن عاشوراء…,0
لجنايات تقضي برفع اسم #أحمد_شفيق من قوائم الترقب والوصول. #مصر https://t.co/JIvvlGmDr4,0
RT @akklaph: مفتي الجمهوريه المصريه يقول ان اردوغان قواد شاهد بالصوره والصوتhttps://t.co/uWkk1uCi7Y,1
RT @Alhasban2012: عالم بلا إيران https://t.co/mFTbx2Oa3mالسعد بن عبدالله بن بيّهو مقال مدروس,0
اشرف شيحة لـ #كل_يوم: صورة محطة قطار #أسوان تعكس المأساة والإهمال اللى وصلنا ليه#ON_E | #عمرو_اديبhttps://t.co/tfYIFmfWZg,0
لانكم كلكم خونه ومتأمرين السعوديه من ساعد السيسي بنقلابه حكام الخليج هم رأس الفتنه العراق ليبيا سورياوتحالفاتهم الق… https://t.co/ppfKpwOrkV,1
"#عملية_البنيان_المرصوص: توجيه نداءات للمدنيين بمناطق الاشتباك في ""الجيزة البحرية"" للخروج عبر ممرات آمنة #سرت #ليبيا https://t.co/7wlfD8RFTE",0
"""مدارس صناع الحياة الأهلية تحيي ذكرى المولد النبوي الشريف "" نظمت مدارس صناع الحياة الأهلية بمديرية الصافية -... https://t.co/NPlfyUfBCq",0
أنتِي جميلة وإن كنتي تعتقدينْ غير ذلك فأنتيِ أكثر جمآلاً 🌸 #فلسطين 💚 https://t.co/sJwcVUJriY,0
RT @RM4Arab: أنهى لاعبي ريال مدريد الدورة التدريبية الثانية لهذا الأسبوع وشهدت تدريبات اليوم مشاركة إيسكو، كيلور نافاس وكوفاسيتش في التدريب…,0
RT @bochirh: استطاع #القفطان_المغربي  الضاربة أصالته في عمق التاريخ بتعدد أشكاله،وألوانه،أن ينال إعجاب أشهر الشخصيات في العالم من بينهم هيل…,0
هيلاري كلنتون:منافسي ترامب معجب بالطغاة مثل فلادمير بوتين...#روسيا,0
حين يجلس فنجان قهوة على قارعة الطريق ☕️❤️#قهوة_على_قارعة_الطريق #معرض_الكويت_الدولي_للكتاب@AafaqBookstore https://t.co/ctw9h3yREt,0
طبعا لو كانت نفس المجلة قالت كلمتين حلوين عن مرسي كان زمان الإخوان مشيرينها في كل حتة وتكبييردلوقتي هيقولك مجلة صهيونية عفنة,0
RT @arabia2_com2: #بوكيمون جو تتحدى الألعاب الأولمبية Rio 2016#الاخبار_التقنيةhttps://t.co/YREczBafAJ https://t.co/2RTSrMDWTM,0
باحييكي من كل قلبي على الكتاب الرائع المهم الجميل والغني بتفاصيله الحزينة والموجعة والمدهشةلو كان عصير الكتب موجود كنت احتفلت بيه,0
ادعو المصريين الى مشاهدة توثيق مذبحة الاتحادية التى جمعها الاستاذ عمر طاهر سحل وضرب رصاص وتعذيب البنات لن تفلتوا من الحساب أيها الاخوان,0
"يا مرعبهم يا مدمرهم :) #محمد_صلاح , #العب_يا_صلاح",0
@3pymbmOp8cFXzKn يعني نفهم من كلامك أن امريكا وروسيا هم من يحارب اسرائيل ويحاول تقوية محور مقاومة إسرائيل؟ #العراق #سوريا #مصر #اليمن #لبنان,0
RT @A822822A: السيسي يصف الاسلام بالارهاب المتطرف ويدعوا لمحاربته تحت مظلة الإرهاب وذلك على قناة CNN ليرضي أعداء الإسلام خيانه عظمى.!! #مصر…,1
يا رب لك الحمد أن جمعت شمل أسرتي,0
شاهد.. طفلة سورية مغطاة بالدماء تصرخ بحثًا عن والدها بعد قصف منزلها #مصر https://t.co/tDW0hAAbWk,0
وصلت المطار من الدقي في 11 دقيقة فعلا ساعة الحظر ما تتعوضتش,0
مين قل ان إلى بيحصل المصرين  بمزجهم انظر إلى الأعلام الغربى للأسف ضمرو مصر  الله،يديك على قد،نيتك،#بلحة_يعرص,0
العقيد ركن #ابراهيم_ال_مرعي لهذا السبب رفضت دول #التحالف_العربي خارطة #كيري . https://t.co/Cp9xeRb1jM@iran_safavif @iranianaffairs,0
#حكومه_لبنان العبرة بالعمل لمصلحة الشعب اللبناني مش لمصلحتن الشخصية .,0
@Alito_NBA مسكت معه مراهقه بذا العمر,0
"الي تجار الدين : "" قل هل يستوي الذين يعلمون والذين لا يعلمون"" ؛ ""ويل لكل أفاك أثيم """,0
الإصابات تلاحق لاعبي #برشلونة@FCBarcelona https://t.co/hXfEA9Ov84 https://t.co/mcWVvxVGBu,0
"التويتة السابقة:ايوه العريان قال كل ده مابين جرايد و احاديث صحفية,بطلوا تقرفونا بالبرادعي بقى",0
هكذا يهيئ السيسي الأجواء لعودة أحمد شفيق لمصر (فيديو) #احمد_شفيق https://t.co/YL9SYRb2zE https://t.co/06N70xJPPX,0
@othman777 مو ماركات تقليد عندهم منتجات تجميل طبيعه نفس جودة المنتجات الكورية جربتها طلبتها من موقع امازون لكن صعب اطلبها من موقعها الاصلي,0
اه يالقهوه مٓ شاء الله😢❤️#حزب_الاعاده,0
الضيوف على القنوات التونسية الرسمية انفك لسانهم فجأة نفسي أصدق أنها مش عملية تنفيس محترفة # #,1
RT @AA2_00z: ﻗﺒﻞ ﺃﻛﺜﺮ ﻣﻦ 6 ﺃﺷﻬﺮ ﻛﺘﺐ ﻭﺯﻳﺮ ﺍﻻﺳﺘﺨﺒﺎﺭﺍﺕ ﺍﻟﺴﻌﻮﺩﻱ ﺍﻟﺴﺎﺑﻖ“ﺗﺮﻛﻲ ﺍﻟﻔﻴﺼﻞ”ﻣﻌﺎﺗﺒﺎً ﺍﻟﺮﺋﻴﺲ ﺍﻷﻣﻴﺮﻛﻲ ﺑﺎﺭﺍﻙ ﺃﻭﺑﺎﻣﺎ:ﻫﻞ “ﺍﻧﺤﺮﻓﺖ ﺑﺎﻟﻬﻮﻯ ﺇﻟﻰ ﺍﻟ…,0
"_ ياباشمهندس "" #دومة "" ايه الصايع ده الذى تطالب رئيس الجمهورية بالاعفاء عنه هل فى الدول المتقدمة يقدر أحد يتحدى القانون #",1
ما بحبّ أرقص 😸😋🎉🎈✨ #شيراز #كيف_بدك_عني_تغيب #قمرة #lifestylezstudios #shiraz #shirazlb #christmas #event https://t.co/jNeooPepCK,0
درية شرف الدين امرأة على الوشين لا مهنية ولا اخلاق ولا وطنية ولا حياء الملايين ملأوا شوارع مصر وشاشاتها تنقل ميادين اخلاها الجيش للتصوير,0
انا اللي غلطان يا سيدي، كنت عايز اقف جنبك,0
@PlayStationSA @Xbox_Saudi مافيه اي عذر لمايكرو ويندوز 10 مٌعرب وفي الاكسبوكس لا عربوا فورزا 6 كتسكيته لنا 4 الى 5 حصريات نزلت وماتعربت,0
#تفاحه_نيوتن_بكلمتيننيوتن لو رأى الذهبية نوال الزغبي كان الغى قانون الجاذبية و اختصرو بعيون الذهبية #نوال_الزغبي,1
يوم ما #السيسى هيكسب الانتخابات هعملها بروفايل واقوله #ارحل,1
RT @WPhoneApps: سيتم الإعلان عن أهم المزايا القادمة في تحديثين مهمة لويندوز 10 السنة القادمة، وبعض هذه المزايا خاصة بانسجام اللعب بين حواسي…,0
م حبيت الموديلات .. بس اهتمامهم ب ادق تفاصيل الفنشنق م اقدر اتجاهلو•#فاشن #غوتشي #الرياض #جدة #الخبر #الدوحة #دبي… https://t.co/MiNw9nYsVe,0
أحصل الآن على دورة تدريبية مجانية في مجال الصحافة من فيسبوك في ظل مساعي شركة فيسبوك في جعل جميع المستخدمين... https://t.co/vvjTNEJWZK,0
أينما وجد العدل فثم شرع الله,0
مبادره دستورهم باطل لتعريف الشارع بالمساوئ الاقتصاديه و الاجتماعيه للدستور ببساطة،ريتويت بقا 3 مرات قبل الأ,0
@alain_maalouf @rashaahmed1111 المسيحيين بفلسطين غير عن مسيحيين ميشال عون لا يمكن وضع جميع المسيحيين بنفس السلة رجاء,1
ألرب واجد,0
#السودان #sudan سولانج.. شقيقة بيونسيه تتصدر بيلبورد الأميركية: أبوظبي - سكاي نيوز عربية تصدرت… https://t.co/mlgMJQB6cn #السودان #sudan,0
مااحلى شعارك ومدافعك ياقنرررزز #ارسنال,0
#متابعات : موجدة جديدة من المهاجرين من ذوي الخلفية اليهودية تبدأ من أثيوبيا إلى ف... https://t.co/llV172sFl9 #الميادين #يكفي,0
عمرره96 وجاي متعني ليحضر ويفرحكم ويقول الشقيق من محبته لكم وتجون تتقطقون ياشيخ استح على عمرك انت وياه ' جعل عمرهه طويلل #…,0
#قروب_المحبه_والموده#قروب_فيدرر_للدعمعبارة مُريحه :إن الله لا يَنسى قلبًا لجأ إليه.,0
RT @LauriceC: #عاجلهيلاري كلينتون تتقدم على دونالد ترامب ب 9نقاطبحسب استطلاع جديد ل وول ستريت جورنال و NBCصدر قبل لحظات https://t.co/ljh…,0
أحمد رمضان: دعم بوتين للأسد يضع الصداقة بين شعبي #سورية و #روسيا في خطرhttps://t.co/0YHVrS5FjI#سوريا,0
مع اني اعرف حظي 💔 #أيفون_البروفيسور https://t.co/quDJnXsPU1,0
الى امتا يا #ليبيا تبينا نضحولك؟؟ وياعروسه امتا تفرحينا؟ويابنغازي امتا بتضحكيلنا؟وياسرت امتا بضمينا؟... https://t.co/WAzFmmdKsb,0
RT @aawsat_News: وسط تراشق.. إردوغان للعبادي: من أنت؟ اعرف حجمكhttps://t.co/zFRlsgF2om https://t.co/oAk9ZZPkxj,1
https://t.co/dqZr6VD3Pdفرنسا تستخدم العقاب فى اسقاط الطائرات بدون طيار  -#فلسطين #غزة #حماس,0
نوال الزغبي شو بتعملي ؟؟,0
عندما يتحدث عزمى مجاهد عن المبادئ والأخلاق في الرياضة ويهاجم نجوما ساندوا الحق والشرعية في رابعة والنهضة، نحن في زمن لميس وكل خسيس,1
@3zF_1991 😑 غوغل حقك تجميع شعيب الأرطاويه https://t.co/FA0Ybp5Sr9,0
RT @hajjaj1407: ملاك جميل في #حلب خرج حيا من تحت الركام الذي خلفته قوات الاحتلال الروسي الصديق!!!آهٍ من يومٍ يغضب فيه الجبارويسألنا عن خذ…,0
انصار الانقلاب طلعوا سابع سما امس بدعم كيرى لكن نزلوا مع انقلابهم لاسفل ارض فى محاكمة مرسي,0
تعرف علي أهم مميزات #هاتف_جوجل الجديد #Pixelhttps://t.co/9wDKP8SErG https://t.co/KdWN3gMZcF,0
#شاهدبعض ذوي إرهابيي أحياء #حلب الشرقية ينزلون من الحافلات المتوجهة إلى مناطق سيطرة القاعدة بريف المدينة الغربي... https://t.co/YGKdQRmh01,0
أردوغان يستخف بالعبادي... و «حجمه» - دار الحياة https://t.co/JuT3tcwZOd #أخبار https://t.co/0jIgkIcuMD,0
RT @AdelAliBinAli: قبل قانون #جاستاقبل وجود الارهابقبل وجود شئ اسمه كونغرسقبل أمريكاقبل أن يبحر كولمبوس ويكتشفها#السعودية موجودة وباقي…,0
@MiDooCR والله اشتقنا وفاض بنا الشوق 😍😢لا زلت عند الوعد الذي قطعته اعتزال مشاهدة التنس لحين عودة روجر فيدرر,0
@EGYPTAIR نفس الخلل جربت لايوجد خدمه حجز غير الدرجه السياحية,0
لمُتابعة الأحداث المحلية والعربية والعالمية تابع الحساب الرسمي لـ #صحيفة_الشرق على #فيسبوكhttps://t.co/ADxlTqiulI https://t.co/Ghkny1Evxi,0
RT @alarabalgbaal: اللهم بلغنا رمضان بروح انقـى و قلب اتقى و عمل ارقى مبارك عليكم الشهر 🌙#خروج_لبعد_رمضان https://t.co/qB4TrfSmkG”,0
#مقال_اليوم#ناصر_اللحام يكتب: #كاسترو .. احب #فلسطين مثلما احب #كوباhttps://t.co/o6Hs5WrMvv #صفه_فيك_بتكرهها https://t.co/0YDFtA36UD,0
مصر تستجدى روسيا لاعادة السياح بكره تشوفو مصر,0
80% من الاعلام يزيف الحقايق عن المراه السعوديه .الاعلام الغربي ترك نساء العالم وتجه للمراه السعوديه ،#اسباب_العريفي_bf_اسقاط_الولايه,0
#كاسترو#بلدنا_نيوزدخل فيديل كاسترو موسوعة غينيس للأرقام القياسية بكونه أقوى الخطباء. واستغرق خطاب كاسترو في... https://t.co/QjZimdbb2O,0
حقك تتعملى كإنسانة #مش_ساكتة,0
RT @ziadjouharji: اللهم لا ترحم كل من ساهم بإيذاء اطفال سوريا اللهم عذبهم بالدنيا قبل الآخرةيا نجس تصوت لاستمرار ضرب الاطفال https://t.co…,0
| البديل |  النمسا تخذل اليمين المتطرف.. وأوروبا تتنفس الصعداء https://t.co/ydsod5vt6i,0
#ماذا_لو_المدارس_مختلطه ما بحل واجبات ابدا,0
قفلو الفراعين صادرو الدستور منعو صفحة محاسبة الرئيس من الاهرام بس الحمدلله الثورة نجحت وسقطنا شفيق,1
"تكريم ""رامي عياش"" بجامعة الـ LAU في لبنان#ET_بالعربي https://t.co/9Gj3aDFwSL",0
قانون منع التظاهروالاعتصام المزمع إصداره يحسم اﻷمرأمام كل متردد بأننا نواجه سلطة قمعية ليس لها مشروعية تستهين بحريات وكرامة وحقوق المصريين,0
@alnajjar87 ما أنا رديت على سيادتك!!الناتو تبين أنه ضدنا وإسرائيل واضح إنها ضدنا..ما اطلعش تصريحات عنترية ثم اذهب لتقبيلهم من فمهم!!,1
@sarrazine80 @mansourdentist @elakhook الحين كل ذي الزحمه وانتي في فرنسا. 😒,0
#شاهد🔴مقطع خاص نُهديه لعُشّاق الثلوج في المملكة تابعونا دائماً عبر تطبيق #طقس_العرب https://t.co/0OIPSPICQJ… https://t.co/m6oFH5Xb8A,0
الى الثوريين المقاطعين لانتخابات الرئاسة المقاطعة ان لم تكن عامة وشاملة ومؤثرة ستصب في صالح الفلول كما ان غيابكم يعنى فتح الباب للتزوير أ,0
@benoadsc ياعم صحف ريال مدريد هتشيلك من ع الارض شيل,0
لست ممن يقيم الكُتاب ولكن شوية عقل يا آنسة لما تشتري كتاب مش لازم يكون كاتب جميل معضل  #معرض_الكويت_الدولي_للكتاب,1
#اليمنية| اختتام دورة تدريبية للجان المجتمعية بـ #عدنhttps://t.co/3fz6idXxsD#التحالف_العربي_سند_اليمن… https://t.co/8WsdBCnAGA,0
انتهت #الهدنة ب #اليمن بعد تسجيل ٥٠٠ خرق لها من قبل #الحوثيين و #المخلوع  #كيري سعى لانقاذهم ولكن لاحياة لمن تنادي اغبياء,1
هزيمة اليمين المتطرف في انتخابات #النمسا... لا يبدو أن موضة اليمين سوف تستمر كثيرا في اوروبا,0
#لافروف : واشنطن أخطرت موسكو أنها لن تستطيع بدء المشاورات حول حلب يوم الأربعاء.,0
إلي شريك شفيق في مشروعهما الرئاسي الفاشل: عيب عليكما تعاونكما مفضوحتزويركما فج,0
#أونا| #غوغل تعرض هواتفها الجديدة بسعة تخزين لانهائيةالتفاصيل .. https://t.co/j8FIKzXEi5,0
كنائس #القدس تنتفض نصرة للمساجد #انتفاضة_القدس#للقدس_انتفض@Y4QDZ @S4Quds https://t.co/WG3e7RpZ3c,0
RT @JKhashoggi: الحزب الجمهوري يتخلى تدريجيا عن دونالد ترامب بعد فضيحته الاخيرة ، آخرهم ماكين ، حالة انتخابية امريكية غير مسبوقة !,0
رئيس يطبق الشريعة دون أن يكون مسلما ولايسير في مواكب مصفحة ولا يكذب على الناس بحركات إستعراضية ويفتح قصره للفقراء,0
زلزال بقوة 7.3 درجات يهز اليابان وتحذيرات من تسونامي https://t.co/JkSAQzuAIQ #سبوتنيك #فلسطين #القدس,0
"https://t.co/8RAF0uDFU0 شفرولية تطرح ""كروس أوفر"" جديدة في روسيا",0
أوباما: إقرار جاستا خطأ وسابقة خطيرة: المواطن – نت انتقد الرئيس الأميركي باراك أوباما تصويت الكونغرس بإسقاط ا... https://t.co/UGg6wYRp3v,0
الفقعان: إنطلاق المرحلة الثانية لمشروع تركيب العوازل لمخميات النازحين السوريين في لبنان  https://t.co/OoZgSBwnMj,0
ان ﻛﻧت ﻣﺎﭠﺑﻳﻧي لآﭠﺟﺎﻣﻟﻧي خلک قدهٱ ﻗۈل ﻣﺎﺑيک وﺎنا ﺎوعدک #ﺎرﺣل,0
@jwad900 بعد اثبات منظمات حقوقبة ودواليه استخدام السعودية القنابل العتقودية بريطانيا قلقه لهذا الانتهاك ؟؟ هل بريطانيا وامريكا بدءات تسحب,0
ولو بتقولوا أن أمن البلد هيتححق بعيد عن الحقوق الأقتصادية والأجتماعية تبقوا واهمين،،~ #يوسف_الحسينى,0
RT @mardanelias: #erdogan_is_isisتاريخ اجداد اردوغان هو القتل والسبي والمجازر بحق الشعوب الحرة.وابادة الارمن والفرمانات ضد الاقليات اكبر د…,0
RT @AJArabic: هكذا أدخلت هذه الفتاة قريتها الصغيرة إلى خرائط غوغل https://t.co/Ez5sdhARVx,0
نجم برشلونة كان السبب في رحيل مورينيو عن ريال مدريد !التفاصيل: https://t.co/ADYABUFuGS#إبداع_الملاعب https://t.co/AqEyAwX0Sh,0
5 من لا يوافق الرئاسة على هذه الرؤية ويعارضها مكانه الوحيد في السجون وغياهبها!,0
RT @sayidatynet: شاهدوا بال #صور الرئيس #أوباما خلال تأديته حركة Splithttps://t.co/BO4bt0SaoH,0
لما تقول لأنسان بسيط كلمه حلوه تسعده #خلق_جميل,0
"مدير الجامعة أثناء الاحتفال بـ #اللغة_العربية : "" نتطلع لإطلاق مشروع رائد للنهوض باللغة العربية ""https://t.co/1ZI8cT0ZuU#جامعة_الجوف",0
RT @airaq5108: #العبادي يقصف #اردوغان صاروخ أرض أرض . #erdogan_is_isis https://t.co/3v0nTxOd4H,0
"RT @IranObs_ar: #المرصد_الايراني#الأخبار | إيران تواجهة خطر التهديدات الداخلية أكثر من الخارجية""ترجمة خاصة""https://t.co/ZOIgTk0Qws",0
@LoOo__zZz @EGYPTAIR لا والله يا لولو السكرين اهو وانا مكلماهم من رقم أرضي بس انا حاجزة برقمي,0
+ ثورة توحدنا #انتخبوا_العرص #ريتويت,1
@fatmah_taher جوجل ايه يا فاطمه اللى هروح اجيب منه 😂 اسكتى فصلتينى خلاص من المود غورى يالا 😂,1
الإمارات اليوم: محلّلون: التصحيح ضرورة لبناء مراكز مالية جديدة - #الإمارات #بالعربي,0
RT @TheBaghdadPost: #أنور_مالك: #إيران تشعل حروب طائفية تمزق الأوطان بسبب صمت العرب#بغداد_بوست #العراق #إيرانhttps://t.co/ig5lEzB3qx@anw…,0
RT @RM4Arab: كاسيميرو : عندما يكون اللاعب مُصاب في ريال مدريد إجباري أن يحضر المباريات في المدرجات إلا في حال طلب إذن الغياب من المدرب زيدا…,0
بعد اقل من 24 ساعة من دعوة #ترامب للعبادي زيارة #واشنطن .. #ايران تدعو #العبادي لزيارة #طهران !#سلمني_نظيف_أسلمك_نظيف !,1
رحب لك رحب ، وارحبوا ع الحاصل 😉حاسس ان #كيري معه مترجم بيفهمه كل شي بالعكس 😂 https://t.co/yFPQ2kupeT,1
لمن هذا القانون؟! هل قريبا ستبيعون مصر ونصبح نحن مأجورون في بلادنا؟! وربما نحتاج ( كفيل) #عدلي_منصور #محلب,0
@EGYPTAIR واللي وصلت مفتوح الشنط ومسروقه وهذا يسئ لسمعتكم وهذا اول مره اسافر على الخطوط المصريه واخذت فكره سيئه,1
- ريال مدريد & كلوب أميركا- نصف نهائي مونديال الأندية- الخميس. 1:30 ظهرًا بتوقيت مكة- بتعليق حفيظ الدراجي. بال… https://t.co/FyMoC9MtGx,0
على وقع حمى الانتخابات الأميركية ويكليكس تكشف عن دور هيلاري كلنتون ودعمها للإرهاب تقرير : قسم الأخبارقراءة :... https://t.co/VdqsJXdKSN,0
سبحان الله وبحمده #ريال_مدريد,0
#عادل_إمام يصل مسجد الشرطة لتقديم واجب العزاء لأسرة #محمودعبدالعزيز..صور | الموجز https://t.co/r8vKMnTjfr via… https://t.co/xQy0cyjYoH,0
RT @alrowaishany: من أخطر الفيديوهات الخطيرة على الإطلاق.هيلاري كلنتون تفضح امريكا بصناعة داعش بدعم سعودي. https://t.co/3gdUqY4uqs,0
RT @khalidAlsubaie9: سؤال يحتاج إلى جواب..#مصر تغلق مسجد الحسين امام الرافضة لإحياء #عاشوراء..#تركيا وأردوغان تسمح للرافضة بإحياء عاشوراء…,0
RT @mmmaltami: شعب يحب التجديد، منح فرصة للسود (أوباما) والآن النساء (هيلاري كلنتون) https://t.co/qSFEg8C9Bx,0
"عزام الأحمد: ملف المصالحة بين ""#فتح"" و""#حماس"" في يد #قطر",0
RT @moneera_os: #قروب_المحبه_والموده#قروب_فيدرر_للدعماللهم ابعد عني كل ضـيقة اشعر بها و كل ما يشـغل بالي ، ربي ارح قلبي و فكري و كن معي ي…,0
انخضع للإرهاب؟ هذا ليس حل,0
RT @wwqs: لمحبين التسوق من الأنترنتلايطوفكم ها الموقع أسعار جميله وبضاعه راقيه وشحن مباشرhttp://t.co/FUO4JdbqORطلبت منه اليوم افضل من أ…,0
غضب ربنا هينزل علي ابراج السعودين قريب #اسيوط ومحدش يسالني ليه الحق امشي انا بقي,0
RT @Bader__FCB: والله لن ولن أنساها ولو أزدادت السنين عن ذكرى المباراة فَ ذكراها للأمد وللأبد باقية في الذاكرة، لا لمحيها بوجود ريال مدريد…,0
الزباله vs غوتشي. https://t.co/aY4qq5BcNm,1
وفد سعودي برئاسة مستشار #الملك_سلمان يزور #لبنان ويقدم الدعوة لـ #ميشال_عون لزيارة #السعوديةhttps://t.co/jITJQZHW9G,0
لم تختار #حماس 😍,0
مصطفي بكرى النموذج الكامل للبيادة,1
#اليمنية| إنفجار عبوة ناسفة في مديرية #لودر بـ #أبينhttps://t.co/HrnsUsSLWd#التحالف_العربي_سند_اليمن#جنود_التحالف_سند_لليمن,0
🔹الثقافة القرآنية🔘 في هذا العصر نحن بأمس الحاجة لاستذكار نبينا وتعزيز الارتباط به من جديد. 💚ذكرئ.المولد.النبوي.الشريف,0
"RT @IranObs_ar: #المرصد_الايراني#الأخبار | الكونغرس يُشرع برفض عضوية إيران في منظمة التجارة العالمية""ترجمة خاصة""https://t.co/vfHz4eMTDo",0
@aboalialjabbory @BEFIT69160051 @RTarabic الارهاب لا دين له الاعلام الصق التهمه بالمسلمين ( حتى تتبع ملتهم ) دليل من القران ان الاسلام محارب,0
@BouteflikaSaid @Roi_Royal @9fFahd @almghrib @soudoule يابهيم يوميا مظاهرات بالآلاف بالمغرب وكل العالم عارف ويشوف إلا ابن فرنسا لجبان ههه,1
@HamadAlhuqail إعلام مصر يتبع السيسي ياشيخ حمد،قيدومهم سيسي,1
RT @MosaiqueOShop: 1⃣ عروض امازون لليوم خصم يصل إلى %60 على تشكيلة منوعة من الشنط النسائية من عدة ماركات شهيرة.https://t.co/2ZdAGG4BS6-…,0
@Abuganat منصور الموسى يكفي إنه لعب بكأس العالم مع النصر وأمام ريال مدريد,0
النيويورك تايمز توضع حظوظ هيلاري #كلنتون https://t.co/lFDsKdiMt5,0
#اليمنية| #العامري يطالب المجتمع الدولي بإتخاذ موقف واضح تجاه خروقات الحوثيين للهدنةhttps://t.co/74muqeKTRM… https://t.co/0ICl4XyvQt,0
حتى لعبتنا : حركة - stop سرقوها وسموها #MannequinChallenge,1
"يآحبيبي تعآ قبل الليل و يآ عيوني لآ تنامي "" #فيروز .",0
@MirnaSrour #حلب ،اطاحت بكل من يتغنى بحقوق الانسان .#حلب_تباد # رحمه الله #جبران_تويني https://t.co/3Tn7lt4I5A,0
لازلت معترضا على تشكيل الجمعية التأسيسية لانه يجعل دستور مصر في يد اغلبية تنتمي الى الاسلام السياسي الدستور يجب ان يمثل المصريين جميعا,0
في مذيعة بتزغرت على الهوا #الام_المثالية,0
RT @zk_kuw: بيب غوارديولا عن ليونيل ميسي من كتابه الجديد https://t.co/6ibAE2CfnA,0
هل تصمتون عن الاٍرهاب الشيعي الموالي الايران هل تصمتون عن الجرايم الي تقوم بهاء الشيعة في العراق واليمن انهاء الفرس تقوم بقتلنا بدعم فارسي,1
هذا يذكرني بحصار بيروت ومناطق واسعة من لبنان من قبل الجيش الاسرائيلي للجيش السوري الجبان وبعد اتفاق بواسطة الامم... https://t.co/vjPJSmEPBB,0
RT @Wesal_TV: صحيفة وول ستريت جورنال الأمريكية : الأسد وبوتين سيحاكمان على جرائم الحرب التي ارتكباها في #سوريا . https://t.co/fVchps1jJf,0
"RT @kawalissegate: ""بيونسيه"" تشارك جمهورها بصورة لدوميتها -  https://t.co/8w4vd94kPL https://t.co/bibvR26YGE",0
يعني 4 احزاب اسلامية فقط هي من تصوت على مسودة الدستور الان وان 65 عضو رفضوا اللعبة (من الاصل والاحتياطي),0
"بايدو آي"" نظارة صينية ذكية تنافس الأمريكية ""غوغل""",0
@wesaan958 هههههه والله عاشت ايدك ،،،جبناء يخافون من اردوغان هههه,1
#سلام لارض خلقت للسلام.. وما رأت #يوما سلام #نابلس#فلسطين https://t.co/Dxm3CahAGC,0
#وزير_التموين: #الدعم لا يصل لمستحقيه وعودة #المجمعات_الاستهلاكية قبل رمضان || لمزيد من التفاصيل على الرابط,0
حي جديد تحت سيطرة #الجيش_السوري في #حلب_الشرقيةhttps://t.co/unFephZd9K https://t.co/kA9D05oeKu,0
#اليمنية| #الهلال_الأحمر_الكويتي يتكفل بعلاج مرضى العيون من النازحين العراقيينhttps://t.co/YCIhi8JBNT#التحالف_العربي_سند_اليمن,0
#ليبيا: الجيش يسيطر على «النيروز» بعد معارك مع القاعدةhttps://t.co/Jw8ER7s8gI https://t.co/ORzSx6ZY9U,0
2 وقوى وطنية توقع على وثيقة الأزهر المتوازنة لنبذ العنف فيزايد عليها بعض جمهورها وفورا يبدأ بعض قياداتها بمكيافيلية في التنصل من الوثيقة,0
ما فائدة ان نتناقش حول دستور كتبه الاخوان وجهزوه في مكتب المرشد ويملكون بتشكيل اللجنة الأغلبية لفرضه علينا نريد دستورا للمصريين جميعا,0
"شاهد .. زينة آخر ""عيد ميلاد"" لاوباما في البيت الأبيض !#أميركا #باراك_أوباما #الولايات_المتحدة #أعياد #عيد الميلاد… https://t.co/GeVOgMBIuq",0
ذكرى اغتيال الصحافي #جبران_تويني (15 أيلول 1957 - 12 كانون الأول 2005)#مين_قتل_جبران https://t.co/ujsx0mmSru,0
RT @FCBW_A7: غوميز : عن ليونيل ميسي - ماذا يمكنني أن أقول عنه؟  ليو لاعب يعرفه الجميع ، يفعل أشياء غير عادية !,0
"عمليات #الجيش_السوري مستمرة والمسلحون يشكلون ""#جيش_حلب""https://t.co/TDbJso9cBd https://t.co/fZX1ftzcLb",0
أنا ضد الرقابة الإدارية على الإبداع الفني و الثقافي,0
RT @AmarX20: هيلاري كلنتون اذا فازت هي أول آمرأه تحكم امريكا بعد44 رئيس أمريكي منذ أول انتخابات للولايات المتحدة الامريكيه عام 1788ميلادي ب…,0
RT @GwadyM: لو راجعتم تصريحات اوباما  ووزير الخارجية الروسي لعرفتم ان  كراهية ملك سابق للسوريين بلغت أعماق الارض,0
إطلاق النار الذي سمع قرب حاجز #قلنديا قبل قليل، نتج عن إطلاق جنود #الاحتلال النار صوب مستوطن كان يركض باتجاه الحاجز ظنوا أنه فلسطيني.,0
انا الغلطان افتح فيسبوك ليه 😒 الاقي في وشي اقتراح انضم لجروب مربيين الماعز البور في مصر 😳 ماعز وبور كمان؟ لا وفيه ييجي عشرتلاف واحد 🤔مريب,1
#عيد_ميلاد_فيروز#فيروز شاهدت مسرحية ميس الريم عام 1975 في بيروت قصر البيكاديللي كما شهدت حفلاً اقامته في لوس أنجلوس عام 1981,0
@hkhwaleed @DrDimashqiah  اتفق معك بأن مرسي و سيسي شأن مصري و سعودي سياسيا بتأييد واضح  للسيسي والدولة تعرف من معها و من ضدها,0
@zidan_libya  بس انتصار لا ينكر .. و لا تنسى فبراير حتى هى دعم  الناتو لولاهم م صار منها ☺️,0
لا اعترف بسفير يدين مواطنه قبل ان يجرى تحقيق محايد وعادل لا تعرفه السعودية هذا سفير مبارك وليس سفير مصر أبدا,0
@Bnooon__ رمضان كريم ان شاء الله,0
تجمع لأتباع الديانات المختلفة في مسجد بـ #واشنطن ضد #ترامبhttps://t.co/z9mZTCLnF9 https://t.co/CBNYulQWt6,0
RT @bdb20131: اغبى هجمه ضايعه في التصفيات 4 مهاجمين وضاعت العراق امام تايلند😂😂#النصر https://t.co/py3DdnXbYc,1
"روجر فيدرر هو اعظم لاعب تنس ف التاريخ لاشك ف هذا ! من اسباب تميزه ايضا  اخلاقه ""روجر قبل 5 سنوات يعطى درسا فى... https://t.co/5zHG9tOn9w""",0
بوب ديلان يشكر الأكاديمية السويدية على جائزة نوبل وسط الكثير من الجدل https://t.co/K1VnZH23cs,0
@ph5f5  ميسي و هو في اسوء مستوياته تلعب الارجنتين افضل من هذا الاداء بكثير ، يكفي حضور ميسي يجعل الخصم يتكتل في الخلف و يكثف الدفاع 💔,0
#أحمد_شفيق «رجل #الخليج القوي» يعود إلى مصر على وقع الأزمة مع #السعودية | الموجز https://t.co/gU86yCYlLn via… https://t.co/Xgmt4FLxMG,1
بوب ديلان يغيب عن حفل تسلمه جائزة نوبل للآداب لسنة 2016https://t.co/wfSmoMSnAu... https://t.co/nEZvL5MEON,0
أمسية ثقافية وخطابية في صنعاء القديمة احتفاءً بالمولد النبوي الشريفhttps://t.co/QJsBA6LsKV#صنعاء #المولد_النبوي_الشريف #أمسية_إنشادية,0
الا غصب يخلون ميسي هو صانع امجاد الارجنتين,0
@Bebaalsharif اللي بيحصل_ميريام فارس,0
الناس لازم تقتنع إن الاحقاد و المشاكل اللي تسببت فيهم الازمة الاهليه اللي في 2014 حتعاني منها ليبيا على مدا طوييييل جدا.  #ليبيا #بنغازي,0
اللهم اغفر لأمواتنا وارحمهم وعافهم واعف عنهم واكرم نُزلهم ووسع مدخلهم واجمعنا بهم في جنانك #دعاء #دعائي #غرد_بذكر_الله #أدعية #يارب,0
مشكلة نسيان كلمة السر فى iPhone https://t.co/s7BDUACi4e #ايفون #ابل_والجيلبريك https://t.co/6Lr0t9nABU,0
@Elghannamm2 @hala_abdelwahab #عمرو_اديب رقص و عياط على الهواء مباشرة وسخين وساخة اتفوووة,1
الإعلام الغربي يحاربنا ونحن نحارب انفسنا#لصوص_اوطان https://t.co/wXhjy7XVlX,1
RT @aawsat_News: عاجل | ترامب : هيلاري تجيد الكلام فقط وسياسة أوباما حين كانت وزيرة خارجيته سببت إيجاد #داعشhttps://t.co/5t3eIvPjBE,0
الأمين العام لحلف #الناتو: على الحلف أن يحافظ على فرص الحوار السياسي مع #روسيا #اسأل_أكثر   https://t.co/DH08kKc3bN,0
@m_altayer اقترحها #كيري وما ادراك ما كيري وربعه شلة #اجتماعات_مسقط الأحادية,0
@hlaty6411 شكلك ماتداومين ؟؟ اذا كان الصيف عندنا يبدأ بأرتفاع درجات الحراره تدريجاً من شهر ٥ كيف راح يتحملون لحد رمضان ؟؟,0
#تفتناز قبل قليل، عندما يصبح المحرم حلالا، القواد بوتن يحرقها بالفسفوري#ادلب#حلب https://t.co/TRohGniPzX,0
"صحيفة الوطن المصرية/ #الوطن| عاجل| وصول #عادل_إمام لتقديم العزاء في ""#الساحر"" https://t.co/fW4jLcM3IL",0
"قصة حدثت لي في مطار القاهرة أثناء عودتي من مكة بعد تصويري لبرنامج ""باسمك نحيا"" وكان عن أسماء الله الحسني - وكانت",0
شكل السعوديه واوزباكستان يبون يتأهلون لكأس العالم والارجنتين لاء اجل ميسي متخاذل هههههههههههههههههههههه استغفرالله بس #الارجنتين #ميسي,1
15 دقيقة لشحن هاتف غوغل الجديد ومميزات أخرى... #تكنولوجيا - #اخبار #معلومات https://t.co/v0JeJZIzm4,0
"صورة الشهيدة ""رضا رمضان ""42 سنة التي استشهدت برصاص قوات أمن الانقلاب #الفيوم #انتخبوا_العرص",1
RT @Rnabrr: ليو ميسي عبر الفيس بوك : فاموس يالقوادين  https://t.co/d4yha5bAPv,0
هل توافق علي تبكير الانتخابات الرئاسية و الاسراع بنقل السلطة من المجلس العسكري ؟؟ للاشتراك فى الاستفتاء يرجي,0
RT @ALAMAWI: #أردوغان في حضور #بوتين: الأطفال في #حلب ينظرون إلى السماء فيجدون الطائرات تقصفهم للمشاهدة: https://t.co/qsuXniIqxv \,0
#لافروف : التفاهم مع #الإدارة_الأمريكية صعب في المرحلة الحالية#سوريا #حلبhttps://t.co/cliwYy0sDL https://t.co/bmdmSFqVwm,0
الحاسب اللوحي Cube بنظامي وويندوز 10 وأندرويد و 4Gb ذاكرة الوصول العشوائي مع تخفيض مغري https://t.co/b2A6izvtv7,0
انسه ســـــــــورية  بالســــــــــــــــعودية مثقفة جامعية جميــــــــــــــــــلة تبــــحث عن زوج  ميسور  https://t.co/jAZzkffcjw,0
الله يالدنيا كانت حركه ستوب وصارت #MannequinChallenge 😂,0
قرارات الرئيس انقلاب علي الديمقراطية واحتكار كامل للسلطة وطن يبحث عن حلول يدفعه رئيسه لمزيد من المشكلات الثورة لن تقبل ديكتاتورا جديدا,0
البرادعي قال علي رموز مصر اللي كان يقف معهم زباليين والسيسي قال لعامه الشعب انتو نور عنيناعلشان كده #سأنتخب_السيسي #تحيا_…,0
"صور أحمد شفيق بـ""الجلابية البيضاء"" في مسجد بأبوظبي#أحمد_شفيق#الوسيلة_نيوز https://t.co/q3dn7xmFAy",0
​جالس يتغدا هو وزوجته يتطنزون على امه شوفوا اللي حصل #بر_الوالدين ♡والله ياعيال من أفضل ما سمعت,0
@Haytham_77 هنستأذنك يافندم تتواصل مع اقرب مكتب او تتواصل معنا علي callcenter@egyptair.com لمساعدتك بصورة افضل.,0
خطاب مرسي بداية جيدة نتمنى ان يكون ذلك بداية لتوحيد الصفوف ضد العسكر,0
#واشنطن تكشف أمام #مجلس_الأمن أسماء ضباط سوريين متهمين بارتكاب انتهاكاتhttps://t.co/ENEClx2RgH,0
"تحطم سوخوي روسية عند هبوطها على ""حاملة"" حاملة الطائرات في المتوسط قرب سوريا اللهم حطم كل طائرات الجيش الروسي ودمرجن… https://t.co/9WjTY3ebzA",0
RT @le_Abdullah: معلومةكان صوم يوم عاشوراء واجباً في الابتداء قبل أن يُفرض رمضان فلما فرض رمضان فمن شاء صام عاشوراء ومن شاء ترك.,0
دسمان | حبيب أبل : أعداد طلبة البعثات الداخلية تقلصت 20٪ مقارنة بالعام الماضي - https://t.co/rQxWrviuLM,0
#جعجع التقى #الحريري في بيت الوسطhttps://t.co/A9T6Dm0nlw https://t.co/gfqnBlSMpV,0
@fingo33 عارف هاري بوتر,0
@Roronoa_Toshiro @hisho_kun جستن بيبر ههههههههههههههههههههههههههههههههههههههههههههههههههه مدري تذكرتها قلت اكتبها.,0
اخر صيحات الموضة لأحذية غوتشي لربيع 2017 https://t.co/h8uFQi3gOo https://t.co/zonQi8dmV5,0
#موسكو: لن نتحالف مع الاتحاد الأوروبي ضد واشنطنhttps://t.co/Nekhv6FPWK #الرياض #جدة,0
فيمايخص الهدنهاعلنها #كيري الخميس ظهرا ولم تتمورجع اعلنها #التحالف السبت ولم تتموزاد اعلنها #ولد_الشيخ ولم تتمويطلع #عسيري يقول لن تمدد😂,1
لن أُصدق كتب التاريخ بعد اليوم وقد رأيت الحاضر يُزيف بلا حياء فكيف بتاريخ كتبه مُنتصر ؟ #مجزرة_رابعة,0
RT @2MKARIM: مساءٌ برائحةِ رمضانوذكرى انتصار لسيدنا موسى عليه السلامبها انتصر الحق على الباطل فرعون ..اللهم اكفنا بحلالك عن حرامك ،، وبف…,0
سورية تدعم المقاومة الوطنية وستبقى القضية الفلسطينية بوصلتها الأساسية#وكالة_مجال_الاخبارية https://t.co/cU2ULg9Egn,0
هل يعتقد الامريكان وعلى رأسهم أوباما بأنهم سيخيفون العرب بقراراتهم السمجة والباطلة ,0
@alaabenk98 سحبي عشان نسوي ماراثون هاري بوتر مع بعض...,1
#فن #Clacket اللبنانة نور تقف أمام محمد رمضان فى فيلمه الجديد مع عمرو عرفة – اليوم السابع https://t.co/1z55Oah2jn # #أخبار #فنية,0
قال رسول الله صلى الله عليه وسلم:أفضل الصيام بعد رمضان:شهر الله المحرم وأفضل الصلاة بعد الفريضة:صلاة الليل -- حديث صحيح #قيام_الليل #Hadith,0
شخص يهدد بإستمرار الإرهاب وعمليات القتل في سيناء حتي عودة مرسي أعتقد أنه مدان بالقانون والسجن في إنتظاره,0
المليشيات الايرانيةالارهابيةومرتزقة بشاريعدمون النازحين من ابناء#حلب #سوريا حسبناالله ونعم الوكيل المجتمع الدولي… https://t.co/pVsRFomIHV,0
"#رياضة شقيق بوسكيتس يعمل ""بوابا"" في برشلونةhttps://t.co/wNFN6l8poq https://t.co/BL3dtxwA83",0
"الرئاسي يستنكر التفجير الإرهابي بـ #بنغازي ، ويدين جريمة مقتل الشيخ ""نادر العمراني"" ويعتبر من اقدم عليها فئة... https://t.co/jge5OP4Dqx",0
RT @QablQalel: فيديو.. دمار حي المشهد في #حلب جراء الغارات الجوية الروسية.. .#سوريا #Syria #روسيا https://t.co/bIRcyeyY6e,0
أضفت فيديو إلى قائمة تشغيل @YouTube على https://t.co/KpxjM0ZNRD فيلم صابر جوجل كامل جوده,0
مين اللي انا عنها حكيت ماتقولي يالله ياريت انا اموت انا ناقص اقولك انا 😰✨💕#لو_اقولك #اليسا,0
@waleed_shanab  انت اسم بوكيمون انا اشوا تحس انه شخصية انمي ☻💔,0
الصلاة في #الأقصى تعادل ١٠٠٠ صلاة هذا ثواب الصلاة فقط لكن ثواب الوصول والجهاد ومقارعة اليهود لا يماثلها ثواب وأجر,0
@Alito_NBA شرايك ب شيكاغو هالموسم,0
@sh77t121 @RasheedJamaan @AJArabic اصم تيا حمار والله لا تعرف حتى اين يقع طيزك ههههه اما فرنسا فخرجت مهزومة و الان هي من تتحكم فيكم يا عربان,1
RT @20fourMedia: فكّر... لعبة ألغاز عربية مسلية على أجهزة أندرويدhttps://t.co/v6gEDjpIck https://t.co/EhQdaxP1lr,0
#القدس-#الاحتلال ينقل الطفل الأسير أحمد مناصرة الى #سجن_مجدو,0
في قهوة عالمفرق وقديش كان في ناس عالمفرق وقلتلك كيفك انت وسالتك حبيبي لوين رايحين #فيروز #عيد_سعيد @FayrouzOfficial#ماضي_حاضر_مستقبل,0
RT @PEP_144: #عبدالله_العذبة يسأل كيف تتخندقون مع المعتدي الروسي #يا_إخوان•أم أن دماء السوريين تهون لأجل عيونأردوغان والحزب ! https://t…,1
@addouniatv تقصد دمشق اللي هي فرع موسكو بسوريا,1
"هذه هي الأيام التي تجعلك تبدأ في التفكير بجدية فيما قاله نيتشه ""عندما تحارب الوحوش إحذر ألا تتحول إلى وحش""اللهم لا تفقدنا إنسانيتنا أبدا",0
@LoOo__zZz @EGYPTAIR اخرهم 8 وبيلطعوني ع الويتنج لما حد بيرد,0
@aboalhodaalhoms @mahde102 لذا نقول أن #الجامعة_العربية انتهت، فلم تعد تجمع العربيجب على دولنا إيجاد كيان قوي واضح الأهداف يشمل الصادقين,0
ليه المعتصمين اللي في رابعة ما يسلموش المطلوب القبض عليهم ويشيلوا الدشم والمتاريس ويفتحوا الطريق؟,0
الارجنتين لاقمة كالعادة،  يلعنم الخياس يا ناس نبي مدرب صاحي موب معقول بدون ميسي ما يفوزون ابداً !,1
جديد “غوغل”.. جزيئات “نانو” لتشخيص أمراض السرطان https://t.co/isFdThmvo0,0
@AjelNews24 @slateno2002 ووووه❤❤❤❤❤❤❤❤' أفضل من سيسي,0
كشفت شركة جوجل عن مزايا عديدة في هاتف بيكسل الذكي الذي طرحته، منذ أيام، بهدف منافسة أبل وسامسونج.إحدى هذه ا... https://t.co/BUXqVT1dIh,0
#ماذا_لو_المدارس_مختلطه كان كل واحد معه وليف,1
2 كما أدنت عنف الإخوان أمام الاتحادية وأمام مقرهم العام قبل أيام، أدين أيضا العنف ضدهم وضد منشآتهم بالأمس، لا يصح الاحتجاج على العنف بالعنف,0
مشاكل العمال تتفاقم ضرورة حوار ثلاثى عاجل بين الحكومة وأصحاب الأعمال و النقابات العمالية لوضع إطار متوازن يحفز الإنتاج ويضمن حقوق العمال,0
#اليمنية| بدء ورشة تحسين فرص #صناعة_السلام في #تعزhttps://t.co/aX3wUkZ3M7#التحالف_العربي_سند_اليمن#جنود_التحالف_سند_لليمن,0
"#الاحتلال يمنع فلسطينيا من #غزة في حالة غيبوبة من العلاج لـ""أسباب أمنية""https://t.co/ohw2phWWxv https://t.co/BE35LH5q40",0
ولاية #البركة  صحيفة #النبأ  مدارس منبج تفتح أبوابها من جديد بعد تحريرها من داعش https://t.co/bNzSWn0Kt5 ~,0
RT @TRTalarabiya: عشرات الضحايا في #قصف_روسي عنيف على أحياء #حلب الشرقية تقرير طارق اللبان https://t.co/8YFsohWDNU,0
أحمد الله العلى القدير على ما شاء وقدر، واشكره سبحانه شكراً جزيلاً على تقديره نجاتى,0
- #المصيبه اللي تقربك من #ربنا احسن من #النعمه اللي تنسيك #فضله,0
لعنة الله عليك وعلى طاغية مصر وعلى الحكومة وعلى من يؤيدكم من إعلام قذر ومطبلين وبلطجية وسفلة البشر. https://t.co/4ipRDQuy5y,1
#حركة_كايدينهم #مصر #قول_كلمه_للسيسي_وخد_فولو_هديه ياسيسى يا اصيييييل #احنا_شباب_هنصوت_للسيسى #سأنتخب_السيسي,0
"إدارة #ترامب ستكون ""الأثرى"" بتاريخ #الولايات_المتحدة  https://t.co/tqCKmjm0Sk https://t.co/IEpHsjrQpZ",0
لو التعريص بقى رياضة وأنضم للأولومبياد علاء صادق هياخد الذهبيه !,1
ذكرى ١١لاغتيال #جبران_تويني #دفاعاً_عن_لبنان_العظيم https://t.co/RIs92ubuj9,0
بعشق هالضحكة الله يديمها على هالوجه القمر 🙏🏻 💞🌸 انتي #نادين_نسيب_نجيم عنوان الحب و السعادة الله يحميكي حبيبة قلبي 💞… https://t.co/cZhsuUfnT5,0
أبل تنتصر على سامسونغ وتربح 120 مليون دولار#موازين_نيوزhttps://t.co/MW3AljAIng,0
"RT @IranObs_ar: #المرصد_الايراني#الأخبار | واقع البطالة وتانمي معدلاتها في إيران بلا حلول""ترجمة خاصة""https://t.co/to78grq7eo",0
من يتفرج معايا ع هاري بوتر,0
@Sw6PQNJ1lidhlUR 😂😂😂😂😂😂ماشي شي جديد غوتشي غوتشي,0
#افضل_طقم_لروجر_فيدررأستراليا 2012مجررررررررم  https://t.co/wcUyd5u2kN,0
https://t.co/znqz1nEjCNمدريديستا يحتفلون بالفوز بالديربي على طريقة #MannequinChallenge,0
"#أردوغان"" معادي للإسلام يقود ""دولة فاجرة وفاسقة",0
عاجل :  صراع داخل ’’مجلس الأمن’’ بسبب روسيا وفرنساالتفاصيل .... https://t.co/uNsGvFCvZO https://t.co/gmjTHA2ldX,0
دعلاء الأسواني: لماذا يتحرش المصريون بالنساء ؟! أقرأ المقال كاملاً ؟! >> … …,0
"غوتشي"" تطلق مجموعتها الجديدة من الأزياء الرجالية الجديدة https://t.co/pqQBeG6ih1#Gucci https://t.co/hEioppZTwL""",0
الصبي اللي قاعد يلعب #SuperMarioRun وسط خطبة الجمعة يمثلني.,1
اتاسف لكل ذرة في جسدياتاسف لكل من احبهم اتاسف لوطني لعائلتي لكل متابعينيسمعت جستن بيبر,0
RT @iTsAnToOnY: 👦: حبيبتي كلمي اهلك انا خلاص جاييكم بالباب عديل👧 : واخييرا حبيبي جايي تخطبني👦 : لالا بس في بيتكم في بوكيمون جاي اخدو#الا…,1
@malak_alhusaini يارب يكون من نصيبي ايفون 😭,0
تعا كرمالي ، تعا بالليالي، تعا بالصدفة، تعا بخيالي #اليسا 🎵.,0
#فتح و #حماس تؤكدان توقف لقاءات #المصالحة_الفلسطينية#وكالة_مجال_الاخبارية https://t.co/8WaP194qTO,0
بعد عدم حضوره لمراسم تسلم #جائزة_نوبل.. بوب ديلان في #السويد لإحياء حفل غنائي #مصريات https://t.co/Qjn6CdUK0u,0
#اليمنية| نجاة قائد #اللواء_35 مدرع العميد “ #الحمادي” من قصف حوثي بـ #تعزhttps://t.co/XppOcUfBzj#التحالف_العربي_سند_اليمن,0
@hindy_hussien @SalahAfifi19 @sultanahmedali @ALKHELALWAFEE @marajh200 @alhnble21 كل يوم بنكتشف كم قذارة #حماس بوا… https://t.co/0WzjY21cZj,1
حظوظ المرشح الرئاسي الامريكي عن الحزب الجمهوري دونالد ترامب تتقدم على مرشحة الحزب الديموقراطي هيلاري كلنتون بعد مناظرة البارحة ، والآتي اعظم,0
كاس العالم للاندية ريال مدريد - كلوب امريكا تعليق | حفيظ دراجي الساعة | 1:30مقناة | bein sports1,0
محتاجة حد يخاف عليا مش أبقى خايفه معاه#إليسا,0
RT @Mansur94185856: @RebelleAhlem @salihbnzeid @dasbb1988 ال سعود من يملك معظم القنوات العربيه الماجنة ويدعون انهم يحافظوا على الاسلام وهم…,1
بدمّع لما اتذكر أديش كبيرة خسارة #جبران_تويني. مرقت أيام وبوجعني قول يا ضيعان لراحوا. ١١ سنة وما انعرف #مين_قتل_جبران #بدي_جواب #هوا_الحرية,0
#عادل_علي_بن_علي_سعوديين_يحبونك_1@AdelAliBinAli عشان الصوره ذي ايفون https://t.co/9N7cMuHGNS,0
شاهد - الرجل الثالث حمدين صباحي في آخر كلام #,0
#المواطن | شاهد.. #بالفيديو.. وصول #إلهام_شاهين  لمهرجان القاهرةالسينمائي #مهرجان_القاهرة_السينمائي#حصرى https://t.co/C8DPZyW7Tl,0
انشر اعلانك على اكبر عدد من صفحات الفيسhttps://t.co/vV9ljccJ2O 35 #ماذا_لو_المدارس_مختلطه https://t.co/pWcosaMuw4,0
#واشنطن تحدد أسماء ضباط متورطين بقتل السوريين.. من ضمنهم سهيل الحسن#عنب_بلدي #سورياhttps://t.co/iPhy5VhaVz,0
@Yaqoobzz قبل كنت اتابع فيدرر بس كرهت نادال يوم طلع,0
أبل أكبر المستفيدين من مشكلات شركات التكنوجيا https://t.co/Znboiwyvfq,0
جنتي على الأرض😌🌸 #نادين_نسيب_نجيم @nadinenjeim https://t.co/zGhbJxBz9Y,0
فيديو: داعش تمثل تنحر الضحايا بإستديو تلفزيوني . - https://t.co/jtqHFjZHuI https://t.co/zEiLbD8odP,0
أحد ضحايا عنف الإخوان المسلمين المؤيد للفريق السيسي #السادة_المحترمون,0
RT @Elbeyrag: أبل ردا على الخرينج : بدأنا إجراءات التخطيط والتصميم لجنوب عبدالله المبارك تمهيدا للتوزيع https://t.co/SCLluCaOgy,0
RT @100007Ali: @njmth_alsalh ابحثوا في جوجل عن تحت اسم الياسمينة الزرقاء .. الموضوع طويل شوية وله أجزاء,0
اكثر حاجه تستنفز في بعد نشوف صفحه للخوارج في #بنغازي ونشوف تعليقات نلقي واحد من غريان ولا صبراته ومصراته يقوللهم... https://t.co/qKQEDrcs5G,0
اذا جالك تف علية و متخليهوش يتحمل و اوقف التحديث الآلي.نظام أندرويد 7.0 نوجا يعاني من مشكلة الاستقرار https://t.co/xVAzUpEJDO,0
تفعيل الوضع الليلي على iOS https://t.co/s7BDUAkHcG#ابل #ايفون٧ via @H_watif https://t.co/pfKFHpM48W,0
رُبّ من أنضجت غيظاً قلبه *** قد تمنى لي موتاً لم يطع مهداة لمن يقف في أعلى شجرة جوز الهند محاولا اخراس ذكائي لأتوقف عم…,0
"#الجيزة||#حاميها_حرميها حالة أستاذ بطب طنطا للتحقيق بسبب رأيه على ""الفيس بوك"" قرر الدكتور عبد الحكيم عبد الخالق،",1
RT @saadhariri: ١- توقع السيد نصرالله ان أرد عليه في نهاية خطابه الا انه رد على نفسه بنفسه. وكلامه ينطبق حرفيا على ما تقوم به ايران في سوري…,0
بعد حملة مراجعة مواقف بعض المعارضين والناشطين الاخيرة .. قريبا سوف نرى: الحج الى موسكو!!,1
@LibyanSpirit وستتنفس #بنغازي الصعداء,0
RT @SarabGaza: آتعلمون!!سينتهي الحصاروسيفنى الاستعمارسيعود لنا السلامويرفرف بأوطاننا الحمامهو الله من سيفعلصباح التفاؤل#فلسطين#سوري…,0
#ماذا_لو_المدارس_مختلطه كان  أنا الحين المهنة : ربة منزل,0
هيلاري كلنتون:منافسي ترامب معجب بالطغاة مثل فلادمير بوتين...#روسيا,1
كان الوداع ابتسامات مبللة بالدمع حينا وبالتذكار احيانا . #فيروز #امس_انتهينا #SoundCloudhttps://t.co/e2n675Jw8h,0
مدونة الملاك التعليمية: ادارة الملفات والمجلدات فى ويندوز files and folder... https://t.co/ox0oQLJQ2Q,0
@hithamdivel2 رامي عياش,0
افضل لاعبي الدوري الانجليزي في سنة : ٢٠٠٩ #رونالدو في الصيف الذي يليه انتقل الى الريال ٢٠١٣ #بيل في الصيف الذي,0
بعد اتفاقية البنك المركزي...تعرف على أسعار صرف اليوان الصيني أمام الجنيه ##الصين https://t.co/4AIjRvr1uW  |كلمتي|… https://t.co/TNG88l85nl,0
فيديو نادر.. لويس إنريكي يوجه لاعبي برشلونة بعصبية في التدريب! - تلفزيون ام بي سي https://t.co/1T9AdSTIxZ,0
#محمود_سعد اعلامي قذر بعد اذاعة فيديو خيانة #حمدين قال لم اسمعه جيدا ولم يعلق عليه لانه ليس اعلامي بل افاق ومن…,0
وبإذن الله لن يكون للفكر الصفوي الضال أي تواجد في ارض مصر,0
طفلة سورية تواسي أمها بطريقة لافتة!:   لكلمة الطفل البسيطة وقعها السَّاحر في النفس، فهم عادةً ما يهذون بكلمات... https://t.co/sND5dTv3ez,0
توقعات طقس العرب لمدينه#عرعر غداً https://t.co/s04JRk5H3C,0
مدير جامعة الإمام يستنكر الثناء على #أردوغان ويعتبر #تركيا دولة فاسدة فاسقة فاجرة تنشر الرذيلة #عسير #السعودية # #,1
اش ذَا الإصرار ان هيلاري كلنتون تفوز ..! https://t.co/QmwyPVRDZL,0
أزمة قاعدة بعشيقة.. لماذا ترفض إيران التدخل التركي في العراق؟https://t.co/xZxhpyzeJZالرابط البديل:… https://t.co/l96Lf4DwpB,0
يضحكون الليبراليين الشيعه، نتكلم عن داعش ياخذهم الحماس ونكمل علي حزب الله يسكتون ! ترا مصختوها 👊🏼😂,1
"حـازم إمـام: جمـاهير الأهـلى ""بتــفهم كـورة""",0
رامي عياش انتا ما بتعرفني (مسلسل امير الليل) - Ramy Ayach anta ma btaarf... https://t.co/FjXVPe73GV,0
ما ينغعش نعمل #MannequinChallenge أنا و أنت بس؟,0
RT @mairam100: اللي فوق مصممة أميركية، تمنح الأحذية النايك لمسة أنثوية. هذا حسابها في انستا تقدروا توصوها. @gymprincesscustomsاللي تحت غو…,0
ويندوز 7+8+8.1+10 نسخة فى اسطوانة واحده بجميع اللغات  ومجموعة النسخ هم 400 نسخة فى اسطوانة واحده بصغية ايزو… https://t.co/R7ietPrMIf,0
RT @a1b1o1a: أيها الصائمون - أحتضنوا أسمي بين أدعيتكم في هذا اليوم ، فربما أسعد بِها طوال عمريولاتنسون اخوانكم في سوريا واليمن والعراق…,0
لأول مرة.. شقيقة بيونسيه تتصدر قائمة بيلبورد الأميركيةhttps://t.co/eL6wNbRZQL#فن https://t.co/mgvingnQHA,0
سواء مختلطه او مُش مختلطه باقي عليها ٣ ايام ، لا تنسوا. #ماذا_لو_المدارس_مختلطه,0
#لافروف: لن نسمح بأي قرار أممي يساعد مسلحي #حلبhttps://t.co/fLmdNd9neD https://t.co/Mw5bJwz7g2,0
ارتياح في الاتحاد الاوروبي بعد هزيمة اليمين المتطرف في النمسا#النمسا https://t.co/xHto0jtxqI,0
@dlo3a_me هههههه لا ماشجع انا الا ريال مدريد😁,0
(إذ انبعث أشقاها) جاء في التفاسير أنه أحيمر ثمود الذي عقر الناقة.وأحسب أن أحيمر روسيا (بوتن) هو أشقى القوم في هذا العصر.اللهم عليك به.,1
المرصد المعارض: #الجيش_السوري يتقدم في القسم الجنوبي من أحياء #حلب الشرقية ويسيطر على منطقة المعصرانية وعلى الأطراف الشرقية من حي باب النيرب,0
اكرمكم الله عندما تتحدث العاهرة عن الشرف #جبهة_انقاذ_ليبياعاشت عشرين عام فى كنف CIA وساندت #الناتو ورضخت #لقطر… https://t.co/r91RhgMQzU,1
تشكيل الحكومة الجديدة في لبنان برئاسة الحريري | بوابة الخليج العربيhttps://t.co/jIVU34zOo1للحجب… https://t.co/5J2DHGCSld,0
#اليمنية| غدا.. #الهلال يلاقي المحل بكأس الفقيد القعود لكرة القدم في #زنجبارhttps://t.co/9VfHvvzSUW#التحالف_العربي_سند_اليمن,0
RT @skynewsarabia: إصابة جنديين فرنسيين في انفجار طائرة بدون طيار بـ #العراقhttps://t.co/xwpQVgOGne https://t.co/ZhLhFhW1zI,0
صدى البلد: #سما_المصري : #مهرجان_القاهرة_السينمائي «اتعمل علشاني» https://t.co/cppKWKIFSp #ciff #ciff38,0
@oceanazul80 ترى نسونجي اوباما ادكر بعزا نلسون منديلا نسى حاله مع رئيسة وزراء دينمارك  لما طلعت عليه مشيل وجخرت فيه خاف   بعدها غير مكانه 😂😂,1
مثلهم مثل أنصار مبارك وأنصار كل مستبد يتصورون مشكلتهم مع الكتاب والإعلاميين ثم يفاجأون أن مشكلتهم مع الواقع الذي امتلأ بالمظلومين والمحبطين,1
@mayadiab مايا دياب بهديك اغنية الفنان الجزائري دي جي سنايك و جستن بيبر و عليك و علي حلاوتك https://t.co/ChKtCeMFuI,0
@AJArabic يعيش بوتن قاهر الدواعش,0
"و #السيسي حارب #الارهاب عشان كده بتحصل تفجيرات , حسبنا الله ونعم الوكيل",1
الأسواني:لماذا تصر الولايات المتحدة على استمرارها في دعم مرسي للنهاية رغم قتله للمصريين وقمعه للتظاهرات …,0
الذين انتخبوا شفيق ليسوا بالضرورة فلول الفلول ببساطة هم كل من اشترك واستفاد من فساد مبارك لا يمكن للثورة ان تتحالف معهم لانها قامت ضدهم,0
بوابة #اليمن الاخبارية | عاجل #الحديدة معاوده القصف وغارتين وسط المدينة.,0
@JohnKerry @AhmadAliRafiq #كيري انت عديم فائده ولاانسانيه ولاضمير لك#العدوان_السعودي_على_اليمن#يوم_الطفل_العالمي https://t.co/Bbgu58JEPK,1
بنصور فيديو #MannequinChallenge احناا فاجرين عليا الطلاق😂,0
اللهم يارحمـــن أنزل  لطفك ورحمتك على أهل السنه في #سوريا و #اليمن #العراق #بورما,0
@farooos__07 اذا ايفون اعطني اذا جلكسي عادي بعد بشحن فيه الشبكة هههههههههههههههه 😂😂💔,1
لن تصبحي جستن بيبر👌🏻🎶,1
مشاعري، حبي، حياتي، شوقي، ولهفتي، متصدقين مني لاني مصدقاك😭💙🎶.#اليسا,0
RT @souriaalasd: نصرﺍﻟﻠﻪ : ﺃﻣﺮﻳﻜﺎ ﻭﺍﻟﺴﻌﻮﺩﻳﺔ ﻭﺑﻌﺾ ﺩﻭﻝ ﺍﻟﻤﻨﻄﻘﺔ ﻳﺼﺮﻭﻥ ﻋﻠﻰ ﺇﻓﺸﺎﻝ ﺍﻟﺤﻞ ﺍﻟﺴﻴﺎﺳﻲ ﻓﻲ ﺳﻮﺭﻳﺔ ﺧﺪﻣﺔ ﻟﺤﻠﻴﻔﻬﻢ ﻛﻴﺎﻥ ﺍﻻﺣﺘﻼﻝ ﺍﻹﺳﺮﺍﺋﻴﻠﻲ,0
الراي العام: مليون دولار منحة من «الصندوق الكويتي للتنمية» لعلاج الاطفال السوريين النازحين… https://t.co/VcZiKNKcHc https://t.co/8jALBBrNB0,0
@alshatti1972 كابتن هل تتوقع من وجهة نظرك الشخصية رجوع تربع فيدرر على عرش الصدارة ب 2017 و ما هي رؤيتك ببرنامجه التدريبي وما توقعاتك2017,0
@almaith_3a @HGH__18  نشطتها مال هاري بوتر احس 😂,0
RT @n_iraq67: @EHSANFAKEEH #افضحوا_العبادي_الجبانالصفحة الرسمية لحيدر العبادي تحذف منشوره الذي هاجم فيه #أردوغان بعد ساعات فقط من نشرهحي…,1
بريطانيا أفتكرت بمجرد تنصيب قطاع طرق ورعاع ستفرض فيهم ماتريد داخل عدن,0
"يا له من عالم ""مزري"" !!! -_- #تويت_بخطك",0
بوكيمون المرتزق ..أحسن من المرتزقة اليمنيين https://t.co/DuyDWtCYMn,1
RT @AdelBinHamid: قال رسول الله صلى الله عليه وسلم: تحروا ليلة القدر في الوتر من العشر الأواخر من رمضان    - صحيح البخاري ﷺ #ﷺ,0
أحيي الذين سيخرجون اليوم معلنين رفض الانقلاب ، فسكوت الشعب استقرار لحكم العسكر الباطل #مصر,0
يا جماعه هذا بوكيمون ماحدا عرف يصطاده ويطعميه للجرذان===========================,1
يلي ما شاف المقابلة موجودة هلأ باليوتيوب كاملة #في_بيتنا_ضيف #نادين_نسيب_نجيم https://t.co/004BC9AiIZ,0
"احضن اللى بتحبه "" بكلامك "" ^_^ ! - قوله كلمة حلوة #فجأة :"") !",0
شقيقة #بيونسيه تتصدر بيلبورد الأميركية #فن - https://t.co/ayUhkuD9rC https://t.co/IEmfeIqSlY,0
#مصطفى_حسني #الطريق_الى_الله ناو :),0
RT @Hor_2w: احذر عدوك مره وصاحبك ألف مره 👍🏻 وهالمثل ينطبق علينا مع سيسي  #مليارات_العمره_علي_هوي_مصر,0
#اليمنية| #الدفاع_الجوي بـ #تعز بعد تحريره#التحالف_العربي_سند_اليمن#جنود_التحالف_سند_لليمن https://t.co/t9Yj27CxBq,0
قلك فييّ .. بس مآ فييّ..شيلك من قلبي وعينيي💔#اليسا https://t.co/eRFB4I4Gfz,0
مصر ثالث أعلى الدول ديوناً في العالم - ربنا ينتقم من العصابة واحد واحد ويورينا فيهم يوم!,0
@MoathDev @Fishisfast_AR معاذ .. اخوي تعامل مع مناوله ويمدحه ياخذون 20 ريال على الطلبيه ويتعاملون مع امازون فقط .. يمكن ينفع لك,0
يوم الجمعة هو أحب الأيام للمصريين الأحرار يلتقون معا فى الشوارع بلا موعد ولا ترتيبات يهتفون للحرية وللشرعية ولخير مصر وسقوط الانقلاب,0
مسح سجل البحث داخل متجر Google Play https://t.co/s7BDUACi4e#جوجل #Google https://t.co/F40LDhkNbr,0
"#السعودية | مدرسة في مصر تُعلّم طلابها: ""إسرائيل طيبة القلب!"" https://t.co/wURJUn54S3",0
"عاجل حلب || يحدث الآن تحليق كثيف للطيران الحربي و غارات عنيفة جداً محيط حي "" الزهراء "" و حلب القديمة",0
@fifacom_ar جستن بيبر 😯,0
# تقريبا دي اكتر حاجة قريتها جسدت المذبحة اللي حصلت لاقرب ما يمكن #مذبحة_بورسعيد,0
"RT @parlmany: مدرسة أمريكية بمصر تُدرِّس ""انتصار إسرائيل بحرب أكتوبر"" بمناهجها..ووزارة التعليم تحققhttps://t.co/6f28LWuX7F https://t.co/wf…",0
#انطلاق_سعوديات_ضد_الاسقاط    المرأه السعوديه حلمها فقط أن تملك نفسها وتصير ولية نفسها بينما هيلاري كلنتون أصبحت رئيسة أقوى دوله في العالم.,1
@abdullahelsher1 صحيح بين دولة العشريين و دولة يقودها شخص حتى افقر دول اقريقيا ابت تستقبلو و كان واقف مسخرة حتى يسلم على اوباما مسخرة و ذل,0
تبقى مناظرة اخيره بين المرشحين للرئاسة الامريكية. اظن بل اجزم ان الفوز سيكون من نصيب هيلاري كلنتون. والعلم عند الله لكن المعطيات تقول ذلك,0
@Ser_Arthur4 كاتي شخص عاطفي صعب يعترف بافضلية مسلسل او فلم على الانميات .. يذكرني بنفسي قبل لا اتابع هاري بوتر مع انه تابع ضعف اضعافي,0
RT @LibanCulture: وفعلها سعد رمضان وتحوّل إلى عريسٍ في ضيعته برجا@Saad_Ramadan https://t.co/N2SGUsAJTC https://t.co/kFsDij28fx,0
الموت لأمريكا وسفارة امريكا اليوم تباشر اعمالها في العاصمةصنعاء كلة عمل  جبنة #كيري,1
#بنغازي #ليبيا  اخبار ليبيا : الطبّي بنغازي: ولادة 1982 مولودًا جديدًا في شهر أكتوبر الماضي - اخبارليبيا https://t.co/Xe5mg054xg,0
جبنالك احدث قائمه سيارات بأخر تحديث من #اوبر ;)دلوقتي بقي 80% من الموديلات بتبدأ من 2007 :)استثمر وقتك .. زود... https://t.co/lc73qQaQgG,0
"الميادين: إعصار ""ماثيو"" يرجىء زيارة أوباما إلى ولاية فلوريدا: الرئيس الأميركي باراك أوباما يؤجل زيارة كانت مق... https://t.co/GmoWznIihg",0
"""@2awaelnews: @NawalElZoghbi “بدك تسأل عليي” جديد نوال الزغبي قريباً https://t.co/bWcIoeYXpH""",0
هل ستستمر مكافحة #الارهاب بالشعارات والأغاني الوطنية ؟! #كفى_عبثا واستهانة بأرواح الأبرياء,1
#الوطن| #علي_جمعة: #مصر و #الصين تربطهما صداقة عريقة وقويةhttps://t.co/F6C4gXfd6U,0
@Orientalists1 اغلب من يحكم اوربا وامريكا هم اليمين المتطرف المسيحي ومن يسيطر على زعامات اليهود هم المتدينين,1
عن الروقان اللي كانت فيه #دينا_الوديدي فـ اغنيه وحده خيااااال,0
شاركنا| أكتر إطلالة حبيتها لـ #ميريام_فارس؟ #CBCDrama https://t.co/NpJFmxbDwf,0
انت الغالى اللى بقالى سنين بهواه #الزمالك #الزمالك_الافريقي,0
حلب وجولات آستانة… موسكو تنقلب على جنيف https://t.co/k9ivsdoibt,0
الحل السياسي يهدف للبدء في بناء الاقتصاد ولا يعني التصالح مع من تورطوا في عنف #السادة_المحترمون …,0
خريطة الاحياء الشرقية في #حلب بعد سيطرة #الجيش_السوري وحلفائه على السكن الشبابي شرق المدينة. -… https://t.co/76EhXfwtdE,0
"العثور على عنكبوت ""الباب المسحور"" النادر في الصين #المطبخ_الاخباري #فلسطين",0
RT @mzmzvideo: وضع #دونالد_ترامب نفسه في وضع غريب خلال المناظرة الرئاسية الثانية أمام منافسته #هيلاري_كلينتون عندما أصر على التسلل بشكل مري…,0
فيديو.. خبير أميركي: غزونا العراق لتقويضه وإنهاء خطره على إسرائيل https://t.co/4kvLgRqwyU,0
5 حقائق عن ابل لم يخطروا على بال أحد من قبل ! https://t.co/uqwNwaih6U,0
@saz1931 @UAE_Karak لو تحطون غوغل ماب له يمكن امر اجربه دام ٢٤ ساعة انا مااشتهي جباتي الا انصاص الليالي,0
الماظة:لابد من تسليط الضوء إعلامياً على مشكلة تملك المساكن وتحقيق العدالة بوضع نظام لتملك الشقق يراعي البعد الاجتماعي والمادي للعاملين,0
الاهمال تهمة يجب ان يحاسب عليها الانسان و خصوصا اذا مان مسؤول هذه في فرنسا بس مو بالخليج,0
المغضوب عليهم في #مهرجان_القاهرة_السينمائي لمعارضتهم النظامhttps://t.co/HVxqyxcOrC …,1
ابوي يقول اذا عجزتي بتصيرين زي هيلاري كلنتون هههه🙂💔,1
الاغنية دي جبارة :) انا مش مسامحة يالي سرقتوا من حياتي الفرحة :') #نوال_الزغبي https://t.co/Ds2pbOEl8N,0
قضي الأمرهنا اتضحت الرؤياوسقطت الأقنعة وانكشف المستور بمعرفة من وراء استعداء الإعلام الغربي ضد بلادنا بحجة الولاية. https://t.co/PYvAIZkQYL,0
عبد المنعم ابو الفتوح اعداء المصريون فى الخارج والداخل يدبرون مؤامرات لاجهاض ثورة يناير # #,0
RT @IsaAlshaheen: |           تبا جدار الصامتين          |خطبة الشيخ احمدالقطان عن حماة ١٩٨٢وكأنها تتحدث عن حلب ٢٠١٦https://t.co/1T8VU…,0
حركات ولدي لا تشوف بوكيمون لانه من صنع اليهود https://t.co/OSu0heFWyy,0
RT @Ntwtr: جوجل تستحوذ على شركة FameBit منصة الربط بين المعلنين والمؤثرين في اليوتيوب وشبكات التواصل الإجتماعي.ما أقو إلا قااادييييمت 😑 h…,0
امرأه تحمل جنينها 17 شهرا ! غرائب وعجائب! سبحان الله .gub https://t.co/XxzB0519HD #مهرجان_القاهره_السينمايي https://t.co/fPXHlm4nfZ,0
48670715 _ قلت وأكرر المجد لعاصري الليمون لأن وجودهم على رأس معارضي مرسي الآن هو ماينفي عنها تهم الفلولية,0
سواقين #اوبر حراميه ولا قاتلين قتله ولا اية ظروفكم بقا @Uber_Egypt,0
#صور | قوات #الاحتلال تقتحم بلدتي دير الغصون، وصيدا، قضاء #طولكرم، وتعتقل كلا من:فادي رداد، ولؤي الأشقر، من صيدا، وفؤاد القب من دير الغصون.,0
تعقد اللجنة الرباعية العربية المعنية بإنهاء الاحتلال الإسرائيلي اجتماعا في مقر الجامعة العربية مساء اليوم من أجل... https://t.co/sOokPbV8ag,0
@aselo___ هذي مو حق جستن بيبر؟ خرا الاغنيه,0
ثلاث طرق للقيام بسوفت وير لهواتف نوكيا التي تعمل بنظام ويندوز فون... https://t.co/As6TYaVVNY,0
استشهاد الشاب الفلسطيني قاسم أمجد إبراهيم (22 عاماً) في السجون السورية بعد 5 شهور من اعتقاله #سوريا #فلسطين https://t.co/60hB94pmjh,0
فى كل دول العالم الاغنياء يطعمون الفقراء الا فى العراق فى عاشوراء الفقراء هم من يطعمون الاغنياء عظم الله اجركم… https://t.co/usf9o2wFXp,0
"""الشيخ"" يقود مصر المقاصة لاعتلاء صدارة الدوري بالفوز على الداخلية بهدف نظيفقاد أحمد الشيخ لاعب فريق مصر... https://t.co/i4CFgPU2ww",0
@hazemerfan اول مرة اشوفه امبارح لطيف، فكرة مسلسل ونوس اللي كان في رمضان,0
متلازمة الالتزام بما يلزمنا به الملتزمين .(كم م و ز في الجملة واربح #ايفون_٧ ),0
شموع الكريسماس من باتريشيا دي نيكولاي ~ العطور المنزلية ~ Fragrantica https://t.co/z3EXAXFR4U #Fragrances #Christmas,0
RT @Ihab_NR: أردوغان يعزي بذكرى إستشهاد الحسين عليه السلام لن تنطلي مثل هكذا ألاعيبالتي تريد أن تبين فيها أنك لست بطائفي https://t.co/6lI…,0
أجواء ممطره، و خيرات على اردننا الحبيب. صباحكم جميل.#كرتكوم #حب_الأردن #الشتاء #عمانيات #JordanMoments #Jordan #Amman #beamman #Christmas,0
وزراء الخارجية والدفاع بإيران وروسيا وتركيا يبحثون في موسكو غدا الأوضاع في حلب2016-12-19أعلن المتحدث باسم... https://t.co/vyBvAiHsRO,0
#ترمب#بوتين3. وتشمل كذلك إعادة حلف #الناتو تقييم موقفه من ضم #روسيا لشبه جزيرة القرم  والتوقف عن تعزيز قواته في #شرق أوروبا!,0
من اقوال #المقاومه_الجنوبيه#للحوثيين في #صعدة ان كنتم أحفاد الأسد فنحن أحفاد حمزةوإن كنتم جيش حزب الله فنحن جيش ر… https://t.co/9mrP3Ucybq,0
#قطر_الخيريةتزداد معاناة النازحين السوريين بحلول الشتاء حيث يجتمع عليهم البرد والجوعساهم برسالة SYAB لـ 92642بقي… https://t.co/qsliwGuNPs,0
#تصويت هل تلتزم #الأمم_المتحدة بهذا اليوم وفِي ظل الظروف الحالية للطفل #اليمني بمبادئ وحقوق #يوم_الطفل_العالمي  #اليوم_العالمي_لحقوق_الطفل,0
ماتخفش محدش بيتحاسب، ارجع المصريين نسيوا الشهداء اللي ماتوا,0
RT @Qadaaya: ثانوية #الملك_عبدالله في #الخرج تكشف أسرار #غوغل لطلابها -  https://t.co/mJicwxIO8o https://t.co/nTckqW3suE,0
RT @Raff_X7: #لو_المغردين_لاعبين@roro_rm7 السومه @ndomadrid كروس @HAJII777 بنزيما@SarahAli_7 ايسكو@Moon31_ ميسي @st__56 كريس @Mima_R…,0
كل شى كتبته غلط كل شى حسبته غلط فى #الامتحانات,0
#شرق_حلب بلا #مستشفيات كبرى و #واشنطن تطالب بوقف فوري للهجماتhttps://t.co/E7JqW9Zqdq https://t.co/lctw72PLQ5,0
"شاهد - آخر كلام: ""تأشيرة براني"" نصابون برخصة حكومية #",1
#ماهي #علامات #محبة العبد لربه #المحبة #الحقيقية #الشيخ_حمد_العتيق - #السعودية #الكويت #الامارات #السلفية,0
أردوغان للقناة 2 الإسرائيلية: #القدس للأديان الثلاثة وحماس ليست منظمة إرهابية  https://t.co/Dcd84xRhUv https://t.co/m8CySdSkgx,0
@MahboulDZ4 هاذو حمير ما حبوش يتحولو لسمكات ففضلو الانسحاب هذا السؤال جاوبني عليه غوغل,1
عزيزي السلفي الراغب في قتل نفسك من أجل منع رحلات الطيران القادمة من إيران، بالنسبة لرحلات الطيران الإسرائيلي القادمة إلينا كل يوم، إيه؟,1
"#محمود_سعد : ""أنا بحب الراقصات وهم فوق رأسي""",0
@Rafic_Naja اكيد لا بس مابدنا البلد يتدمر كونه امير داعش الاصيل واكيد يروضهم,0
#أونا| #الأمم_المتحدة: أكثر من 18 مليون شخص يعالجون من #الإيدزالتفاصيل .. https://t.co/V5kaVi5a6D,0
فيديو : إعادة تصميم اداة paint على ويندوز 10 من مايكروسوفت#ويندوز_10 https://t.co/38OdnVgPFX,0
"عطر غوتشي بامبو"" الجديد يحاكي الطيور https://t.co/F9PRduoecU https://t.co/eGRH39QeLq""",0
أنا ضد أنا يكون نائبي إمراة أو مسيحي من أجل دعاية انتخابية ولكن سيتم إختيار الاكفأ في كل مجال سواء # #,0
#الحد_الجنوبي #اما_حان_وقت_الجهاد#سوريا #الموصل #اليمن #لبنان #الاحواز(يا ايها الذين امنو خذوا حذركم فانفروا ثبات او انفروا جميعا),0
RT @Euuff: كيوت وانتم متحمسين لمناظرات دونالد ترامب و هيلاري كلينتون.,0
#النجمات تعدن #موضة_العشرينات بأناقتهن.. #نادين_نسيب_نجيم #اليسا #elissa #nnn @nadinenjeim @elissa… https://t.co/mmQQFTIbSf,0
هناك فارق بين ان يكون المرشح يسعى لهذا المنصب ليلبى طموحا شخصيا لديه فى اعتلاء المناصب وبين أن يترشح لخدمة الوطن,0
دروع حدث #The_Dawning لكل الشخصيات .. خوررافية 😻😻💜#ديستني #دستني #Destiny #Christmas https://t.co/pIsTEfNvZo,0
#حلب أول بلد بالشام خرجعن طاعةالعبيديين سنة462 هـ وأقام الخطبةللسلطان السلجوقي السني والخليفةالعباسي واقتدت بها #دمشق بعدذلك#ستبقى_حلب,0
RT @ajmubasher: #شاهد رد فعل #أوباما على موقف محرج تعرض له أثناء خطابه#كلينتونVSترامب https://t.co/GQsc59qnQi,0
ينصح بتناول عصير الجرير يوميا فهو يمنع تساقط الشعر وينقي الدم كما انه دهن الشعر به يوميا يساعد على نمو الشعر المتساقط #ريال_مدريد,0
صحى عيون الناس محبوبى قبل الكل ❤🙈 #فيروز 😍😍,0
وزير الخارجية المصري يصل مقر الجامعة العربية ويليه وزير الخارجية الفلسطيني ليبدأ اجتماع اللجنة العربية المعنية بإنهاء الاحتلال الإسرائيلي,0
@f32017 @Sesta_53 @AAeat9485 انقذوا اخوكم قبل البحث عن الخطا لانكم لن تجدوه في غوغل موساد اخر زمن ألقِ نظرة على تغريدة,0
الميزة الوحيدة لحزب النور هو توافر مادة جيدة للبرنامج لكن انا بقول ان البلد اهم من البرنامج :),0
حاجات_بتفرح_في_مصر اللمه الحلوه مع اصحابي,0
معنى هام جداً نحتاجه بشدة في هذه الأيام في بلادنا,0
#وائل_جمعة عمل المعلق بيقول مش هنعتبر وائل هو اللي عمله خلاص نعتبره #كمال_جمعة او #جمال_جمعة_جيمي :) :) :),1
#الحرية_للإخوان #انصاف_الاخوان,0
#6ابريل صباح الغباء # خلطة نقاء وغباء ثوري النتيجه حزب وطني #نيولوك #الحرية_للمعتقلين #ماهر #دومه #عادل # #…,1
بشار الأسد: الدنمارك تتبع الولايات المتحدة كالعمياء https://t.co/wGgJOx2TbW,1
قدمت أسرة التربية الإسلامية محاضرة شيقة بمناسبة ذكرى المولد النبوي الشريف بعنوان ( تعلمت من الرسول ) https://t.co/PHvLOwqqQ1,0
المقاطعة الشاملة للانتخابات كان يحب الحشد لها حتى تكون مؤثرة اما المقاطعة الفردية فهى اجمل هدية نقدمها للفلول هم يشترون الاصوات ونحن نبددها,1
RT @torshany: اعلان غوغل #GoogleMaps دليلك لحرب المناطق والشوارع والأحياء في #ليبيا,0
"RT @AJArabic: ""الرسام"" يعد من أقدم البرامج المدمجة في نظام ويندوز وتعود أول نسخة منه إلى عام 1985https://t.co/XB2PwssMCw",0
* لغات وترجمه * تنكر بيل - بيتر بان * ديمي لافاتو *هاري بوتر * موهبه كتابيه خلابه ✨ https://t.co/cuOuuN1jEo,0
"لو أدرك #المسلمون حقيقة ماذا فعل #الاحتلال ""#الاستعمار""بهم ..لفهموا حقيقة #الإسلام وتاريخه ..المغيب المقصود من أدوات #الاحتلال!!",0
RT @ajmubasher: ما هو تقييمك لأداء دونالد #ترامب و هيلاري #كلنتون.. في #المناظرة_الثانية؟ #كلينتونvsترامب https://t.co/hDAVTlIdqR,0
حاميها حراميها ,1
"السياسة #الشرعية التي يعمل بها #السلفيون في بلاد #الحرمين مزورة ومكذوبة على #الاسلام وان صفق لها كبار #العلماء واتحدى في ذلك""""",0
https://t.co/VwIifgReyT @EyadNassar النجم #إياد_نصار في #يوم_للستات : فيلم مصري ينافس على جائزة… https://t.co/M8SILZ0QlV,0
@abuyemmen @alhanouf0690 ترى انت واحد بس من ضن اليمنين الشرفا اللي ما صاروا كلاب إيران ، إيران دمرت العراق سوريا والان انتم وتكذب عليكم,1
لو لسه مصدق وهم نعم من أجل الإستقرار يعني جرب تسمع كده جايز تغير رأيكألا هل بلغت ونهاركم سعيد,0
#حمدين لقى #30_يونيو كلها مع #السيسى قالك سيبك منها وخليك مع #25_ينايرالله يكسفك واطى و أهبل,1
في #القدس المحتل تحدواالصهاينة وأعلنوا الأذان من فوق أسطح بيوتهم وببلادالحرمين نجد ثلة من السفهاءيطالبون بالإيقاف #اوقفوا_مكبرات_صوت_المساجد,1
اكتر حاجة ضايقتنى اننا كنّا هنعمل #MannequinChallenge  امبارح بس نسيت -_-مش هنعمله بقا يا دفعه😂😂😍,0
إدانة مديرة صندوق النقد الدولي بـ«الإهمال» في فرنسا https://t.co/IsqtZUhjbC https://t.co/C5Bad51Sr9,0
@aladab_algarbi القائل هو ممثل دور هاري بوتروللأسف ليس اهلاً لقول الحكم,0
فساد في بعض المستشفيات الغير خاضعة للرقابة,0
بوتين ودعم اليمين المتطرف في العالمhttps://t.co/DyN0iSYRMD https://t.co/RH8Xprlw2F,0
وندهلي حبيبي جيت بلا سؤال من نومي سرقني من راحة البال 😍✋#فيروز,0
RT @ahmd1212s45hq: صح النوم كم مرا قلنا لكم بان اردوغان رجل واطي ورجل تجاري فقط https://t.co/W1r632Al4I,1
RT @abdulrahmanomr1: @IdreesAldrees @alaseral @Fadil_MSA @Rebaq2 ليس واحد بل ثلاثه  صالح ... بشار ...سيسي,0
3) #الطبالة يمارسون #حرب_اللاعنف على المشروع الاصلاحي، فيحاربون جميع المصلحين بالقذف والتخوين مما يساهم جليا في خلق متطرفين راديكاليين,0
سيناتور ديمقراطي يطالب باغتيال أسانج مؤسس ويكليكس .هيلاري كلنتون تطالب باغتياله بطائرة دون طيار .وتأيد لهذا الطلب… https://t.co/WBwJflKzte,0
"RT @sabqorg: مهدي علي: سنكسر أفضلية السعودية في الجوهرة .. ونقص ""الأكسجين"" مضر للمنتخبين https://t.co/euS58yvuqg @sabqorg",0
بدء موجة هجرة أخرى من إثيوبيا إلى إسرائيل: وصل أمس الاثنين إلى إسرائيل 63 مهاجرا جديدا من إثيوبيا، من أبناء ا... https://t.co/lOp7qEIWSE,0
المولد النبوي الشريف مروة الجادرجي ..بغداداحتفلت الامة الاسلامية بولادة النبي الكريم محمد صلى الله علية وسلم... https://t.co/bhF7VmvfCe,0
#الشنقيطي#بلا_حدودحركة #حماس هي الأنضج من الحركات الإسلامية الموجودة في العالم الإسلامي اليوم.,0
مع هطولات المطر الغزيرة والحرارة المتدنية للغاية .. لا ننسى ملايين النازحين السوريين ممن فقدوا بيوتهم ولا يملكون اليوم أي وسيلة للتدفئة ..,0
شكراً جزيلاً على تعليقاتكم الجميلة ويا رب يعجبكم الفيلم إنتم كمان,0
ترونَهُ في ضـحكةِ السواقي في رفَّةِ الفـراشةِ اللعوبِفي البحرِ، في تنفّسِ المراعي وفي غـناءِ كلِّ عندليـبِ#فيروز,0
برأيكم كم وصل عددهم اليوم.. ما زال الأقصى يُدنس، وما زالت اسرائيل مصممة على منع الآذان، ولن يتحرك أحد لنصرة #القدس… https://t.co/PKNrWOad6F,0
#اليمنية| #وزير_الأوقاف: نبذل جهود لإعادة هيكلة قطاعات الوزارةhttps://t.co/XiXlfr4Wyo#التحالف_العربي_سند_اليمن#جنود_التحالف_سند_لليمن,0
#الشهرة_الإلكترونية ☀️☀️☀️#الأمم_المتحدة تطالب بتأمين وصول المساعدات ل #حلب https://t.co/REaQgPnQBs,0
#عادل_امام ربنا يديله الصحة,0
الكيك - الكيوي - موقع امازون. https://t.co/ywEQLSXqD4,0
أَلَمٌ أَلَمَّ أَلَمْ أُلِمَّ بِدَائِهِ ...... إِنْ آنَ آنٌ آنَ آنُ أَوَانِهِ كوت ريتويت بمعني بيت الشعر دة للمتنبي بدون ما تبحث في جوجل,0
حركااات الكويت لونها اصفر #حرية_الصحافة,0
صور طبيعيه  متحركه للسحب خلال ثلاث ساعات ماضيه #سحاب_الخير #عالم_الطقس #طقس_السعودية #طقس_العرب https://t.co/8E3y4pGlOw,0
"RT @20fourMedia: #غوغل تُطلق حملة إعلانية ضخمة لهاتفها الجديد ""بيكسل""https://t.co/QtUma3Pzgh https://t.co/lMqtjEyOPw",0
#الملعب | إيهاب عبدالله رئيس نادي #دمنهور:فريق الكرة بالنادي يعتمد على مجموعة من اللاعبين صغار السن ونأمل تحقيق نتائج طيبة الفترة المفبلة,0
إجتماع ثلاثي ف #موسكو ، بالنيابه عن أهل السنه #تركيا هي ممثلنا .,0
فيدرر vs نوفاك رولان 2011فيدرر vs مورى ويمبلدون 2012 #افضل_مباراة_تنس_شاهدتها,0
@NVIDIA_ME كلهم اصحاب فيسبوك,0
بوكيمون غو Pokemon رسميا في الدول الإفريقية ومن بينها دول عربية https://t.co/OfgHAFesKN,0
@msafr2002 مني ناسيه، بس حتى روسيا عندها مصالحها اولا واخيراقبل مصالح ايه بلد تاني,0
"تقول ""صلي ع النبي"" و أجدعها خناقة تنفض #",0
بيطلع ع بالي.....ارجع انا وياكانت الاساسي....وبحبك بالاساسكيفك انت....ملا انت#فيروز https://t.co/KSlMzy48Yc,0
RT @Super_Ashour: سويت موضوع بسيط على سناب شات ممكن يساعدك توفر لما تشتري من أمازونhttps://t.co/ibe1ZpJtwN#ريتويت #تقنية https://t.co/1IJ…,0
مستحيل تتغير قناعتيان #ميسي اسطورة بس م راح يوصل ل #كريستيانو ابدا #كريستيانو الافضل على الاطلاق,0
انصار الحرية والديمقراطية فى اوروبا وضعوا الشجاعة قبل اى شيئ اخر ناد ايطالي ينتظر موقف الانقلاب من عبد الظاهر,0
RT @floloalflolo: ضاعت النخوةالعربيه ضاع الاسلامبايدي العرب والمسلمين من تحت راس المجوسةالسعوديهشتت العرب والمسلمين ودخلتهم جحر الحمار ب…,1
لا تجعل الطريق يأخذك حيثما يتجه بل إذهب حيث لا يوجد طريق و اترك آثارك,0
@msgogoksa @AbduIrahmanSaud اردوغان سياسي محنك غير سيسي مصر بيقدر يعمل اللى هو عايزه وبيلعبها صح..,0
RT @yousefalawnah: متطرف شيعي داعش جنبه تطلع يونيسكو!يريد إسقاط عائشة وأبو بكر وعمر والمذيع يشكره!تعال سقط ط... https://t.co/al447Ukua1,1
ساعة أبل محظورة بقرار وزاري في بريطانيا https://t.co/WwJJbMrYEC https://t.co/icjHpKx8xF,0
الأرجنتين لا شي بدون ميسي 😎حتى لو فازت أداء غير مقنع ❌,0
نرفض تقييد حق الاعتصام وإعطاء سلطات مطلقة للأمن في منع التظاهر والمبالغة في العقوبات وتوسيع حرم منع التظاهر لا للقانون بصيغته الراهنة,0
في كل إعلاناتهم المدفوعة بملايين الدولارات في صحف اميركا واوروبا يركز الكذابون علي ان الاخوان حرقوا ٩٠كنيسه في,0
RT @mh_awadi: #مصر في الأخبار :أغذية ملوثةأكل لحوم الحميرإعتقالات قسريةقتل بلا محاكمةحرب على الإسلامتحالف مع سفاحي #حلبطعن في ظهر #…,1
#افضل_مباراة_تنس_شاهدتها#فيدرر ضد #نادال 2006 نهائي روما .. اعتقد انها اجمل مباراة فيها لمحات في تاريخهماhttps://t.co/E38kfxU4aO,0
@yusufashraf2 كل سنة و انت طيب يا يوسف و يارب ميريام فارس تقولهالك😂🌸💕,0
#بوابة_العاصمة| #الجامعة_العربية تؤكد مساندتها للأردن لمواجهة #الإرهابhttps://t.co/lQzkViTvQx https://t.co/QYQwaaakNU,0
#كلمة_شكر ل عآدل عبدالله ع البلنتي و الطرد اللي حصله ، اصلاً الطرد احلى 😳😳,1
#روسيا و #الصين تستخدمان حق #الفيتو وتفشلان #هدنة #حلب #سوريا#تمدن https://t.co/KOsduLsP3z,0
@Mohammed_Unitedوش اللي معجبك بلورد اوف ذا رينقز؟ هاري بوتر مختلف عن(لاذر)جي كي بنص كل فلم تحسسك انك قافط الوضع ومتوقع الاحداث لكن بالنهاية=,1
منظمة أطباء بلا حدود تستنكر منع #الاحتلال المريض عبد الكريم أبو لبن (32) عاماً من قطاع #غزة، من السفر للعلاج في... https://t.co/ubFJ2AGAgX,0
ارجو من مذيعي وضيوف الجزيرة الرد على حسام فودة عندما يكرر عبارته اليومية ما هى صفة خيرت الشاطر ليلتقي سفيرة,0
#زاك_والنازي_بيصبحوا_بفولورز#الحشره_مفيد_فوزي#محمد_صبحي#في_اي_مدينه_انت_الان#لافروفلايف بوست تفاصيل :… https://t.co/wxJ4knzFfB,0
تطور العلاقات التركية – الروسية.. هل يكون على حساب عضوية أنقرة  في الناتو؟https://t.co/JEHhNJak7yالرابط البديل:… https://t.co/sI1lS3Kvtp,0
تراث باراك أوباما السياسي!محمد الرميحيhttps://t.co/rUh8IX6XbT,0
"#الاحتلال يحمل ""حماس"" مسؤولية المواجهات شرق القطاعhttps://t.co/B2OCL4ZIPZ https://t.co/4irgBFH42m",0
واحشني قوي و انا مقصر معاك عندك حق :) كلم شادي و الشباب و خلينا نتقابل يوم الجمعة و العشاء عليا,0
909 ألف شكر,0
كنائس #الناصرة ترفع الأذان ردا على قانون منعه (فيديو)https://t.co/99DG1vmUWb#الغد #الاحتلال #فلسطين #رفع_الاذان https://t.co/36KmCmde3k,0
طريقة جيدة للعيش من دون #كاسترو | أيمن عقيل https://t.co/kfsc5z1xSx#السفير_جريدتك https://t.co/3cZNGTsTaV,0
تناسوا الشهداء وتذكروا الكورة أول لطمة على قفا كل انقلابي عامل فيها ناسي جات له امبارح من كوماسي,0
إبراهيم عيسى قلم شجاع وضمير يقظ وعلامة بارزة فى تاريخ المهنة تحية له ولفريق الدستور وستبقى حرية الصحافة فى مصر ثمرة مستحقة لنضال الصحفيين,0
_ لم أهاجمه بل أحترمه ولو كان له أخطاء فهو بالتأكيد شخصية تحترم,0
#عاجل | قوات الاحتلال تقتحم بلدة #بيت_عوا جنوب غرب #الخليل.#فلسطين,0
مصر لسا فيها خير كتييير نعم لباسم #ثورة_25_يناير #باسم_رئيسا_لمصر #انتخبوا_العرص,1
RT @Sultan_Batawi: وخوذة VR للواقع الافتراضي من #غوغل #Daydream  سعرها 70$ بعدة ألوان من تلبيسة قماشية رمادية أو قرمزية أو فضية #MadeByGoog…,0
مين أسرع روجر ولا فيدرر؟؟ https://t.co/JcwqeOiFoD,0
الحريري : النفايات والكهرباء وقانون انتخابات جديد هي أولوية حكومة الوفاق الوطني في #لبنان https://t.co/gPdAG8Tnvb,0
RT @SayidatyAzya: #كايت_بلانشيت ترتدي من تصميم #غوتشيخلال #أسبوع_الموضة https://t.co/lmd4nIBNjV#CateBlanchett#GUCCI #SS17 https://t.co/…,0
#الشرقية #السعودية #saudi #ksa  46 حافلة تصل من حلب المحاصرة لريفها الغربي اليوم.,0
@Alito_NBA 😂😂😂😂 اعلان خالع,1
أضفت فيديو إلى قائمة تشغيل @YouTube على https://t.co/0IFYT9zAIx بيونسيه beyonce 2016 | 2016,0
#اليمن #السعودية قصف صاروخي ومدفعي يستهدف تجمعات منافقي العدوان في الجوف https://t.co/YGhIKou9IY #yemen #saudi https://t.co/ztLDhlSWo6,0
هيلاري كلنتون تقول أريد أمريكا الكل فيها يساهم في البناء بغض النظر عن اصولو أو ديانتو إنشاء الله يكون هذا التصريح قول و فعل# Usa,0
RT @youm7: #مصر | مصادر: وفد مصرى رفيع المستوى يزور #السعودية الأيام القليلة المقبلةhttps://t.co/vH69NxY1CI https://t.co/ufGp5SeCSX,0
دعبد المنعم ابو الفتوح يتحدث عن ذكرياته لواقعة المشادة الكلامية بينه وبين الرئيس السادات,0
RT @aawsat_News: تـراث باراك أوباما السياسي!- محمد الرميحيhttps://t.co/ZRVqUCaYOl,0
رحم الله الشيخ الجليل #نادر_العمراني أمين عام هيئة علماء #ليبيا الذي اغتالته أمس يد الغدر الآثمة فاللهم تقبل... https://t.co/PNjDKELX8e,0
عشاق #فيروز بدمشق يحتفلون بعيد ميلادها  https://t.co/dj9NPlilTM,0
RT @TheBaghdadPost: #بغداد_بوست #سوريا #اليمن#ميدل_إيست_آي: لماذا تمول #إيران الميليشيات في الوطن العربي؟https://t.co/4LPc0LwMIK https://…,0
استعد لهاتف Moly X1 بنظام ويندوز 10 بدعم من منصة Indiegogo - https://t.co/3TTTW2Pewn https://t.co/Dk258Ofkek,0
في ذكرى أكتوبر.. سفير إسرائيل يحضر عرضا مسرحيا بمصر  https://t.co/Vvuc5Z7Kby  #العربية https://t.co/m3K2WXfbPY @AlArabiya_EGY,0
RT @MousaAlomar: القاريء رعد الكردي .. من السليمانية في العراق .. ما شاء الله وتبارك الله .. على هذا الصوت وكأنه من مزامير دَاوُود.. https:…,0
اخبار الكويت - «الهلال الأحمر» تطلق «صرخة حلب» لدعم النازحين السوريين https://t.co/ZujMtLzRa4 https://t.co/0Du1KhqKN8,0
“إيغيل فيلمز” تطلق “#ولعانة”.. و #نوال_الزغبي توجه كلمة لـ #ماغي_بوغصن عبر”فوشيا”https://t.co/BKEtJATe8e#فوشيا… https://t.co/9uXOuoloxv,0
#المعلم: #سورية مصممة على تصفية الإرهاب والتوصل إلى حل سياسي للأزمة فيها || https://t.co/XCvf32omWu,0
اذا كانت الإعادة بين مرسي وشفيق فواجبنا في حماية الثورة يفرض علينا عمل جبهة وطنية واسعة لكى ندعم الاخوان ضد نظام مبارك الفاسد الدموي,0
عمري في حياتي كلها ما اعتبرت اي شيء كتبته؛ كتابات ادبية.بوب ديلان,0
خبر عاجل : وزراء دفاع روسيا وايران وتركيا يبحثون الازمة السورية في موسكو غدا الثلاثاء,0
علاء الأسواني يروى عن شباب الثورة: إذا لم نعرف من أين ينفق الإخوان والسلفيون فلا شرعية لأى انتخابات >>,0
تنظيم #داعش يعدم فتى  في مدينة الطبقة في ريف الرقة الغربي بتهمة التعامل مع ’’التحالف الدولي’’ #لبنان_الآن,0
#ستبقى_حلب اليوم اثناء مناقشة الماجستير بالجامعة الاسلامية بغزه https://t.co/xOrGIjCQBc,0
RT @almdrrj: ليفربول يسعى لقطع الطريق أمام برشلونة بتجديد عقد كوتينيو .. التفاصيل  :  https://t.co/vY4q3W2IEl https://t.co/FlonaKb6YG,0
إذا فتحت أي أغنية أجنبية عاليوتيوب وشغلت الأوتو بلاي حينتهي بك المطاف لأغاني جستن بيبر لامحالة.#مغص,1
RT @ahmed_Nagy33: #تحذيرات_رعاه_الارهابمصر بخير يا شوية خرفان يا بتوع👈ماااسريا بتوع 11/11كشفناكماسمها👈 #مصر الكنانة محفوظه من #رب_العالم…,1
سموه وأردوغان تجولا بالطائرة فوق مدينة طرابزونصاحب السمو والرئيس التركي يدعوان المجتمع الدولي لوقف المجزرة في حلب… https://t.co/VtAmbrmLsA,0
@oceanazul80 او  ارقام ص😂😂😂😂😂بابا  رندفو او انه امثل علينا قدام الكاميرات  انه ها شفوني 😂😂😂😂😂والله يا اوباما مخلغين اسنان هي اسوالف 😂😂😂😂😂,1
RT @KaramAlhafidh: #هيج_و اصير وزيرة الصحة إلا اشنق عديلة بباب المعظم يم البوكي ستوب حتى الي يدور على بوكيمون يشوف عديله ويجوز من اللعبه,1
يريدون استلام #حلب ويظنونها #خان_الشيح#لافروف يحادث #كيري حتى يخرج المجاهدون منهاعجيب مالذي تملكه #أمريكا التي عداءها لايقل عن عداء #روسيا,0
ياهو تدعم تطبيقها على أندرويد بميزة بصمة الإصبع https://t.co/P6rkpHKDfN,0
أبل يؤكد اهتمام الحمود والعيسى بمشروع التدريب الرياضي - https://t.co/dOUxjPkBCQ,0
"#اردوغان : ""#تركيا تقف سداً بين الإرهابيين ودوّل الحلفاء في #الناتو""",0
أنا ضد التمويل الاجنبي تماماً الغريب ان ينتسب البعض الى الاسلام ويستغلون فقر الناس ويشترون اصواتهم ثم يتبارون في البذاءة اى اسلام هذا,0
@2213Ali @kayza111 نوفاك بطل العالم!!😳روجر فيدرر اسطوره هاللعبه وكفى✋,0
Gucci _ Gucci هو من أطلق ماركة غوتشي وذلك عام 1906 حيث بدأ بشركة صغيرة تصنّع الجلديات ليطلق… https://t.co/QAI4cAMeis,0
برضو نصف نهائي الرولان غاروس 2011 نولي وفيدرر لما فيدرر وقف انتصارات نولي وأشر بيده : انا الرقم واحد .. كانت مباراة بنت حرام,0
انا قررت راح اصوّت حق المرشح اللي يسوي ال #MannequinChallenge #انتهى,0
@AlameerMeroo94 داعش جانت بنص العراق 😉 والحليم من الإشارة يفهم,0
RT @HillClinton_Ar: دونالد ترامب وهو صغير https://t.co/dnrHOhR0Lb,0
@jaleesorg الروائي والكاتب طالب الرفاعي و الأستاذ علاء جابر من ضمن حضور اليوم الرابع في بوث #مبادرة_الجليس… https://t.co/pZDRKaLD4m,0
التليفزيون يعرض ميادين خالية اغلقها الجيش ويترك اربعين مليونا بلا تغطية درية شرف الدين فين مظاهرات الشعب اهوه,0
#مباشر_من_رابعة|#اقتصادالمركزي يوقع مع #الصين اتفاقية بـ 18 #مليار يوان لتبادل العملاتصرحت مصادر بالبنك المركزي... https://t.co/0DjHIu7S76,0
بإذن الله أشارك المهندس خالد عبد العزيز (رئيس المجلس القومي للشباب) في افتتاح الخيمة الرمضانية الشبابية في,0
25: #الميدان:مفتي الدم الانقلابي صدق على اعدام 37 من 528 تم احالة اوراقهم اليه ,0
مشاهد جوية .. استهداف مقر للمسلحين جنوب بلدة #خلصة في ريف حلب الجنوبي https://t.co/KjTrk4g5sP,0
#اليمنية| صحيفة #إماراتية تطالب بوقف الحرب في #اليمنhttps://t.co/DkqD5PeC6i#التحالف_العربي_سند_اليمن#جنود_التحالف_سند_لليمن,0
القضاء الطبيعى -من خلال تخصيص دوائر إضافية- يستطيع إنفاذ العدالة دون حاجة لمحاكم استثنائية، عسكرية أو أمن دولة طوارئ # #,0
“أنستجرام” تطلق تحديثا جديدا لتطبيقها على منصة ويندوز 10 موبايل https://t.co/nihxWXDoks,0
نسخة المعاينة من أندرويد 7.1 قادمة هذا الشهر https://t.co/l2L4UYal9u https://t.co/xmd8fDeXts,0
#معرض_الكويت_الدولي_للكتابالمبدع@FahadALshahrany يدشن ديوانه الاأول#على_بابك الف مبروك يا فهد https://t.co/hU9I9L9KnS,0
RT @_ahmed_messi_: أيفون 7 هينزل ب 17 ألف جنيه ، دنا مستلف 12 جنيه من أتصالات ولسه مرجعتهمش 😂😂 https://t.co/RfjGQgGZkV,1
وبعدين ميريام فارس حلوه اوڤر كدا ليه😍,0
@Ew_D07 تفو عليك ميت على ريال مدريد وهداف الدوري الالماني واسرع مهاجم بالعالم,1
بحسب الجزيرة ميدان التحرير يتسع ل 500 ألف مصري أو 2 مليون إسلامي,1
RT @abdullah7914: الحمدالله على نعمة الاسلام...وهذي الطفله يعلمونها اهلها ي حسين ي حسين قوله تعالى {وَمَنْ يُهِنِ اللَّهُ فَمَا لَهُ…,0
7_ أقرب مما تتصور وإحتمال كبير تلاقيها عند بتاع الطعمية وتترحم عليا وتقول ماكانش يومك يابلال,0
مبدا تهجير الأقباط من منازلهم عند حدوث توتر طائفي جريمة إضافية في حق مواطنين مصريين صدقوا ان هناك دولة لا اصدق ان الشرطة عاجزة عن حمايتهم,0
ميريام فارس تشارك جمهورها بفيديو جديد لإبنها في غرفة ألعابهhttps://t.co/DRAH0Y0hL1 https://t.co/LnH2UKTYYi,0
بالصور: أطرف اللقطات التي قام بها باراك أوباما طوال 8 سنين في الرئاسة https://t.co/Qcvy5ciELy,0
RT @itti_juve: مع هدف الباراغواي رجعنا لنغمة ميسي احب اذكركم ميسي مالعب قدام تشيليفي دور المجموعات بالكوبا وفازت الارجنتينولعب النهائي و…,0
Retweeted منار الرياض (@manar9alriyadh):النصر العالمي أول فريق سعودي يلعب مع ريال مدريد في بطولة كأس العالم ..... https://t.co/AMdVu38Bwf,0
أتقدم بخالص التهنئة إلى الإخوة الأقباط بمناسبة عيد الميلاد المجيد أعاده الله على مصر بالأمن والرخاء,0
هدنه هشه لم ترى النور صاروخ بالستي على مأرب وقصف أحياء تعز وصقور الجو العربي وصلت سماء صنعاء واشتباكات في مارب وسﻻمتكم#فشل#كيري,0
"#مصر | #التحرير | كيف تحمي هاتف ""أندرويد"" من الإختراق ؟! https://t.co/SkWlBnB98T | الشعب |#جبهة_تحيا_مصر https://t.co/7aENIYiNJk",0
قطع اذن مواطن واحراق الكنائس والاعتداء على اهالي الشهداء كل هذا مسموح به وعندما يكتب شاب ثوري على الحائط يقدم لمحاكمة عسكرية اين العدل,1
انتخاب نائب عن حزب الشعوب الديمقراطي لمجلس برلمان الناتوhttps://t.co/NT9dQjA6bl#الناتو #حزب_الشعوب_الديمقراطي… https://t.co/eRaxWD95Bp,0
#غوتشي للنساءالسلعة:https://t.co/ohL0VT1oElثقف من حولك🔃الجمال بلا فضيلة كالزهرة بلاريحة.#زد_فرصتك4… https://t.co/oHQ9v9gSzF,0
#اليمنية| #بالصور.. قوات الجيش والمقاومة في #تعز تسيطر على منطقة “الدفاع الجوي” بالكاملhttps://t.co/a9xQqapQBh#التحالف_العربي_سند_اليمن,0
قال رمضان عبدالمعز، الداعية الإسلامي، إن ما يحدث من لطم وعنف خلال يوم عاشوراء بسبب استشهاد سيدنا الحسين لا ير... https://t.co/D9jZbjg49H,0
القضاء الفرنسي يدين #مديرة صندوق #التقد #الدولي بتهمة الإهمال. https://t.co/Be1fKd2Udz,0
شاهد بالفيديو أوباما يمضغ العلكة ويسحبها من فمه في حضور رئيس وزراء الهند!https://t.co/9gBe5NEyAF,1
المسلمانى أغلي متحدث إعلامى للرئيس وأشهر كذاب ومنافق ومضلل ومحرض تحول الى قليل الأدب ووضع معارضي الجيش في سلة القمامة كلام زبالة,0
عزيزي المتطرف: قبل أن تستخدم تعبير أسد في وصف شيخك، فكر قليلا في مشاعر السيدة والدته,1
RT @DRabusaad: #تكفي_يابو_فهد_نحتاج_للهييهرحم الله أسدالسنه الامير نايف بن عبدالعزيز واعز الله الاسلام والمسلمين ب الملك سلمان  https://t…,0
شبيسى ليز اللى كان عليه طماطمية كبيرة #مقدرش_انسى,0
#عبدالله_المنيفي_يهدد_هشام_بالقتل#الكويت لنا يا عزيزي قدمنا شهداء سعوديين من أجل الكويت و الأن نقدم شهداء لنا في… https://t.co/HtO2vKOfS8,0
لا افهم سبب الاصرار على قانون الانتخابات الذي رفضت كل القوى الوطنية والسياسية د عبد المنعم أبو الفتوح في ندوة بنادي هليوبوليس,0
#الأمم_المتحدة  #مجلس_الأمن   #الحقوق_الانسان #BBC من حرض الارهاب الداعشي للإبادة الأقليات ... un #العالم  https://t.co/USAqYwpizw,0
وصولنا الآن #ملكة_المسرح #ميريام_فارس الى #دبي ومتوجهين فورا الى الحفل على نافورة دبي مول لإحياء… https://t.co/dvIlHY4ewu,0
ولا يفتح الباب للفوضى والفراغ إن نحن أحسنا إدارة عمليات وضع الدستور وانتخاب الرئيس,0
RT @kuwaitisssale: للبيع عدد 3 ايفون 6 و 6s بلس1 ٦٤قيقا  ذهبي بلس نظيف جداً1 ٦٤ قيقا روز قولد بلس نظيف جدًا بالكرتون1 ١٢٨قيقا 6لاع…,0
السلطة تمارس إجراما سياسيا ضد الفقراء,0
افتخر بلغتي 😍😍 #اليوم_العالمي_للغة_العربية,0
أحداث هامة بفعاليات اليوم الثالث لـ #مهرجان_القاهرة_السينمائيhttps://t.co/7NlQiGFvtj https://t.co/7rGVQLc4zw,0
1981 الله ينور عليك يا أحمد مقالين أروع من بعض المجد للكتابة الحلوة,0
قبائل على بالمنطقة الغربية ممتدة لداخل العمق الليبى ومتعاطفين مع الاسلاميين ولم يايدوا #مبارك او #العسكر بعد #ثورة_يناير ويمكن ان يلعبوا دور,0
يوسف_الحسيني يفضح كذب قناة الجزيرة ويكشف تمثيل الاخوان دور الموتي تحت اشراف قناة الجزيرة,1
الحياة اللندنية تورد تقرير عن #بنغازي :المتشددون يعترفون بهزيمتهم أمام قوات حفتر في #بنغازيhttps://t.co/2DEzp8pSvW,0
"#مشاهير عاصي الحلاني عن فضيحة ""بيغ أبل أوورد"": وحياة أولادي لم أدفع مالاً مقابل جائزتي: أثار مقال نشره الإعلا... https://t.co/qaGFCx85ZV",0
راتب شعبو: تعودت أن #أحب #كاسترو#جيرون#سورية_التي_تشبهنا#رأي#الاستعمار #المشاعر_البديهيةhttps://t.co/77ww2kzo94 https://t.co/nWOYCkpKeq,0
@mzmjralraq اذا انتهوا من حلب و ادلب اي انتهوا من جبهة النصرة الاسرائيلية....ما الحجة المقبلة؟؟داعش,1
وكَمْ من أَخٍ لِي سَاهِرِ اللَّيْلِ لَمْ يَنَمْ … ومُسْتَثْقِلٍ عنِّي مِنَ النَّوْمِ رَاقِدِ❗️☘#ستبقى_حلب #كوب_لشخصين #رباب_الكلم,0
بريطانيا تدعو الأطراف اليمنية للتعاون مع المبعوث الأممي للتوصل لحل سلمي https://t.co/s5gsDGX9xM https://t.co/imQupSRuGS,0
"كامل الوزير لـ «#عمرو_أديب»: ""الرئيس أمر بإنهاء إنشاءات محطة #أسوان""التفاصيل على رابط https://t.co/C7rr3k2P5J https://t.co/zw6xqoUQoh",0
احداث سبتمبر ٢٠١٣ جابت الزيت اما ١٩ ديسمبر عباره عن فيسبوك لايف وهاشتاق Actions louder than words#العصيان_المدني_السوداني_19ديسمبر,0
اسطورة اغلبية الشعب معاه، نصف الشعب طنش الانتخابات، و نصف اللي شارك لم ينتخب مرسي، و نصف اللي انتخبه عاصر لمونة و بيتظاهر ضده,1
أبو الفتوح : لا يوجد الأن مواطن مصرى شريف لا يذهب الأنتخاب بعد الأن,0
لوسمحت تكلم عن نادال ونوفاك، بس فيدرر لا تدخله في مقارنات مع هالجحلط .. بليز يعني https://t.co/8wjZB5z5iS,1
_ لا ده نتكاتف فيه رغم اى خلافات أو أخطاء حدثت,0
عاد آجا هتآخذ راحتها أكثر مع فيدرر ياليت هالمرة iptl يحطوها مع فريقالمايسترو بتكون وديات ديسمبر حدثكبير عندي في… https://t.co/QzzUxkWAhK,0
4 الشريعة وأحكامها كتبت بعد وفاة الرسول ولذلك غلط تربطها بشخصه مش خوف ولكن حرص على أن المعلومة تكون صح,0
#دبي_اليومالحركة التي كادت أن تغير مجرى تاريخ الـ”NBA” https://t.co/7yjN2u08wv,0
RT @MagdyMa35145454: طنط منى بتاع المنوفيهنووووو اوباما سيسى يسمعلش من المنوفيه ههههههههههه https://t.co/855VVTA0DD,1
العَرَبِية مُمْتِعَة جِدًّا لِأَنَّ كَلِيمة مُدَرِّسة جَيِّدَة و عِنْدِي صَدِيق رَائع !أَنَا أَسْعَد شخص في هَٰده الجامعة 💯@rose1_tadatoshi,0
@iamS3D @Ezlam ثم انك ليه قررت اني باشبههم بالجزم، في كوتشيات في التويت برضو ولا انت عنصري وبتحب دونالد ترامب وحمدين صباحي!؟,1
"RT @3boosh_almlkiah: #الاهلي_برشلونهميسي في تصريح للاكازيتا دي سبورت: من المهيب مواجهة عقيل بالغيث…اتمنى ان لا يكون في احسن مستوياته…ا…""",0
الثائر الحر #عصام_سلطان معتقل في سجون الانقلاب عصام سلطان مش رقم #انا_مش_رقم,0
#الحكومة لا تلتـزم بـ القـانون للأسف #حقيقة,0
#بنغازي : استشهاد أحد أفراد سرايا بوهديمة المقاتلة في ملحمة تحرير قنفودة مقبل غير مدبر المقاتل البطل #صلاح... https://t.co/5U3IjgOH69,0
قبول التعازي بوفاة فيدل #كاسترو في السفارة الكوبية في #باريس @France24_ar https://t.co/lctplScm5n,0
أوباما غير راض عن قدرات الجيش الأفغانيhttps://t.co/RmkcCaKvQOأكد الرئيس الأمريكي باراك أوباما أن الجيش الأفغاني صار ينفذ المهام الموكل…,0
تشوركين ردا على سؤال ⁧#الجزيرة⁩#كيري هو من أطلق النقاش والتدابير حول انسحاب كل المقاتلين من #حلب وعدم اقتصار ذلك على النصرةوليس  #لافروف,0
حنا الخليج يجب ان نتعاون بدعم الجيش الحر بالسلاح والمال والغذاء ودعم النازحين السوريين بكل مكان وان شاء الله سنقف بجانبهم حتى النصر,0
#لافروف: #روسيا تتعاون مع #مجلس_أوروبا وننفذ قرارات المحكمة الأوروبية لحقوق الإنسان#اسأل_أكثرhttps://t.co/2zfb9hUWj3,0
#جوجل ستفتتح أول متجر ” MadeByGoogle ” في مدينة نيويورك يوم 20 أكتوبر - علوم وتكنولوجيا https://t.co/M7Wrw5LE0g… https://t.co/loCkBQGmrw,0
قام @BIS_org بعمل دراسات و أوراق بحثية حول خطة الصين فى تدويل #الرنمينبى #اليوان_الصينى. التبادل التجارى بين #مصر و #الصين,0
@KarMostafa @shakerrzalloum @YouTube صار #حزب_الله مثل #فيلق_القدسيتحدث عن فلسطين وهو يقتل العرب ويدمر حلب,0
كيري: وزراء خارجية دول “الناتو” يناقشون في بروكسل أهمية وحدة الحلف https://t.co/aYZrHOc3zt #حلب #سوريا https://t.co/LgbG5oPzBb,0
#بردنا_يحتاج.اكواد ل #نمشيمشوار مجاني مع #اوبر و #كريمرصيد مجاني من #فانيلاكلها هنا 👇🏼🛍https://t.co/xHXMsQgxvn,0
ياسر أبو عمّار في #سياسة_في_دين :علي الجزيره غيّرت موقفي من حزب #النور بسبب مواقفه المخزية مع الرّئيس #محمد_مرسي,0
RT @Truthcaller: يبدو ان عالم متعامي عن ماسي المسلمين والمستضعفين في #سوريا و #فلسطين و #مصر و #بورما وغيرها من بلدان سيدفع ثمن ذلك حرب عال…,0
RT @falsaif: وصلة #جوجل المحولة من USB-C الى HDMI ما تشتغل على أجهزة البكسل و البكسل XL. #تقنية https://t.co/9DpK9qRBKb,0
عندي مشكله مع لعبة #SuperMarioRun في جهازي ايفون ٥ ، تطلع هذي الشاشة وبعدين يطردني من اللعبة 😕 https://t.co/lcvg4q2W75,0
تدني بعض الصحف الرسمية والحزبية والخاصة إلى مرتبة الصحافة الصفراء الباحثة عن الفضائح والمزكية لمشاعر الانتقام والثأر,0
RT @NawalAbdulkarim: داعش تسرح وتمرح في العراق وسوريا برعاية اردوغان الراعي الرسمي للارهاب #erdogan_is_isis,1
قالت لنا العصفورة : في أول زيارة خارجية له منذ تسلمه منصب رئيس الجمهورية في لبنان الرئيس ميشال عون الى دمشق قريباً للقاء الأسد,0
اصحاب المحلات فى شرم احتفلوا بالانقلاب واذاعوا تسلم الايادى اليوم تظاهروا ضد الانقلاب بكره تشوفو مصر,1
#عاجل#اليمنتصعيد وهجوم عنيف وغير مسبوق للجيش واللجان في مختلف جبهات  #تعز,0
#RamyAyach #رامي_عياش أجمل صوت وحساس وكرزيما وممثل مبدع نيالنا فيك @RamyAyach وعزفك كتير رائع شو نحكي بيضل قليل,0
عز الله.. عشان يجيني واحد من الطلاب ويقول انا احبك وعاشقك ياأستاذة😂 #ماذا_لو_المدارس_مختلطه,1
تواجدي خارج المملكة منعني مشاركتهم في تجهيز التيفو واعرف حجم التعب واﻻرهاق اللي يعانوه حالياً ويارب ﻻتضيع لهم تعب #الالتراس …,0
ميليشيات سعوديه عراقيه باكستانيه حزب الله .....الخ. اجتمعت كل الميليشيات الشيعيه لتقتل اهل سوريا وتقصف  المساجد !! https://t.co/P55lF8xEG7,0
@_11GBaleأما الأجنبية.. فما شفت حساب اخباري متميز على الداوم بصراحةلكن عندك هذه الأساسية@ESPNNBA@NBA,0
«التغير المناخي والبيئة» تنفذ 3 مشاريع للتخلص من النفايات في أم القيوينhttps://t.co/th4XwOrGkZ #ريال_مدريد #برشلونة,0
“أنستجرام” تطلق تحديثا جديدا لتطبيقها على منصة ويندوز 10 موبايل https://t.co/nihxWXDoks,0
#عمر_جابر مننا هيه هيه #زملكاوى زيينا هيه هيه #لاعب_بعقلية_أولتراس,0
"#الرياضة مهدي علي مدرب المنتخب الإماراتي يكشف سبب الخسارة من السعودية: قالت صحيفة الجزيرة السعودية ""بارك المد... https://t.co/Gbz2k1J3I2",0
RT @AlMayadeenNews: بدء موجة هجرة جديدة من #إثيوبيا إلى #إسرائيل  https://t.co/VfP0RXj2L4 https://t.co/rfMXGYq0Cs,0
''إسرائيل'' توقف مخططات البناء الفلسطينية بالقدس#اسرائيل #فلسطين #الاحتلال #السبيل https://t.co/miFnTpzZbV,0
@AlmrAsmaa يعني هسه الثورة الشعبانية كانت فصائل ارهابية تقتل الناس وتقطع الرقاب مثل جبهه النصرة واحرار الشام؟,0
@XHananMo غير غوتشي ماحط,0
#بيت_لحم-#الاحتلال يطلق سراح الاسير عبد الهادي طقاطقة من بلدة #بيت_فجار بعد ان امضى مدة محكوميته البالغة ١٠ سنوات وشقيقه دعيس بعد ٤ شهور,0
RT @TweetSoTeam: #تويتسو_خبر | أمازون تعتزم افتتاح أول مقر إقليمي لشركة أمازون لخدمات الإنترنت في الشرق الأوسط وأفريقيا بدبي قبل نهاية هذا…,0
__4 ده شفيق اللي متقدم فيه بلاغات الدنيا أخذ نصف الأصوات يعني نصف الناس قبلت العمى ولا قبلتوش أغلبية؟,1
تعز:قصف مدفعي للمنافقين يستهدف حي الضبوعه  وتصيب عدد من سيارت الماره وسقوط ضحايا مدنيين#اليمن #تونس #صوت_الملعب #MannequinChallenge #سوريا,0
RT @B___mohamed: في بوكيمون جوه بدور عليه 😂😂😂 https://t.co/u2QT15W5zF,0
المسلمون يؤمنون ان المراة لاتقود امة ومع ذلك يتمنون فوز هيلاري كلنتون وكلاهما اشد  اعداء الاسلام,0
حتى الذكريات و المشاعر قابلة للتسويق و البيع و اكبر دليل#SuperMarioRunحركة ذكية و توسع قادم لألعاب المحمول 😉👍,0
RT @Gerges_Geso: - ﻫﺎﺕ ﻣﺠﻤﻮﻉ ﻛﺒﻴﺮﺯﻱ ﺍﺑﻦ ﻋﻤﻚ ﺍﺑﻦ ﻋﻤﻚ ﻣﺶ ﺍﺣﺴﻦ ﻣﻨﻚ 😡= ﻃﺐ ﻫﺎﺗﻴﻠﻲ ﺍﻳﻔﻮﻥ 7 ﺯﻱ ﺍﺑﻦ ﻋﻤﻲ 🐸👨- ﻣﻠﻨﺎﺵ ﺩﻋﻮﺓ ﺏ ﺣﺪ 🚫😂,1
أخشى من أن يشوه بعض من يتكلمون باسم المشروع الاسلامي أن يشوهوا المشروع د عبد المنعم أبو الفتوح أثناء لقائه,0
ميشال عون... رجل لن يكرره الزمن #جهزوا_سواعدكم,0
RT @alarabonline: إيران تكمل فتح ممر إلى البحر المتوسط عبر العراق وسوريا#إيران #سوريا #العراق #العرب https://t.co/ZHQtj9JVuF,0
@watan_usa البخيتي وأمثاله لأجل الشهرة والصيت مستعد أن يبيع أمه و شرفه ودينه فقد ترضّى عن #كيري وساعد في هدم المساجد و دور القرآن الكريم !!,1
نقل إعلان مؤسس #ويكيليكس المهم اليوم من لندن إلى برلين، وسيخص بالذكر هيلاري كلنتون التي اقترحت مهاجمته بطائرة بدون… https://t.co/zYmh9yvCHR,0
عدد المدنيين الذين أحيلوا للقضاء العسكري يقترب من 12 الف مصري في ستة اشهر الرسالة هنا ان التظاهر السلمي قد يكلفك سنوات في السجن الحربي,0
@kinda18 لو شاطرة تفهمها او تروح للشيخ غوغل يترجمها بأهبل من هيك 😂😂😂😂,1
هو ينفع نعمل #MannequinChallenge في الكليه ؟! 🤔,0
لأنه يقدم نفسه…أو يقدمه الإعلام الغربي على أنه مقرب من دوائرصنع القرار…وهو يستمرىء هذه الكذبه…ولأنه يروج  كذبات من… https://t.co/bAXEE4pY7w,0
#بالصورشجرة الميلاد من حول العالم #Christmas https://t.co/dmDpfzB0XR,0
RT @muhammed855341: @abusajida1055 @saed_alhamad لقد نفذت القاعده وداعش ميئات التفجيرات في السعوديه والعراق واليمن واروبا هل نفذت تفجير واح…,0
"RT @Dawah1974: قال #ﷺ :"" لو أن ابن آدم هرب من رزقه كما يهرب من الموت لأدركه رزقه كما يدركه الموت "".الحلية لأبي نعيم [الصحيحة للألباني٩٥٠]…",0
على سبيل #السعاده انا صديق مجدى,0
@_yahyaxD اسرع من كهربا و رمضان مجتمعين و اسرع من صلاح كمان رغم كرهي ليه بس هو بيناسب الخطة الدفاعية بتاعتنا,0
مقال شيق حول الفائز بنوبل للآداب: بوب ديلان الذي خطفته الغابة السوداء 🙂⁧#مجلة_الفلق⁩ ... https://t.co/CzzTek70Ql,0
الشيعه اكبر عدو للاسلام كفرو الصحابه وطعنو بالقران والرسول وابادو اهل السنه #لافروف https://t.co/hpRUTAQlxH,0
أثبتت أشعة الرنين التي خضع لها أحمد الشيخ لاعب مصر المقاصة ، سلامة ركبته وأثبتت تعرضه لكدمة قوية في الركبة ، ويحتاج للراحة لمدة 3 أيامM,0
القطريين اختتطفو لانهم من الاسره الحاكمه وليس لانهم سنه لغرظ مساومتهم في اسراهم في سوريا من حزب الله والله يفك اسرا… https://t.co/gYWdMLfZuG,0
RT @hanii56_: اي شخص كاتب جنب اسمه راح نفلسكم يسويلي رتويت فقط وراح اسوي له متابعه لو انه اوباما براسه ..... #اليوم_الثاني_عشر_راح_نفل…,0
بي وجود جنرتل ميشال عون الله يحميك #جهزوا_سواعدكم,0
اللهم أنصر السلفي الوهابي دونالد ترامب علي الشيعية الرافضية هيلاري كلنتون,1
#السفيرة_الأمريكية لدى #الأمم_المتحدة تتهم 12 عميداً وعقيداً سورياً بالاسم بضلوعهم بشن هجمات على أهداف مدنية أو بتعذيب معارضين.,0
@HaRdBoY1911 سيرش جوجل طيب,0
@ArabShop وش افضل سماعة سبيكر بلوتوث في امازون؟,0
تحذيرات قوات الأمن لسكان رابعة والمتظاهرين قبل فض الاعتصام #السادة_المحترمون,0
سيصبح 6 أكتوبر يوما للعار وليس لذكري الإنتصار #كلام_و_كلام #يوسف_الحسيني #السادة_المحترمون …,1
"RT @sabqorg: رسميًا .. الأهلي يواجه ""برشلونة الإسباني"" 13 ديسمبر في الدوحة Via @sabqorg https://t.co/CkNjFugCuj",0
"تحالف بين #أنصار_بيت_المقدس و #الحرس_الثوري لتنفيذ عمليات ""إرهابية"" في مصر #مصر #الإخوان #المد_الشيعي #عمليات_إرهابية",0
فَتّشت فى أرض العربفما وجدت أبا بكر ووجدت ألف أبى لهب(نزار قبانى)#ستبقى_حلب,0
إسطيفو:عجز #مجلس_الأمن بشأن #سورية يعكس حالة من الشلل لا تخدم الأمن العالمي#الائتلاف#العهدhttps://t.co/RulSh3ZvPq https://t.co/rqECztPswv,0
كن شريفاً امينا ً لا لأن الناس يستحقون الشرف والأمانة بل لأنك انت لا تستحق الضعة والخيانة #عباس العقاد,0
جاءت هذه الهزيمة للمعسكر الشعبوي بعد أن ازدادت قوته مع خروج بريطانيا من الاتحاد الأوروبي، وفوز دونالد ترامب في... https://t.co/MfoLqPbtHJ,0
هل تقرأ القرآن بعد رمضان؟ هل تفهم معانيه وتفكر فيها؟ هل نويت أن تختم القرآن بعد رمضان؟ هل تعرف ثواب قراءة وتدبر,0
مش صالح دا كنتوا مخبينه من شعبه https://t.co/TjJjvMA0dS,0
@alqabas لان معاه بريطانيا وامريكا,0
العسكر خاين كالعاده ؛ دخلوا الجامع بالبياده #مجزرة_العباسيه #عسكر_كاذبون #لن_ننسي #لن_نسامح,1
#الاحتلال يصدر حكمًا بالسجن 18 عاما ضد شابين مقدسيين https://t.co/xwR9P4NHEA https://t.co/TXXpvoFC7K,0
ميركل بتحاول إرضاء اليمين المتطرف، خوفا من خسارتها أمامه!,0
نشط الأن في #لبنان #روحاني #لافروف,0
لم تعد مصر تحتمل تكرر دوائر العنف والعنف المضاد، ولم تعد أيضا تحتمل التهاوي المرعب في قدرات الدولة,0
#حلب_تباد_بسكوت_العرب#مجلس_الأمن #الأمم_المتحدة #الجامعة_العربية هم عُرّاب الحرب في سورية والعراق واليمن وغيرهم فقدانخفض دخلهم من #فلسطين,0
#عاجل #الغوطة_الشرقية:#الجيش_السوري استهدف قبل قليل مواقع للمجموعات الإرهابية في بلدة #الزريقة بعدة ضربات مدفعية.,0
@BouEidJoe @NawalElZoghbi نوال الزغبي لما بتنزل اغنية بتكون اغنية 👍جامدة ودة...💃💃💃 دليل نجاح,0
#اعرفوهم #انقلاب_مصر #يسقط_حكم_العسكر #الداخلية_بلطجية #الحرية لنور الدين محمود 15سنة #الدقهلية طالب بالثانوي الأزهري,1
#زملكاوى انا و الفخر ليا,0
"RT @AlkhaleejOnline: بعيداً عن العرب.. ""#إسرائيل"" و #السلطة_الفلسطينية تتواصلان سراً في #لندنhttps://t.co/wu4bpM8hNF https://t.co/4ens9MB…",0
#نون_أون_لاينميزة في هاتف جوجل تكشف «ابتزاز أبل»ttp://nononline.com/?p=162728 https://t.co/peXrF8LpHM,0
#بوتين و #ترامب مختلفان بشأن دور #كوبا في عهد #كاسترو#صحيفة_الخليج https://t.co/jJPzFKkyJd,0
RT @saud264: انفوجرافيك من قوقل: أكثر عمليات البحث شعبية خلال رمضان في السعودية.المسلسلات: سيلفييوتيوب:سوار شعيبالأكل:الشوربة https://t.…,0
"RT @baladinetwork: #بلديمحطة ""#سليمان_الحلبي"" تعود لضخ المياه إلى #حلب#سورياhttps://t.co/YNFyRIhnPI",0
ولك اذا ريكي مارتن ضهر مع واحد سوري مينو انتي يا معفنة ياشوصة لحتى ماتضهري...😝😅😅,1
المهاجم الغاني نانا بوكو لآعب مصر المقاصة يصبح الهداف التاريخي للفريق برصيد 18 هدفاً متفوقاً علي أحمد الشيخ صاحب... https://t.co/rhca0ZxCXe,0
السعودية تدعم المجرمين القتله لمصالحها الشخصيه باسم العروبه و الاسلام #جنبلاط #Christmas #AUB150 #حمله_دفي #الصين https://t.co/tKjymgd9pr,0
RT @souq: انثر عبيرك في الأجواء واجعله مصدر جاذبيتك مع عطور غوتشي، دولتشي آند غابانا، غيس، بلغري وأكثر > https://t.co/P068Fztqvp https://t.…,0
@Fat2552 بالعكس الله يهدي كل شخص غفل وابتعد عن الدين، ارفض منطقك لانه ينافي مبديء الاسلام في المناصحة والدعوة واللطفافة في ذلك,0
بعد قليل #الجبير يلتقي #ابوالغيط في الجامعة العربية ب #القاهرة #مصر #سوريا #السعودية,0
تلميذ صيني يحطم رقما قياسيا عالميا في ممارسة نط الحبل بـ110 نطه خلال 30 ثانية فقط .! #الصين #فيديو ..🎖🏃🏻 https://t.co/2KCdl9z083,0
حفرتوها لغيركم وصارت من نصيبكم #إيران جاء وقت الحساب مع #الولايات_المتحدة والعقوبات بدايه بس القادم اكثر خلي #روسيا تنفعك #إرهابي #حزب_الله,1
@__malt_alyk @11_hayoon @AshiqElsamt بطني معاد اقدر ياربي سيسي ومرسي,0
ماذا تضمنت رسالة الرئيس عون الى السيسي؟https://t.co/lPHNQRGK3W#لبنان #مصر https://t.co/ynnV4B6GsB,0
أيها الاخوان الا تذكرون 52 شهيدا قتلتهم شرطة محمد ابراهيم بأوامر من مرسي عندما شكر مرسي القتلة واعلن حظر التجول اعترفوا بجرائمكم,1
ا*ا يا سلام روح أم #النائب_العام :),0
@nr_phe32 هو لو مصطفى فتحى مش جاهز يبقى احمد الشيخ لازم يروح المنتخب احق من وليد سليمان كمان,0
دلعونا نوال الزغبي: https://t.co/6EEQcKmNuo عبر @YouTube,0
#ماذا_لو_المدارس_مختلطه كان تسمون الخميس الكئيب مش الونيس لو عليكم كمااان داومتوا 😂😂😂,0
RT @_zayeeed: قالها جستن بيبر 😪احبكـ يا نظـر عيني غنااتي و احب الارض لي تمشـي عليـها 🎶,0
RT @sabqorg: السعودية تدعو لخفض انبعاثات غازات الاحتباس الحراري.. وتؤكد اعتمادها العديد من الاستراتيجيات https://t.co/JlKPzQOII5 @sabqorg,0
أوباما يعلن حالة الطوارئ بكارولينا الشمالية لمواجهة الإعصار ماثيو: أعلن الرئيس الأمريكي، باراك أوباما، البارح... https://t.co/zNtxeSEUIC,0
RT @beseatt: كيبل آيفونضد القطع😉-شحن ونقل بيانات سريع 👍🏻من أفضل الكيابل👍يتحمل الكرف 😻 ومعتمد من قبل شركة آبل طوله ١.٢للطلب واتس…,0
هاري بوتر و كوبري ٦ أكتوبر,0
هزيمة مرشح اليمين المتطرّف هوفر أمام فان دير بيلين لانتخابات الرئاسة في النمسا https://t.co/weWk2cR3Q7,0
و الله تستاهل ياقلبي ليه تميل مكنت خالي انت اسباب كل كربي وانت اسباب ماجرالي ايه بقي اللي هايواسيني بعد ماتهدت امالي #محمد_محسن,0
الولد اللي بيقبل يتشتم ب امه حتى لو هزار و يقلب الدنيا لو حد جاب اسم صاحبته بس #استرجل كده عشان امك اللي بقيالك و تعبت عشانك,1
RT @HadiAlabdallah: مركز حلب الإعلامي @AleppoAMC ينشر تصوير جوّي يوضح حجم الدمار في حي المشهد بحلب إثر الغارات الجويّة المكثفة التي استهدفت…,0
أيها الغيورون على القانون هل سمعتم عن تهريب المتهمين الأمريكان و١٤ الف مدني في السجن الحربي وإعلان دستوري باطل يمنح الحك,0
بالصور ـ رماد #كاسترو يزور ضريح تشي #غيفاراhttps://t.co/Ds0QaPKk9T#castrofidel #cheguevara https://t.co/wAiFzj3EYF,0
المعتصمون داخل مسجد الفتح يستخدمون طفايات الحريق ويتهمون الجيش بإطلاق قنابل الغاز عليهم #السادة_المحترمون …,0
1 ده حلم قديم يبدو أنه اقترب تحققه بإذن اللهكان عندي مشروع مسرحية من كام سنة مع الفنانة سهير البابلي بس مااكتملش للأسفيامسهل,0
#سؤال_وجودى هو ازاى كان فيه ناس كانت بتدفع فلوس علشان تتفرج على #عمرو_اديب  #كل_يوم 🤔🤔,1
RT @RM4Arab: فيديو - تصوير لاعبي ريال مدريد بالبدل الرسمية لموسم 2016/17 . https://t.co/z9zg7Uv8Mv,0
RT @S_OM9: #جنودنا_رفعتوا_روسنا ومن بغير من حَملُوا راية الاسلام نفتخر؟انتم محل للفخر والعز والشهامة..حفظكم الله ونصركم.. https://t.c…,0
كل ما فيكي جميلبراءة وجهك ،، وإبتسامتك اللطيفة ،، وعيناكي الفاتنتان😘😘😍😍🌷يسعد مساكي ندوون@nadinenjeim… https://t.co/45Kws8FXgU,0
سويناها😹🔥#MannequinChallenge https://t.co/zL2WOzkLWH,0
هاتف Nokia D1C يظهر على AnTuTu بنظام أندرويد 7.0 https://t.co/VejtyY66af https://t.co/xwsJantyVP,0
J'aime une vidéo @YouTube de @emmysamir2002 - ريكى مارتن وحبيبه السورى ايوان يوسف تعرفوا عليه,0
روئيتك #تريح #النظر #سماعك #يريح #الاعصاب #كلماتك #بلسم #الجروح ي #نجمتي #الذهبية #نوال_الزغبي #بحبك @NawalElZoghbi… https://t.co/A0QgBZScWw,0
RT @ajmubasher: #أوباما : هيلاري #كلينتون تعرف جيدا كيفية مواجهة #تنظيم_الدولة #ترامب لا يصلح حتى ليكون بائعا في متجر صغير,1
#اوبر #كريم للامانه كريم يفوز ، اوبر ماعندهم هالخاصيه لو مامعك صرف ولا السواق راحت عليك فلوسك @GoCareem @CareemCare https://t.co/v5KUpyiteL,0
"سامى المتريح ""مدير المكتب الاعلامي للإدارة العامة لمكافحة الإرهاب.#ليبيا https://t.co/LyKXzTdZPU",0
فادي الأعور: الرئيس ميشال عون وحده الذي يعلن عن تحركاتهhttps://t.co/xrILuifdohفادي-الأعور-الرئيس-ميشال-عون-وحده-ا… https://t.co/wZY8QBX0kP,0
بتعرفني انا يا حبيبي قلبي معلق فيك و صدقني انا انا بنسى حالي و ما بنسيك و ايام الهنا يا حبيبي عشت بقربك انت ما انت #نوال_الزغبي,0
نائب رئيس مجلس الدولة في كوبا تشكر #الرئيس_الأسد على صدق مواساته وتعازيه الخالصة بوفاة القائد #كاسترو,0
@Haytham_77 سيتم الرد علي حضرتك في اقرب وقت يا فندم.,0
مفيش حاجة اسمها دولة وطنية في حاجة اسمها الجماعة التنظيم طز في مصر #السادة_المحترمون …,1
#ماذا_لو_المدارس_مختلطه كان اضبط وضعي مع الدكاتره و اجيب A++ بالراحه 😂🏃🏽🏃🏽,0
شاهد *غرفة سحب* اشبه بفندق عشر نجوم .. لن تصدق كل هذا في غرفةhttps://t.co/Rdrlju6rCU #ريال_مدريد #برشلونة,0
ابتسم فإن هناك من يحبك يعتني بك يحميك ينصرك يسمعك يراك هو الرحمن الرحيم,0
RT @zil3__: @M___G3 💔👌خوي السعد وافي وانا للخوي معكاز وانا محزمه كان الزمن عقد احجاجه #نبض_العراق🍃اخوي الغالي عازف ربي يطول ب عمره..👌…,0
عروض الخليج فوق الخيال@khaleej_riyadh rEc #EgyptAir,0
@fahadsaad6  في رئيس كان منتخب من الشعب قال لبيك يا سوريا انقلب عليه السيسي بمساعدتكم فلوسكم قتلت ناس كتير واعتقلت أكتر انتظروا عقاب الله,0
RT @dr_zayedalamri: #العراق١. الرئيس العبادي يقول ان التهديدالتركي للعراق تهديداً للامن القومي وكانه يستنجد بالعرب لان الامن العراقي وطني…,0
@dbx1974 @noula2001كالثعابين السامة عندما ترفع الملقط عن انيابها - يكفي انه فضح فسادهم وقلة ضميرهم هنيئا لك يا لبنان بأحتفال الفاسدين النادر,1
لا نزول لميدان التحرير لا نزول لميدان التحرير اكررها والا استوعبتوا فخ قذر منصوب لتكرر مذبحة رابعة,0
كرستيانو رونالدو يفصله 75 هدف ليصبح الهداف التاريخي الاول في ريال مدريد #اسطورة,0
الجزيرة - عاجل @AJABreaking 2- عاجل | #لافروف: #الولايات_المتحدة سحبت اقتراحها حول #حلب ووعدت بتقديم مقترحات جديدة,0
#هنيدي يعلق على رومانسية الزوجين #منى_زكي و #أحمد_حلمي بعد تكريم #مهرجان_القاهرة_السينمائي https://t.co/JA7xmX9GWg https://t.co/nXAEmobfBH,0
اللهم أنصر السلفي الوهابي دونالد ترامب علي الشيعية الرافضية هيلاري كلنتون,1
نحترم البرادعي لكن سنقف ضد اخطاءة بالمرصاد ،فحن لسنا اتباع مرسي المتواطئين بالصمت على الاخطاء لتتحول الى جرائمعادل عبدالحميد…,0
#كاسترو لَم يترك ورائه لا قصور ولا حسابات بنكية وشعب #فلسطين يعاني الاحتلال والقتل والتهجير ورئيسه عباس همه جمع القصور والاموال له ولاولاده,0
"في حفل جمعية رسالة "" رد الجميل "" لتكريم سيدات مُسنات من جميع محافظات #مصر بمناسبة #عيد_الأم على مسرح سيد درويش - أكاديمية…",0
#اليمنية|   #أوباما يتوقع إرسال #بشر إلى #المريخ بحلول العقد الثالث من القرنhttps://t.co/ht8xCRLsQT,0
نزال الليلة سوف يدخل فيه ترامب مجروحآ. ليس لديه ما يخسره. اتوقع بيغامر وبيهاجم عائلة كلنتون خصوصآ فضيحة بيل. هيلاري ذكية سوف تتركه يدمر نفسه,1
@malak_alhusaini  ايفون. 7😩💔,0
RT @MG_lawyer: امريكا استخدمت 41 فيتو منع ادانة اسرائيل بمجزارهاعندما يتحدث مجلس الامن عن الشرف! https://t.co/q2ZLC2MnUX,1
RT @malarab1: مظاهرة ضد إقامة مباراة إيران وكوريا بسبب عاشوراء https://t.co/c7eaWgx24Y via @AlArabiya,0
ألا لعنة الله على القوم الظالمين ... #روسيا #بشار_الأسد #أيران #الأمم_المتحدةكلهم أجتمعو على قتل بيان https://t.co/DDsPjEunPz,0
كل مصرى حر فى المانيا يتوجه ظهر غد الى وزارة الخارجية الالمانية فى برلين لاعلان معارضته لمؤتمر الانقلاب وترعاه ملكة الاردن,0
@ArabNews_AM13#ArabNews_AM13اليمين المتطرف في أوروبا يتلقى ضربة قاسية.. والمفارقة أن يكون ذلك في #النمسا مسقط رأس… https://t.co/0unEaATIFS,0
@Optimistic2nd 😂😂😂😂 ده في راي من اعظم الممثلين الي انجبتهم بريطانيا شيء فظيع في التقمص والتمثيل,0
أوباما يصل إسرائيل للمشاركة في تشييع جنازة بيريز: وصل الرئيس الأمريكي باراك أوباما إلى إسرائيل صباح اليوم الج... https://t.co/Zfl7wktFiG,0
أنشيلوتي يقول أن المانسيتي هو من يتحصل على لقب دوري الأبطال، و انه يتكلم مع بيريز بشكل مستمر ... تجربة تدريب ريال مدريد ضرورية لكل مدرب,0
الانقلاب يريد قمع 50 مليون مصرى لو حاولت امريكا بجبروتها قمعهم ما نجحت شعب مصر العظيم سينتصر ويدفع العالم لاحترامه,0
RT @20fourMedia: #غوغل تتحدى أبل وأمازون بأجهزة جديدةhttps://t.co/lonD0nImA0 https://t.co/YQ9Da5gvBL,0
عندى قمر بسهر معاه :) عندى معاد وحبيبى لغاه :( — #كاريوكى,0
تكلفه الحج فى مصر خمسين ألف جنيه فى حين ان الرواتب لا تتعدى ألفين يعنى اللى جاى يحج أو يعتمر موفر من اكله علشان فريضة ربناولا سيسي ولا,0
شنو يعني؟!! ريكي مارتن مو احسن منه 😂 https://t.co/VVth5R8aB6,0
@Jihonchy ترا متابع سنابه و ادري بإنه طلع مع بيونسيه في جولتها و ادري ان دونت ميند جاب الريكرد الاول على الكنتري لكن اقصد شخصيته,0
"بصير حد يحكيلي شو هي ""جبهة النصرة""؟🤔",0
"#بوابة_الوفد#زينة و #عادل_إمام يتصدران استفتاء ""الوفد"" الفنيhttps://t.co/84k5L9E4Eh https://t.co/v2Y1rnEyBb",0
"أبطال ""#يوم_للستات"" يجتمعون في ندوة #مهرجان_القاهرة_السينمائيhttps://t.co/2bBzWL2Z9g",0
الجيش اللبناني ينفذ مداهمات واسعة لمخيمات النازحين السوريينhttps://t.co/k1wJDlYLUJ,0
@alomer100 @Alito_NBA الاستمتاع في مشاهدة المنافسين  وانت من يوم تبدأ المباراة وانت تقلل من كري وقولدين ستيت,0
RT @EHSANFAKEEH: إيران تلغي الحج من أركان الاسلام لوجوده في #السعوديةوهي في صدد بناء كعبة بديلة أو نقل الكعبة من مكة للنجف الأشرف👇🏻😂https…,1
EgyptAir💙♥💋 عرض سكس لبنت خليجية بطة طرية جسم جامد💋♥💙https://t.co/vco4Grb7ot,0
RT @HadiAlabdallah: ضمن عملية #درع_الفرات تمكن الجيش الحر اليوم من تحرير 10 قرى في ريف حلب الشمالي بعد اشتباكات مع تنظيم #داعش وباتوا على أ…,0
RT @memezen27: @Ahmed2I3h مثلما ادخلت الارهاب الى سورية ودعمتهم بالمال والسلاح .لتشرعن تدخلها بسورية بحجة محاربة الارهاب وطائراتها تقصف الج…,0
أحمد منصور يكتب : اليمين المتطرف في النمسا على خطى يورج هايدر #النمسا https://t.co/OuJybW2OMQ |#جبهة_تحيا_مصر |… https://t.co/OxppeS24xe,0
إخفاء الحقيقة بحجة ان الرئيس يعلم ما لانعلمه وهو بيده الامر ويعرف مصلحتنا فكرة خانعة تكرس لتهميش المواطن واحتقاره الرئيس موظف عند الشعب,1
خجلت من حلب الشّهباء يطحنهاجيش الغزاة وجيشُ العُرْب لم يصلخجلتُ من صرخة الطفل التي انطلقتْولم تجد نخوة الإنقاذ من رجلِ#ستبقى_حلب,0
الخارجية الايرانية:  تشكيل الحكومة سيعزز مكانة لبنان ويحقق مصالحه في الداخل والخارج - https://t.co/a6uEy1bdGx,0
أنا خوفي يا حبي لتكون بعدك حبي ..وبتهيألي نسيتك وأنت مخبي بقلبي..#سيدة_الطرب_الأولى#فيروز,0
في زمنالآيفونالأنترنتبرشلونةديورهاري بوترديزنيبوينغماكدونالد نحن لسنا أمتداداً لأحدبل أمتداداً لرغباتنا وحاجاتنابالحضارة الكونية,0
بيونسيه في أناقة مكياجها العيون – مجلة رنود https://t.co/UbnwcotH5v,0
إنفوجرافيك.. أبل تتصدر قائمة أعلى الشركات قيمة#هاشتاق_عربي #إنفوجرافيك #أبل #الشركات https://t.co/0QUAKkc7Qq,0
حتى الاراجوز مالوش مكان فى اعلام العار مطلوب قطيع يكرر ما يسمع ويتملي,1
الفلولي مصطفى بكري ينسى اسم ولي أمرهفيكتب (أيوب) بدل (منصور) اللهم لا تزد الانقلابيين إلا ضلالا! …,1
@ovvvvovvv مافي ماركة اسمها غوتشي غابانا 🌚دولتشي اند غابانا يا جوليانو الموضة @ro7y_Qatar 😂,0
RT @daloaqana1: الاتصالات ترد على حملة المقاطعة ببيان جديدوتقول نحن الوحيدوون التفاصيلhttps://t.co/fV4aC6U0ZS #اليوم_الثاني_عشـر_راح_…,0
قرار كويس وهايل و مستنيينه من زمانلكن #السادة_المحترمون,0
طقس العرب: ثلوج مساء الاثنين https://t.co/MVqTiikdFd #الاردن,0
تراجع الأسهم الصينية مع قلق المستثمرين من فرض قيود محتملة على التداولhttps://t.co/UJfZ50qqdJ#الأسهم #الصين https://t.co/9yRlprNZ9S,0
انا الآن اعاني من اقسى انواع الطفش #فكرة_جميلة يحطون غرفة نوم بالجامعة اروح اخذ غفوه بالبريك,0
كريستيانو رونالدو يعتبر ثاني اكبر لاعب من ريال مدريد يفوز بالكرة الذهبية 31 سنة و 10 اشهر,0
لماذا استسلم #الإخوان لفكرة التحول من مقموعين إلى قامعين,0
تجدد النزاع القانوني بين أبل وسامسونغ: عاد النزاع القانوني بين سامسونغ وأبل إلى الأضواء مرة أخرى بعدما قضت مح... https://t.co/ia8IWThuEO,0
لا جديد هذا مستوى الأرجنتين بلاد الفالصو بدون الذهبي ميسي,1
RT @Manar_Bshay: بوكيمون ايه اللي اقوم اضور عليه .. ده انا بكسل اقوم اطفي نور الاوضه ..!!🐸💔,1
رزق مين ده بقى ؟؟  الناس بقت سيسى كده ليه من كتر النحنحة هيشلحوا,1
واشنطن تتهم في الامم المتحدة ضباطا سوريين بالاسم بالضلوع في هجمات على المدنيين https://t.co/XI5F9VABZv #القدس #حلب #uae,0
شاهد كيف تعمل امازون.. اكبر مخزن للبيع على الانترنت. https://t.co/0O4QZRopfL,0
RT @HaifaAlajlan_: اللهم لا تخرجنا من رمضان إلا وقد أصلحت حالنا ، وأسعدت حياتنا ، وغفرت ذنوبنا ، وتقبلت صلاتنا وصيامنا ، وحققت لنا ما نتمنا…,0
#اطفال دول ولا مش اطفال ؟؟؟ظظ يابتوع #المدارس هههههههههههههههههههههههههههههههههههههههههههه,1
بعيدا عن الهزار بقى وكده من كل قلبي باقولها لك ربنا يسعدك زي ما بتسعد الناسقلبي وربي راضيين عليك يا أمردسلام عليكم,0
ابن #ميريام_فارس أوشك أن يتم عامه الأول..شاهدوا كيف أصبح بالفيديوmyriamfareshttps://t.co/Edom02hES7,0
"#كيري يطالب الأطراف اليمنيّة بالالتزام بوقف ""الأعمال العدائية""https://t.co/Od1OzVMawXالموقع البديلhttps://t.co/MbMEhV8oNX",0
الجعفري : آن الآوان لمن يدعون أن لديهم نية حسنة تجاه #سورية أن يتعاونوا مع الحكومة السورية الجعفري : #فرنسا... https://t.co/1nbmM8tWD3,0
RT @ALAMAWI: #عاجل الثوار يقتلون عدة عناصر لقوات النظام بعد تفجير مبنى يتحصنون به على جبهة حي #سليمان_الحلبي شرقي #حلب,0
من #عيوب_تويتر: الكثير من ردود الأفعال والقليل من الأفعال، الانشغال بشكل مبالغ فيه بالأحداث اليومية عن التخطيط للمستقبل,0
لم يعد مطلبنا إيقاف العدوان والحصارمطلبنا إسقاط نظام مملكة داعش الكبري كونها الطريق لتحري آلامه والقدس,0
ياجماعه أنا اقترحت يكون اسم البرنامج (اجمل رنوش بعمرنا ) اللي موافقني يعمل ريتويت #مولد_الاعلامية_الساحرة_رناسماحة #…,0
شارل جبور @charlesjabbour   الرئيس اجتاز الاستحقاق المسيحي من معراب والسني من بيت الوسط والشيعي عبر دعم حزب الله وهذه هي الرئاسة,0
هل تستخدم الشرطة غير العسكريين لقمع التظاهرات ولماذا ؟! الأسواني يكتب مقاله بعنوان : متى يرحل مرسي >>,0
طبعا إستفتاء مارس كان أكثر شرفا من إستفتاء الإخوان على الأقل أشرف عليه قضاء حقيقي وكانت الإنتهاكات فيه لا تقارن بإستفتاء الإخوان,0
https://t.co/qGe2uIU3eEبوب ديلان ..وأحساسه الجميل...محاولة للنهوض دون مساعدة...لكم ولي🌹🌹,0
"صورة مرسى على المسجد الأقصى و أغنية السيسى على التلفزيون الإسرائيلى شتان الفارق""",1
@NeflX اغنية سوري جستن بيبر وصلتها في أسبوعين بس,0
لم يترك الانقلاب نقيصة الا وعملها,0
قلّو مشتآقة أنآ ليه💕#اليسا https://t.co/L4LiEziGwN,0
@Melooo80 @NBA4ARAB لو الحكم ما اخطا و الوقت استمر صحيح بيكون روس سدد بعد نهاية الوقت,0
وحكاية إنه يكتب البذاءات دي بقت قديمة خالصده أكثر الأفلام إسفافا أرقى من خطب بعض مشايخكم اللي طلعتوهم على منصة دعم كذب الرئيسإلعبوا غيرها,1
ألف رحمة ونور عليك يافنان مصر العظيم ياأعذب الناس وأجملهم وأطيبهم,0
ولما تبص #حواليك هتعرف انك #احسن من ناس #كتير عشان كده #لازم تقول #الحمد_لله,0
السلطات تمنع الكثيرين من محامي اسر الشهداء من حضور محاكمة مبارك المحامون من حقهم حضور المحاكمة ولا ستتحول الى شيء اخر غير المحاكمة,0
"RT @caironewsportal: د #فيصل_القاسم يفضح""#بوتين""ويكشف حقيقة مباركة #إسرائيل لـ #العدوان_الروسي https://t.co/1H4rJ2g1Gz#سوريا  @kasimf http…",0
اذا كانت رسالة البرنامج الوحيدة هي كشف التجارة بالدين و كشف قنوات الفتنة فده يكفينا، تاني، يتحرق البرنامج المهم البلد,0
RT @algepally: شاهد: كيف كشفت روسيا إطلاق صواريخ باليستية إسرائيلية وأمريكية تجاه سوريا https://t.co/ABhD8b7YmD via @sputnik_ar,0
#فيفي_عبده : الراقصة محترمة جداً ، و أنا قدوة ليش ما أكون قدوة :) #الحكم لا تعليييق !!!,0
قيومجيان في ذكرى استشهاد جبران تويني: يموت في وجعنا لكنه يحيا أبداً في نور عظيم يقهر الظلم https://t.co/5g5XBiYdZM,0
الوصف الحقيقي للميدان هو / جماعة الإخوان المسلمين تحشد أنصارها للضغط على اللجنة المشرفة عل الإنتخابات الرئاسية لدع,0
RT @NourHammoury: مؤسس ويكيليكس سيقوم باعلان مهم اليوم من لندن ويخص بالذكر هيلاري كلنتون ويقول انها ستنتهي بعد هذا الاعلان طبقاً لموقع ويكي…,0
"RT @thagb14: ""نيويورك بوست"":قدمنا هديتين لايران: ألاولى سماح أوباما لطهران ببناء صواريخ نووية والثانيه رفع العقوبات عن البنوك التي تمول تلك…",0
من أهم وأكثر المقالات حيادية عن مواد الدستور الملغمة، لا تخن ربك وبلدك وأهلك ونفسك، وإعرف صوتك هيودينا كلمنا فين,0
الكويت متبرعه حق لبنان !ليش ؟عشان يعالجون فيها النازحين السوريين اللي مصابين بالسرطان !شلون ولبنان يحكمه حزب الله ههههههههههه,1
تدريب موظفي الحكومة الاتحادية على استشراف المستقبلhttps://t.co/6xRihCQHEO #ريال_مدريد #برشلونة,0
كتاب #وداد_المطوع #ثلاثة_ايام_فقط_كيفموجود في #مكتبة_آفاق #معرض_الكتاب #معرض_الكويت_الدولي_للكتاب https://t.co/6MENFYpHtA,0
بمناسبة #رمضانيات 3 ^_^ استنوا ف رمضان فقرات ومفاجأت كتير عالبيدج :) 5 3 :) وحملات و حاجات,0
أوباما يخفض أحكاما بالسجن عن أكثر من 100 مدانhttps://t.co/eD2hO3hOm7قال البيت الأبيض يوم الخميس إن الرئيس الأمريكي باراك أوباما خفف أح…,0
تحميل برنامج Windows 10 النسخة النهائية من ويندوز 10 باللغة الانكليزية الرابط,0
# احلي حاجة في الحلقة #رجعوا_الجماهير,0
يعتدون على خالد داود صائحين يا بتاع جبهة الإنقاذ يا كافر،فليصمت زياد بهاء الدين و رفاقه عن حديث المصالحة و الا سنرد عليهم بحديث الأصابع #مصر,1
طاقه ايجابيه شبابية في تصوير اليوم الاول من #أرب_ايدول #الموسم_الثالث كان يوم رائع جدا انتظرونا #قريبا …,0
RT @Zhret_tshreen: #من_دمشق_هنا_صنعاءاللعنة عليكم يا فساق الخليج تفوقتم على الصهاينة بجرائمكم ضد الاسلام و المسلمين و أظهرتم حقيقة دينكم,1
شي يقهر انو ماريو رن ما يمديك تلعبها بدون نت 😤كانت حتكون مرة جيدة لولا ذا الشي #SuperMarioRun,0
المحادثة الأخيرة بين فتاة ووالدها قبل خروجه من حلب!#الدعاء_الدعاء_لاهل_حلب#حلب_يالله_ليس_لهم_غيرك#ستبقي_حلب… https://t.co/zaRe5czOhJ,0
RT @Arabianito: علاقة مرسي ببشار اﻷسد وحلفاؤه..لاحظوا التواريخ!حكم مرسي من 2012-6-28 إلى 2013-6-30#مصر_تصوت_لصالح_المشروع_الروسي#السيس…,0
@AlshibliYounis سيقدم دليل ان هيلاري كلنتون طرحت فكرة تصفية الرجل بسبب التسريبات التي يقوم بها,0
#غوغل تضع اللمسات الأخير لمتصفح #كروم_55 لتقليل استهلاك الذاكرة بـ50% -  https://t.co/k9pLdoWr4c https://t.co/KKiUqLSecI,0
أما بعد الإعلان فلن يرتب الانسحاب الأثر المراد ونكون مع شفيق بمفرده في الإعادة مجددا، لم يكن اقتراحي خيالا بالمعنى القانوني والجدل قائم,0
اللغة تراث,0
@ynYcTmMFGExTr9E @halool18 اما بخصوص جبهة النصره شاركت في سوريا بعد مشاركة حزب الله وايران ولواء ابو الفضل وهذي ردة فعل طبيعيه,0
النادي الاهلي هو النادي الرسمي للدولة #المادة_لاولى,0
سحل متظاهرين بالقصر العيني - ليعلنها #مرسي بصراحة-هل انت فاقد السيطرة على الداخلية؟ أم انت المسؤول؟,0
"#صورة.. قوات #الاحتلال ترفض الإفراج عن الطفل ""أسامة زيدات"" . https://t.co/GplQNE6LBZ",0
"RT @LyricslnArabic: ""كل ما نفعلهُ هو التفكير بالمَشاعر التي نخفيها"" - جستن بيبر.",0
لم ولن أتخذ أي موقف يؤيد قتل أبرياء تحت أي ظرف من الظروف ما أقوله عن الإخوان لا يعني تأييدي لقتل أي بريء مهما كان,0
تشكيلة الحكومة الجديدة في لبنان التي تم إعلانها يوم الأحد هي فعلاً تحكي حالها من ألفها حتى يائها https://t.co/4eGUf0Xb3H via @LCCC,0
RT @Msw_13: توصيات أسهم #كلنا_حسين_عبدالغني #اذكر_اسم_معلم_له_فضل_عليك #مبروك_فك_حصار_حلب #بلقيس_تستخف_بالشعب_السعودي  #حاليا_اهتمامي#قر…,0
#سيدنا_النبي كان طيب الرائحة، وإذا صافحه أحد ظل بيده عطره سائر اليوم صلى الله عليك يا سيدي يا رسول الله,0
RT @almonajjid: صوم النوافل كعاشوراء يكمل به الخلل الحاصل في رمضان فإن النوافل تكمل بها الفرائض يوم القيامة، ويرقع بها خلل الفرض. العثيمين,0
مصر تواجه صعوبات شديدة لشراء الوقود مع سحب البنوك للغطاء الائتماني وفرض أقساط تأمينية عالية,0
@TeacherQ86 @azisiri ثلاث وزيرات للدفاع بحلف الناتو ايطاليا وهولندا والدنمارك ومبركل ورئيسه وزراء بريطانيا تنقدين ع معصومه المبارك ولاهند,0
#حماس ما بعد #مشعل.. بعيون #إسرائيلhttps://t.co/n3tBMfsxsx https://t.co/P0rc6PWIJm,0
حمداً لله على سلامة أبنائنا المجندين المحررين، و نهنئ أهلهم و أحبائهم بعودتهم و نهنئ الشعب المصري بإطلاق سراحهم,0
ردود فعل عادل الجبير في الاعلام الغربي.      والنعم والله  https://t.co/VC2mQ1Fpv4,0
@rllnewsdesk ما يسترجي يقول من حزب الله,0
تحية لبعثة مصر البارالمبية التى حققت انجازا غير مسبوق وقدمت لنا درسا فى تحدى المصاعب لرفع اسم مصر عاليا شكرا لكم وحمدا لله على سلامة عودتكم,0
بعد سلسلة الفضائح التي عصفت به.. دونالد ترامب يؤكد أنه لن ينسحب من سباق الإنتخابات https://t.co/CMEo7vbNx5 https://t.co/ufJ7jlRfDH,0
ليس غريباً على من تربوا في حضن #البعث، أن يتسابقوا الى #الاستانة و #موسكو و #حميميم،عليهم فقط أن يفعلوا ما كانوا... https://t.co/dqOAOGN5eB,1
#الأمم_المتحدة عبر #محيط_اليمن | هدنة لوقف القتال في اليمن تمتد لثمانٍ وأربعين ساعة .. قابلة للتجديد https://t.co/IPz4UDmJFF,0
افضل 10 لعبات دفاعية هالاسبوعEnjoy https://t.co/hrDKBSYwra,0
لا تقل لماذا منع #الصهاينة الأذان في #القدس .. و قل لماذا طبع معها #الأخوان و قد فعلت ..#أردوغان,0
RT @dochijazi: بينما تتحدث وسائل الإعلام الروسية عن سياسات هجومية ووجود دائم واستحواذ على سوريافإن وسائل الإعلام الأمريكية والغربية لم تتج…,0
@SaudOdeh @nasserAlfadhly الكتاب نازل في غوغل دور تلاقيه,0
RT @Shopper_ar: تخفيض على ساعة ذكية من هواوي لاجهزة الايفون والاندرويد البائع امازون والشحن المباشر متاحالسعر بعد الخصم 208$https://t.co/…,0
دعلاء الأسواني: هل حدث من قبل في نظام ديمقراطي ان سحب شعب الثقة من رئيسه المنتخب ؟! >> …,0
“كيت بلانشيت” أول من ترتدي “غوتشي” 2017https://t.co/woklXgiCT2,0
"#اكتب_عبارة_على_باب_قلبك ' فراق وجهك ضيق ومواجهك عيد والوقت قاسي والتقاليد قـــشرا""",0
أشارك في مسيرات اليوم رفضا للدستور المشوه، ولأخونة الدولة، وللانقضاض على سيادة القانون، ولتجاهل الرئيس وحكومته لمطالب العدالة الاجتماعية,0
#غادة_عبدالرازق عن #إليسا: إيه الإحساس ده؟! https://t.co/yKLshoS802@GhadaAbdelRazek @elissakh #HAWACOMTV https://t.co/E8YhEOuSX0,0
"الخرطوم: الدعوات إلى عصيان مدني ""صفر كبير""! - روسيا اليوم - روسيا اليوم الخرطوم: الدعوات إلى عصيان مدني ""صفر كب... https://t.co/ybu2L7ZXHg",0
سيعلن جوليان أسانج مؤسس منظمة ويكليكس و من لندن عن فضيحة يقول انها ستحطم ☠هيلاري كلنتون و تنهي عائلة كلنيون. #تاسي #كويت #بورصة #فوركس,0
علينا ان نعبر عن غضبنا بطريقة سلمية استعمال العنف ستستخدمه اسرائيل ضدنا على المستوى الدولي يجب ان يكون هناك رد قانوني ودبلوماسي قوى,0
جالسة اصيد  بوكيمون  في غرفتنا😂😂,0
"قانون الثراء الحرام(الحلال)! حلال أن تسرق وحرام ألا ترجع (بعض) ما سرقت! ""إذا سرق فيهم الشريف تركوه""…",1
وزير خارجيّة كندا ونواب من أصل لبناني في بيت الوسط https://t.co/n2yX9MlSgz,0
#المواطن | صور مراحل حمل النجمة #ميريام_فارس,0
@hassanalabdle1 طيب اغلاط اردوغان مجتمعه ماتجي عشره على مليون من اغلاط ومصايب السيسي الخاين العميلوالاصطياد في الماء العكر مايمشي,1
فضيحة محطة قطار #أسوان #كل_يوم | #ON_E | #عمرو_اديب https://t.co/oBMssn1c81,0
موعد قفز سيسي على الرئاسة يقترب الحق احجز ديل عشان تحضر حفل التنصيب لكنه لن ينال غرضه لأن الشعب سيحرمه ويحاكمه,0
جمهورية #شبرا_الخيمة :),0
@HaneulD ابي كتاب هاري بوتر :( لمن نقلنا بيتنا ذا ضاع الصندوق الي فيه كتبي 😭😭😭😭😭,0
@iOtb__7 اذا ما لعب ميسي مو مهم عنده المنتخب الارجنتيني,0
تأكيدأ .. للخبر أعتقال زوجـة الارهابي #مختار_بلمختار أمير تنظيم #القاعده بشمال افريقيا#ليبيا #LIBYA https://t.co/A4goSg3h9c,0
EgyptAir لما فاشلينها يمسكوها يحصل كده,1
اغنية رامي عياش اللي بحكي فيها على عيني و راسي والله عنك لحظة ما أتخلى كتير حلوة,0
#تويتسو_خبر | برنامج قياس سرعة الإنترنت أصبح متاح على نظام ويندوز 10https://t.co/DLA1vktO8r https://t.co/WHKuMXq2VG,0
#الاخوان باعونا فالميدان ايام #محمد_محمود و #مجلس_الوزراء واحنا كنا اصحاب مبداء وقضية طيب عاملت ايه دلوقتى وهما,1
عرض الاسبوع 10 ألاف متابع #درر #حكم #حكمه #حكمة #ابيات #النصر #الهلال #الفتح #كلمات #كلمة #بوح #الاتحاد [2287315],0
RT @AlMayadeenNews: اليمن: الحوثي: لدينا الأدلة الفنية القاطعة على ضلوع #السعودية في ارتكاب مجزرة صنعاء  https://t.co/RhV5E6lrl4,0
#فلسطين #غزة السلطة الفلسطينية: المخططات الإستيطانية الجديدة تمنع إقامة دولة فلسطينية https://t.co/qUeh1rKssm… https://t.co/qFplwQKiUI,0
RT @OrientNews: تجدد النزاع بين أبل وسامسونغ.. ما السبب؟ https://t.co/wiAyUkmxzi#أورينت #سوريا #تكنولوجيا https://t.co/glf57fVZQX,0
RT @dughsan781: #ال_سعود_ عدو_لي_ولكل يمني ولكل عربي ولكل مسلم#ال_سعود أعداء الامه العربيه والاسلاميه#ال_سعود_أسرة_ارهابية_تنشر_الارهاب_وال…,0
حرام مااغيب ولا يوم 😂💔 #ماذا_لو_المدارس_مختلطه,1
فنون |  ريكي مارتن سيتزوج من السوري «جوان يوسف» المزيد :  https://t.co/FPOrglwrSK,0
@PieceOfWs @TheGhostYonce تستاهل الحب واغانيها حلوه بس بيونسيه,0
الكلاب أوفياء رجاء عدم إهانتهم,0
#لافروف :- واثقون بأن الهجوم الإرهابي على المشفى الروسي في #حلب مخطط له مسبقاً- في حال رفض الارهابيون الخروج... https://t.co/DGbg7a6k2F,0
RT @AlMayadeenNews: #اليمن | استهداف القوات #السعودية في #جيزان والربوعة بصواريخ الكاتيوشا  https://t.co/hvYkghwcxS https://t.co/umZSXPIGk9,0
قوانين أي مرحلة إنتخابية أهم مليون مرة من المرحلة نفسها بمرشحينها وكل المراحل اللي بعد الثورة إتلعب في أساس قوانينها لتدبير النتيجة #باطل,0
😂😂😂😂 فضيعه @nadinenjeim #nadinenassibnjeim #nnn #star #actress #نادين_نسيب_نجيم #في_بيتنا_ضيف https://t.co/zSZOqhFaMu,0
إذا جعلك والديك أميراً مدللاً في صغرك فاجعلهما ملوكاً متوجة في كبرك,0
حظر ساعة أبل باجتماعات مجلس وزراء بريطانياhttps://t.co/C7RHJbv8ra,0
وزيرالخارجية الروسي #لافروف:إن #امريكا طلبت تأجيل المشاورات بين الجانبين حول مدينة #حلب السورية لمدة يومين #السعودية #الخليج #العرب #gcc,0
@mosleh822 @KSA24 الناتو فشل في اسقاط طالبانً لأكثر من 10 سنوات بسبب الجبال ، مثل اليمن صعب بسبب الجبال وكثرة المخابئ والمغارات يبيلها صبر,0
يوسف الحسينى يتابع منذ ايام مايحدث للاقباط فى دلجا ويطالب المسؤولين بالتدخل واليوم سيطرت الشرطه والجيش …,0
«حق» عون بتسمية وزيرين مسلمين دونه عقبات و«أمل» و «حزب الله» قلقان من قبوله حجم «القوات» https://t.co/7WUbXjwu1c https://t.co/VqF7oHawv1,0
اعتني بذكرياتكَ الجميلة، لأنك سوف لن نستطيع  أن تحياها من جديد. #بوب_ديلان,0
RT @kubrick9_: الحسين رضي الله عنه كان سابق عصره ويستخدم غوغل مابس https://t.co/OiPLw4h02w,0
@iomanitech مرحبا ، عندي ويندوز 10 واريد اغيره من اللغه العربيه الى الانجليزيه ويش الطريقه حاولت اكثر من مره بس ما صار,0
مدرب المقاصة : أحمد الشيخ مناسب لطريقة أداء كوبر مع المنتخب https://t.co/MWGqJQiPP3 https://t.co/JJjnbxrjoo,0
يتعشّى بالأرز وينام في فراش إسرائيل https://t.co/494kO87V8K,1
بعد سيطرة #الجيش_السوري وحلفائه على #السكن_الشبابي في أحياء #حلب_الشرقية #حلب #سوريا  https://t.co/HH1npQ9B1k https://t.co/tWV2pcastY,0
إرهابيو جبهة النصرة والفصائل المتحالفة معها يفجرون سيارة مفخخة قرب جسر الحج في #حلب دون وقوع أي أضرار أو إصابات... https://t.co/GjiO4JpPuf,0
RT @M__albugaily: قردوغان حليف اسرائيل يدعم تنظيم داعش في سوريا ومع ذلك لم يغضب عليه أحد ويهدده كما يفعل مع مصر التي تواجه الإرهاب بشكل عام…,1
@malak_alhusaini طفت 7اطلة ولاجامعه ولاوضيفة ولاشي ابي ايفون اتونس بهه,0
حيث إن أصل استخدام الكلمة كان للمجند حديثا في الجيش العثمانلي، ودا كان غالبا فلاح، ودي كانت بتعتبر شتيمة #أصل_كلمة_مصرية #لغةمصري,0
@petersemaanfans @petersemaan مهضومين مع بعض و ناجحين بالتمثيل ، برافووووو #رامي_عياش,0
أون تى في تعيش سكرات الموت وهى تتحرك خلف الشرطة والجيش لتصور علي الهواء تمثيليات القبض علي الإرهاب,1
كيف تختار البطيخة الحلوة و الجيدة😘 #غرد_بمعلومة #غرد_بصورة,0
الخارجية الروسية: محادثات حول سوريا في موسكو غدا بمشاركة وزراء دفاع وخارجية تركيا وإيران.,0
تصويت مصروالاردن يشتري غاز من اسرائيل رغم الدعم السعودي والقطريطقتين بالراس توجع ياعربقلت لكم الخطا بالاداره https://t.co/raz6CU02hl,0
سيجارك يلخم لكن يا #كاستروانا ما عارف أي يساري و لا شيوعي ليه لازم بيكون بيدخن#اسال_تويتر https://t.co/BRtMlP85lk,0
صحيفة نيسان - فتح وحماس تؤكدان توقف لقاءات المصالحة الفلسطينية https://t.co/uVHkMYVDZW#فتح#حماس,0
حرق الكنائس وقتل الناس وتعذيبهم وقطع أصابعهم وألقاؤهم من فوق الأسطح وذبح الضباط كل ذلك في نظر الاخوان من حقهم والا اعتبروا انفسهم ضحايا,1
#الواتساب_معلق,0
@nike7tennis اه بس لا رافا ولا فيدرر التنس الى اين 💔 ؟,0
اهو دا اللي صار: رائعة #سيد_درويش بصوت الجميلة #دينا_الوديدي,0
قائد ميليشيات بشار الأسد المحلية في حلب : الجيش سيتصدى لأي عدوان تشنه قوات أجنبية على سوريا: زعم اللواء... https://t.co/a3rxSg3naz,0
#عمرو_اديب نادى الزمالك ده ربنا خلقه علشان يبقى فى المركز التاني #الزمالك ربنا خلقه كدا علشان يفضل ورا #الاهلي... https://t.co/P4LEInBY1e,1
اعرف ردود فعل زعماء #أوروبا حيال سقوط اليمين المتطرف في النمساhttps://t.co/vFbA612cRN https://t.co/eK7BVITl64,0
لم يجعل التحالف العربي بقيادة السعوديه صنعاء كحلب والموصل بقصف كل شيءوهو قادر على ذلك ليعرف العرب واليمنيون هدف التحالف اعادة الشرعيه #اليمن,0
هذا الفيديو لمن يريد الاحتفال بالنبي صلى الله عليه وسلم https://t.co/kbaKQQ7Rzz #الدعاء_الدعاء_لاهل_حلب#ستبقي_حلب… https://t.co/0EVqjLVpp0,0
@Elseemaroun الفقيد الغالي جبران تويني رجل حر وهو أول من عارض وجود الجيش السوري المحتل في لبنان  #وفاء_لجبران,0
#فيفي_عبده_الام_المثالية زمن المؤخرات هزها واكسب عزها,1
ريال مدريد يفتتح حضوره بمونديال الأندية بمواجهة كلوب بحثًا عن التأهل للنهائي https://t.co/kyfDHsDY1d,0
جمال عنايت شاكرا #عمرو_أديب: ستظل اسما له قيمتهhttps://t.co/scpyoGdG5V#فكره_لمصر_تتقدم_بيها… https://t.co/tNYE7xEzA4,0
RT @WBedaiwi: #صيام_تاسوعاء_وعاشوراء  قال رسول الله ﷺ:( أفضلُ الصِّيامِ بعدَ رمضانَ ؛ شهرُ اللهِ المُحَرَّم وأفضلُ الصلاةِ بعدَ الفريضةِ ؛…,0
عندما تجتمع ثرثارة المستقبل مع سخيفة النهار! الله يرحمك يا #جبران_تويني https://t.co/8s4ba0Dj4G,1
وهّاب يستعرض «سرايا التوحيد» بحضور «حزب الله» ويتحدّى جنبلاط https://t.co/1nfgMr07ql,0
🔴 #موسكو: الامم المتحدة لم ترسل اي اقتراح لايصال مساعداتها الانسانية بعد تحرير #الجيش_السوري لـ40% من احياء شرق حلب,0
أيها الملحد، لو نمت وحلمت بأن الإسلام سينتهي فعليك أن تصحو من نومك وتعتذر. https://t.co/AmHJrjqaVK #زواج_مسلمه_بملحد,1
@Kalmuqdad لو نسأل خامنيئي و بوتن و نسأل بشار نفسه سنجد أنهم غير مقتنعين ببقائه.وكأني أسمعهم يقولون من أشد منا قوّة ولكن الكبر منعهم.,1
شكرا جزيلا على الترجمة وتحياتي للأستاذة نادين،هو بس في آخر فقرة اللي قايل المقولة شاعر العامية ابن عروس وليس عمرو ابن العاص,0
@samar505099 ..شوفي حال المرأة في بلاد الحضارة والتقدم.⬛ ارتفاع عدد حالات الاغتصاب في بريطانيا ⬛.https://t.co/FnCW1OwNX8,0
صوت زخات المطر وهي تهطل على #بنغازي. https://t.co/nRk5ZqQ44q,0
احنا اسكندرانية ونعجبوك,0
ماذا سيفعل سلمان و أحلافه يا ترى في #إسرائيل و قد منعوا الآذان في #القدس ؟!https://t.co/oaJJtOqYdZ#السعودية… https://t.co/qLV9alEuTm,0
ﺗﺨﻴﻠﺖ؟؟ﺇﺣﺴﺎﺳﻚ ﺇﻳﻪ ﺑﻘﻲ!!ﺧﻠﻴﻚ ﺭﺍﺟﻞ ﻭﻗﺪﺭ ﻣﻌﺎﻧﺎﺓ ﺍﻟﺒﻨﺖ ﻓﻰ ﻣﺠﺘﻤﻌﻨﺎ ﺩﺍﻓﻊ ﻋﻨﻬﺎ ﻭ ﺣﺎﻭﻝ ﺗﺨﻔﻒ ﻣﻦ ﻋﻠﻴﻬﺎ ﻣﺘﺒﻘﺎﺵ ﻋﺎﻫﺔ ﻣﻦ ﺿﻤﻦﺍﻟﻌﺎﻫﺎﺕ ﺍﻟﻠﻰ ﺑﺘﻮﺍﺟﻬﻬﺎ #ﺍﺳﺘﺮﺟﻞ,0
نجم روما: ”ميسي خامس أخطر مهاجم واجهته”، فمن هم الأربعة الآخرون؟؟ رابط الخبر : https://t.co/UMWsyZPVPR,0
المرأة هي سر توازن الحياة وسر جمال الكون ومصدر المحبة والرحمة في هذا العالم كل عام وأنتن أقوى وأجمل وأفضل #يوم_المرأة…,0
رئيس الحزب شايف ان اليمين المتطرف ممكن ينفر الناس من الحزب و ممكن يقلل سلطته ، و شبه كل الأحزاب ممثلينها بيدعوا للانفصال من الاتحاد الاوروبي,0
#شوقي : ولد الهدى فالكائنات ضياء وفم الزمان تبسم وثناء/ اللهم صلي وسلم على سيدنا محمد وعلى اله وصحبه وسلم #بكفي_حصار #اضبطوا_شركاء_المخلوع,0
#الدوري_الاسباني بالفيديو : نيمار يتسبب في احراج صحفيي برشلونة https://t.co/lZEi7AWg68 #برشلونة #ريال_مدريد,0
تقرير مصور.. صف مدرسي للأطفال المرضى بمشفى في #القدسhttps://t.co/En2syHC5Bu#اسأل_أكثر,0
@liliandaoud ربنا يديمها ويعطيها الصحه وطولة العمر #فيروز كل سنه فيروز معانا,0
@SalmanAldosary @ALyemenNow صح النوم!! عاصفة الحزم أقضت مضاجعهمأين دوركم الإعلامي بالرد على التهم والكذب على السعودية في الإعلام الغربي؟,1
سكايب يطلق نسخة على نظام ويندوز 10 للهواتف الذكية https://t.co/VlqsypwveK,0
عمليات الأنبار تحرر جزيرة هيت بالكامل من مجرمي داعش  إذاعة #البيان  https://t.co/e2AkVg9QYi :,0
بتضحكني فكرة إن إخواني أو سلفي يقولك أنتم أتفه من أن نهتم بكم مع إنه بايت تقريبا طول اليوم على تويتر يبعت منشنات شتيمة وتكفيرمن التافه إذن؟,1
دونالد ترامب صايع و لسانه خارب مش عارف كيف يبي يحكم أمريكا,1
RT @skynewsarabia: القوات السعودية تصد هجوما للحوثيين على #جازان | #سكاي_أخبارhttps://t.co/4cbMVzMcw4 https://t.co/6P4gRBLSpE,0
#المجتمع_الدولي_بين_الصمت_والخذلاناللهم عجّل لاخواننا في #حلب بفرج من عندك اللهم آمين يارب العالمين https://t.co/gX4z2qtrn6,0
متحمسين جدا للشخصية الجديدة على #حمد_العماني بعد نجاحه في شخصية #يوسف في #توالي_الليل الجمهور ما راح…,0
ننتظركم في بوثنا في Coffee Day  المقام في الجامعه العربيه المفتوحه يوم الثلاثاء 20/12/2016حياكم الله… https://t.co/UUrhknzM4A,0
عاجل ..جيش الاسد و حلفائه يروعون دجاجه مع ابنائها 😂😂😂 اين المجتمع الدولي اين قناة الجزيره اين قناة العربيه عن هذه ا… https://t.co/Gx7Vohsl6k,1
السادة الأفاضل بجريدة المصري اليوم عن الخبر المنشور حول إلغاء ندوة لي بنادي الشمس للدعاية الانتخابية الخبر غير صحيح,0
#صور للشاب عوني مازن الشخشير الذي اعتقله #الاحتلال قبل قليل، على حاجز زعترة جنوب مدينة #نابلس.,0
"@arwa99000 غوتشي عود ما عليه كلام "" ملكي "" ينفع للرجل والمرأة على فكرة، وريحته قويه وتجذب",0
هيلاري كلنتون يوم كانت مراهقه 🌝1969 https://t.co/vHPCC3mmzc,0
أشارك في وقفة صامتة بالإسكندرية يدعو إليها شباب مصر تضامنا مع ضحايا التعذيب وإدانة لتلك الممارسات,0
اخبار الكرة السعودية : إيران تفوز بصعوبة على كوريا وتتصدر مجموعتها https://t.co/0dyilLq4zN,0
ارمـــــــــلة شابه مــــــــقيمة للـــــــــــــــــــــــزواج ولا مانع من التعدد  https://t.co/kkIwI8McOA,0
كيف تقوم بإنشاء نسخة ويندوز وهمية للطوارىء ( ويندوز انقاذ ) !: تكلمنا من قبل عن ان سطح المكتب فى اى نظام تشغي... https://t.co/aXbTSQ08n6,0
المدير العام لمؤسسة التلفزيون محمد الطراونة كتب عبر صفحته الشخصية على موقع فيسبوك أنه سينهي عمله كمدير عام مع... https://t.co/98WbAFMEXf,0
باراك أوباما يلقى الكلمة الافتتاحية للاجتماعات ... https://t.co/HrY2fx17I3 https://t.co/VUTuItkUwZ,0
@AlsopeyAli ممكن تشتريه من موقع أمازون أو من محلات معالجة المياه,0
#غرد_بذكر_الله #اذكر_الله #حصن_المسلم,0
#صور:جيش #الاحتلال يداهم منزل المواطن محمد غنام ويسرق 3 آلاف شيقل وحصالة طفله ويقوم باعتقاله وتحطيم مدخله في قرية ر… https://t.co/no8841hN7Z,0
"صوت العراق - Voice of Iraq - يجب على العبادي برد "" بوتيني "" محترم على اردوغان بقلم: مهدي قاسم https://t.co/vQRJ4UmcQ0 via @sotaliraqcom",0
من العنصرية أن تؤمن أن العربجي مهنة دنيئة عيب على ذقنك يا شيخ,1
@F2isI رغم الحظ اللي وقف ضده مع ريال مدريد الا ان اجمل فريق شفته معه ٢٠١٢,0
لن تسكتوا صوت الآذان الله اكبر ☝❤#فلسطين حسبي الله عليكى اسرائيل https://t.co/G0mV1WFNXr,0
طقس العرب صايرة توقعاتهم دايما غلط 😒😒,0
جبر11ن: الصوت اللي ما بيموتhttps://t.co/q2daqZB3Ae@LbciLebanon#هوا_الحرية #مين_قتل_جبران #جبران_تويني@Annahar https://t.co/AL9MCZcS1w,0
RT @aitnews: #أمازون ترسل رسائل بريدإلكتروني للعديد من مستخدميها لإبلاغهم بأنها قامت بتغيير بعض إعدادات الحساب بسبب بعض التسريباتhttps://t…,0
إعجاب #ترامب بالكرملين.. ولع قديم من الرئيس الأمريكي الجديد بـ #موسكوhttps://t.co/DIF1GCbd83,0
RT @Bani_Omaia: إن سمحت تركيا والسعودية وقطر بسقوط #حلب و #الموصل بيد الإرهاب النصيري الصفوي الروسي فلا تفرقن عندئذ عن داعش وغيرهالا مجال…,0
وكالة الأناضول للأنباء/ #الناتو: ندعم حق #تركيا في امتلاك منظومة دفاع جوي بعيدة المدى  - عبر نبض @NabdApp https://t.co/U9BllTgMQ5,0
"وحدة الكيانات العربية هي جزء من أمنك القومي وحفاظاً على وحدة كيانك,إن لم تعي ذلك #…",0
كما خرج كسرى والروم والتتار من قبلكم ، سوف تخرجون آجلا أم عاجلا وتجرّون أذيال الخيبة والهزيمة والعار .#ستبقي_حلب #حلب_تباد,1
قصة إن ده رئيس منتخب ولازم يكمل باطلة والدليل الأرجنتين ونيكسون اللي استقال لما كذبماهياش عافية لو فشل وعاند وصمم يخلف وعوده هيعطل البلد,1
#عمرو_أديب 😂😂😂😂😂😂😝😝😝😝😝😝الزمالك ربنا خلقة علشان يكون فى المگز التاني #الدوري_لونه_احمر,1
شاهد بالفيديو...بشار الأسد أنا لست سوبرمان ..والاخطاء ترتكب في الحروب! https://t.co/mhJJXcBAOZ,0
حتى لا يعمّ الفرح: المطالبة بمنع مباراة إيران وكوريا ليلة عاشوراء https://t.co/kvIjOhlECh,0
RT @hamad_alharbi11: #الأرجنتين من غير ميسي مو مترقع 😏,0
لاول مرة منذ 13 عام يكون روجر فيدرر و رافا نادال خارج المراكز الاربعه الاولى في تصنيف الاتحاد العالمي للتنس !! https://t.co/4SRCvXnX5L,0
Retweeted Almogaz (@Almogaz):سياسي إماراتي: عودة #أحمد_شفيق تمهد منافسته بانتخابات الرئاسة 2018... https://t.co/IhwUcyyh9p,0
https://t.co/xmUOkhBEcr قناة يوتوب الجهر بالالحاد الحلقة 210هل داعش تمثل الإسلام ؟؟؟؟؟. الجزء 4مع الملحد سامي التونسي Ramzi Allouchi ❤❤,0
حواري مع النجمة الذهبية #نوال_الزغبي على صفحات جريدة الوطن وتصرح: الآن أصبحت ناضجة! @NawalElZoghbi @al_watanQatar… https://t.co/7nsn4LZUXH,0
أيها الغيورون على القانون هل سمعتم عن تهريب المتهمين الأمريكان و14 الف مدني في السجن الحربي وإعلان دستوري باطل يمنح الحكم للعسكراين كنتم ؟,1
شاهد (عاجل)بعض ذوي إرهابيي أحياء حلب الشرقية يغادرون الحافلات المتوجهة إلى غرب حلب ويطلبون من الجيش السماح لهم... https://t.co/Zp7X2sBXD2,0
مفروض شباب الإخوان ينزلوا بكرة يطالبوا بإقالة النائب العام الفاسد اللي ضيع حق الشهداء وأفرج عن المتهمين,0
#ناشرون_الأخبارية : #حمدي_قنديل قانون الطعن فى العقود دا خلانا طراطير والشعب طرطور والحكومه ومجلس الدوله والشعب طرطو,1
حملة هيلاري كلنتون تؤكد وجود سماسرة اردنيين يشترون اصوات لترامب وخصوصا باوهايو 😂,0
موسكو ستطلب من الناتو ردودا بناءة https://t.co/LR5uVgzjJP https://t.co/tYillesiuS,0
RT @qertyui5521: #شرك_الرافضه_في_عاشوراحتى الاطفال الأبرياء لم بسلموا من خزعبلاتهم حسبي الله ونعم الوكيل فيهمالحمد لله رب العالمين ع نع…,1
"اسكندرية تحذير هام جداً جداً وصلتنا رسالة تحذير بخصوص حالة ""ثبيت وسرقة""",0
#الأمم_المتحدة و #التعاون_الإسلامي تؤكدان أهمية التصدي للأيديلوجيات المتطرفة https://t.co/zTMIxOMPbr #نيويورك #السعودية #الشرق,0
دونالد ترامب اجتاح كلينتون وتفوق عليها وكشف فضائحها واعلن عن تأييده للجيش السوري في مكافحة الارهابيين الذين... https://t.co/bajYGW2dXX,0
قوات خاصه سعوديه وفرنسيه في تمرين مشترك في مدينه بميير بفرنسا#تعز#صنعاء#اليمن#نجران#سوريا  https://t.co/lbCCFKbNnm,0
شمعة الكترونية لمستخدمي أجهزة أبل https://t.co/7LGaXxM2Yt https://t.co/g6YfOex1I2,0
هاد #MannequinChallenge لحد الأن ماعرفتش علاش تدار 🤔,0
اخبار برشلونة اليوم Tuesday 11/10/2016 : طفلة برازيلية بدون ذراعين ترفض هدية نيمار! https://t.co/BfjZRvnxWG,0
و ميريام فارس .. ربداوية https://t.co/gElLPVYEGN,0
 يعلم #الأقصى أن يوماً سيأتيه رجال يحبُون الشهادة كما يحب المُـتخاذلون الحياة ! #فلسطين ,0
#الاقتصاد #أستراليا و #فرنسا ستوقعان صفقة غواصات بأكثر من 36 مليار دولار غداًhttps://t.co/MkH8zMW5Md https://t.co/PsC3HG9G65,0
RT @ma456nal: خطاب الكراهية من مشائخ الإرهاب أنتج أجيال تكره بلا سبب ، ومستعدة للموت لا من أجل بناء حضارة ، بل من أجل تدمير منجزات الآخرين…,1
لا اعلم كيف يؤمن المحاضرون بالندوة بالعلمانية في ظل ابتعاد جميع دول العالم عن مفهوم تطبيق العلمانية وتصاعد اليمين المتطرف في اوروبا2️⃣,0
#كيري: ندرك أن الوصول لحل مستقر ودائم يتطلب تنازلات ونشجع كل الاطراف للسعي لحل وسط يركز على صالح بلدهم ومستقبل أفضل لشعب #اليمن. 4/4,0
#MannequinChallenge  انت اسوأ حاجة حصلت فى 2016,0
@h_akseldihya @AlmuhanaJawad @DrAl_Lawati #الملك_محمد_السادس سيرمي جثث جنرالات فرنسا في البحر وسينصبه الشعب الجزائري المسلم ملكاً للبلاد,1
إنت ماسرقتش دار الشروق إنت سرقت الأستاذ أحمد بهجت وأسرته على فكرة لإن المؤلف هو المستفيد من حقوق النشر,0
ينشط باسم السبع ونهاد  المشنوق ليكونا عرابا التقارب مع حزب الله من وسط حزب المستقبل,0
أم حامد ابو حامد الاخت الى بتبوس ايد البابا بتهاجم وزير الداخلية وبتهدده بأمارة أيه يا بطوطة,1
فيسبوك هيستوري دي هتبقي حاجه مرعبه كمان 20،30 سنه .. لما تلاقي هيستوري ليك بالبعد الزمني ده هيبقي الوضع مأسوي والله,0
#بصـراحـه في آلعمر حكاية واحده فقط نجد فيها وطن حقيقي ومادونها مسرحيات متعدده نؤدي دورنا فيها ببراعه,0
مورينيو يحارب ريال مدريد و برشلونة في صفقة جديدةالتفاصيل: https://t.co/bnUlyd5nBl#إبداع_الملاعب https://t.co/WqVXIyXWXi,0
اي انهاك..... حزب الله استعرض على ارض #سوريا بالسلاح الثقيل مدرعات و دبابات و ناقلات جند فقط ينقصه الطائرات الحربيه… https://t.co/UkJNF1Ldr4,0
"RT @forcabarca_ar: تصريح سابق لفينغر :""ميسي لاعب بلاي ستيشن هو وحده الذي يجعل الأشياء المستحيلة ممكنة"" https://t.co/Iatrnan9VO",0
ملاحقة باسم يوسف وزملائه من الإعلاميين بتهم لا تعرفها الا الأنظمة الفاشية هو استمرار لممارسات قبيحة و بائسة لإجهاض الثورة التغيير حتمي,0
الهيئة الخيرية الإسلامية: رئيس مجلس الأمة تكفل بإجلاء عشرات الآلاف من النازحين السوريين من حلب إلى مناطق سورية آمنةhttps://t.co/nQ2TqNIcOt,0
#شاهد | مصلى البراق.. عبث الاحتلال لا يلغي التاريخ#القدس #المسجد_الأقصىhttps://t.co/eVi51HmvXg https://t.co/gKjMyusHVj,0
ديلان: ما زلت في دهشة الفوز بجائزة نوبل https://t.co/ehge3YsgMz#بوب_ديلان #جائزة_نوبل https://t.co/zfY4ZAYcS7,0
التميمي: مبادرة #كيري هدفها الإطاحة بالشرعية وتثبيت الانقلابhttps://t.co/5PfNjdyeRM,0
الأصول الفكرية للمناهج السلفيةعند شيخ الإسلام ابن تيميةخالد عبدالرحمن العك.#معرض_الكويت_الدولي_للكتاب.السعر (… https://t.co/FQT158Btxx,0
"RT @HA_alshami05: أهلنا في #القلمون_الشرقي : أبشروا بما يسركم؛ فإن أبناءكم وإخوانكم المجاهدين يثخنون بعصابة #داعش قتلاً حتى استئصالهم""بإذن…",0
ماذا لو قاطع العرب #الصين اقتصاديّا!هل ستقف بكين مع بشار وتمده بالمساعدات العسكرية كما حصل مؤخرًا(لمن لايعلم  )!والفيتو ضد الشعب السوري !,0
تعريص #برهامي ووساخة حزبه والدعوة السفهية بدأوا من يوم ما دعموا #أبو_الفتوح مش حاجة مستجدة !,0
في بنات مستحيل تحط صورها على الفيس لو هيقتلوها ، بس تويتر عادي !! عن #الازدواجية اتحدث,0
وزير البيادة نائم داخلها قرعة المونديال فى القاهرة وليست فى الاقصر كما قال الكذابون,1
احترامنا للجميع لكن من لديه مشكلة مع صوت عاقل متزن كصوت __ لديه مشكلة حقيقية,0
😘 انتِ قصة عشق لا يفهمها الا النجوانيون #هلا_فبراير #,0
الحمد لله الذي هزم حزب اليمين المتطرف في النمسة  👏👏👏👏👏 https://t.co/jZNanr0fiV,0
لقاء جمع بين جعجع والحريري في بيت الوسط - https://t.co/nVazuT1C03 https://t.co/4myBmsMZYi,0
"""_4: #هلا_فبراير #اليسا على روتانا مصريه :) الواحد كان مخنوق و فرفش"" :-* ;-)",0
التقى الوزير #كيري مع العاهل المغربي، الملك محمد السادس، خلال مشاركته في مؤتمر الأطراف بشأن المناخ #COP22 الذي انعق… https://t.co/xXmHTZkTn1,0
ريكي مارتن كان قبل يعجبني بس بعد كلامه حسيته مقرف يلوع بالجبد😷,0
يجب أن نبدأ حملة توعية لحث الناس على التصويت بكثرة لأن ذلك ف,0
#معرض_الكويت_الدولي_للكتاب يستعرض جهود دارة الملك عبدالعزيز في المحافظة على مكتبات الأفراد https://t.co/Ml1vyjsBRD https://t.co/pHebtPxv1w,0
#مصر لا يوجد خبر أسخف من حل الإخوان ما جرى منذ الانقلاب أسوأ كثيرا من الحل ،البلاد بلا دستور ولا قانون واختطف …,1
تعبان يا دكتور عايز اتعالجهات فلوس الاول علشان اقولك عندك ايه ١٠٠جروح هات الدواء ده المندوب قال هيطلتونا فرنسا لما نصرفه,0
@meshaluk @m_altayer @spagov هي نزلت لمستواه لان الاعلام الغربي وغيره يراه ناطق رسمي,0
شكرًا جزيلا,0
"مبادرة ""من انهاردة مصرى"" دعوة للتعريف بالمنتج المصرى بدل المستورد ومحاربة غلاء الاسعار#كل_يوم | #ON_E | #عمرو_اديبhttps://t.co/OL9UZlWvUw",0
RT @Lionel__FCB: في تكتيك لو يستخدمه الشايب العايب باوزا اضمن انهم بيفوزون بالراحة ، يوريهم بين الشوطين الصورة اللي نزلها ميسي و شف الحماس…,0
فيديو: الأمير خالد الفيصل يدعو الرئيس اللبناني ميشال عون لزيارة المملكة https://t.co/8wUuo8Xr1a#فيديو24 https://t.co/Dx2WmUuOel,0
@faisalzedan عندك حق امال أحمد الشيخ حياخد فرصته امتا يا أستاذنا,0
نستعرض معكم في هذا الموضوع 3 تطبيقات ويدجت بسيطة ومفيدة لنظام #أندرويد#نصائح_تقنيةhttps://t.co/Q3KPCTcDE0,0
محدش عندو #ضحكة سلف ! :( :- :-,0
@nowarkn سالي غوغل,0
#القدس المدينة الأفقرمقال أحمد جميل عزمhttps://t.co/34o2rku9uc#الغد #الاردن #فلسطين https://t.co/QXXwN1MBo9,0
رد حكيم من الاستاذ #عادل_إمام على مذيعة مهرجان قرطاچ ستظل قيمة وقامة كبيرة لمصر . #محمد_رمضان  https://t.co/aI5EqDPJpB,0
الناس المؤمنين بالسحر كان لازم نوضحلهم ان هاري بوتر مو فلم وثائقي,0
RT @jdhdhfjf: سحب على 3ايفون7الشروط :1 ريتويت+تابعنياكتب تم داخل الهاشتاق #3_ايفون_من_ولهان  السحب الاربعاء  🙏🏽   https://t.co/f5shy8hl…,0
يتساقط في هذة الاثناء نفناف من الثلوج في معاصر الشوف #جبل_لبنان 1300متر @wafaa_kanso https://t.co/ywOBI8DkX2,0
48670715 _ من سنة 92 بدأت الكتابة ضد إستبداد مبارك وضد التطرف الديني أيضا وماكانتش لسه المعارضة رخيصة وبتلم,1
#الببلاوي : #السيسي هينهي #حكم_العسكر و #مبارك راجل وطني !!! و انا احب اقولك انك #ابن_وسخة,1
#روسيا القاتلة و..#واشنطن الكاذبه 👹 https://t.co/8irIa36Emu,1
كوباني كانت مأوى لكل السوريين ..استقبلت كوباني الآلاف من النازحين من مختلف مدن السورية .. ولكن الكتائب المرتزقة... https://t.co/jPiTPoYUfO,0
#مصر || الشيخ : الأشعة أثبتت سلامتي #احمد_الشيخ https://t.co/4JlmmglX1k (كلمتي),0
فيديو | مذيع يفسد قصة شعر دونالد ترامب بأحد البرامج التليفزيونية على الهواء .. تعرف على السببhttps://t.co/pgDEQwdFaw,0
@HawaEl7orriyeh #جبران_تويني الجبان اللي اخذ جسد جبران مش ممكن يسكت صوته اللي بعدو برن بالاذن..,0
#اليمن_العربي: ملابسات ودوافع إعلان #الهدنة من #التحالف.. وعلاقتها بالإتفاق مع #كيري (تحليل خاص)التفاصيل ◄… https://t.co/7YQomfEMnV,0
اعرب مسؤولان كبيران في #الامم_المتحدة السبت عن شديد الحزن والصدمة للتصعيد الاخير في العنف في #سوريا وحضا على... https://t.co/eS7sZTaFd9,0
RT @roujrF: #افضل_مباراة_تنس_شاهدتهاويمبلدون فيدرر ٢٠٠٨,0
انسة ســــــــــــــورية مقــــــيمة بالســــــــــــــــعودية   https://t.co/dNxeiJKVQF,0
#الجيش_السوري يحرر أحياءً جديدة.. ولافروف: كل الجماعات المسلحة تخضع لـ«#فتح_الشام» https://t.co/uyiavtKDAw,0
ميسي قاعد يتابعكم الحين على القليل احترمو هذا الشي يا عاهات 😑😑,1
ضِحكتها تعطي بالحسن مِية قصِيدة. #اليسا😍✋🏼 https://t.co/KCV5P5C1EU,0
صراحه يعني اجواء الـ #Christmas تجنن 🎅🏼🎄 احس عيدهم يوسع الصدر ☹️️❤️ https://t.co/MmJJOrym8w,0
استقبل مدير الجامعة ........ فازا بالمركزين الأول والثاني في مسابقة حفظ القرآن الكريم#اليوم_العالمي_للّغة_العربية,0
"شركة فرنسية تقاضى ""أبل"" لإجبارها على فتح الآيفون للمتصفحات المنافسة https://t.co/RJZQSweXxk #البحرين #الكويت #السعودية #الإمارات #قطر #عما…",0
RT @BMA_6: #افضل_مباراة_تنس_شاهدتهافيدرر ضد جوكوفيتش نص نهائي فرنسا https://t.co/nT6mL7FPaI,0
بيتي انا بيتك وما الي حدا #فيروز,0
فيسبوك تتيح لعب كرة السلة عبر مسنجرhttps://t.co/bpFufca1uP #اختراق #حماية #هاكر,0
شاهد - آخر كلام: لماذا مليونية الجمعة 8 يوليو # والد أحد شهداء,0
RT @EHSANFAKEEH: قرقاش يقول: الإخوان وراء الضجة على #مصرونُشطاء يرُدّون: هل #السعودية منهم؟يكاد بعض القوم يفقدون صوابهم😂 😂 😂اقرأ👇🏻https…,0
@A_alkhulaify @MidoAlhajji جداً جميلة اغانيه بوب ديلان يوصف الفن الامريكي القديم ،، 💛💛👌🏼,0
RT @emad_AlMudaifer: هل هذا تهديد؟أم تبرير؟الإخوان المسلمين مصنفة كجماعة إرهابية في المملكة.. من يتعاطف معها أو يبرر أو يدعوا لها يطبق بح…,0
#الرياضة لويس انريكي يفكر في إشراك أومتيتي كظهير أيمن: يواجه لويس إنريكي أزمة جديدة تتمثل في اختيار لاعب لِشغ... https://t.co/TEBn91afE0,0
@Abdulkhaleq_UAE  شكلك تستهبل ياعبدالخالق بوتن !تريد من ثوار #سوريا الأبطال الإعتذار ع قصفهم للمحتل الروسي !!عجبا لإنسانيتك القذرة,1
الإرهاب نهايته 'مزبلة التاريخ',0
"جنوبي السعودية : اعتراض صاروخ باليستي ""حوثي"" - https://t.co/flI3wxPYvn https://t.co/idlF3YJkDO",0
طقطقه وتجربة حلوة 😍😍#mannequinchallenge https://t.co/xIaOZilFMX,0
جان أوغاسبيان ، وزير الدولة لشؤون (المرأة) رجُل في حكومة لبنان !! شف الاسم وشف المنصب ، موب موب عندنا (العرج) وماسك تماسيح وتولجوه نزاهة 😂,1
احد قد جرب يشتري قهوه من اي هيرب ولا امازون يتفضل يساعدني 😓,0
اوقات جميلة قضيناها بصحبة الدكتور محمد العوضيأثناء تشريفه لنا بزيارة جناح #دار_الفكر في#معرض_الكويت_الدولي_للكتاب https://t.co/3a26Yyfk10,0
@BBCArabic العرب صامتون صمتا مخجلا لا يقل خجلا عن صمت المجتمع الدولي..للاسف المال الخليجي اصبح لا يشتري المذاهب والطوائف فقط بل الصمت الدولي,0
هذا ما قاله جبران تويني لمروان نجّار في آخر لقاء بينهما.. - https://t.co/dtzQujvY3F https://t.co/ovoRlTXvAj,0
بوابة السماء #الصينتقع في جبال تيان منشان في مقاطعة هونان الصينية...#شاهد #صاحب_تويتر_فولورزالتلات… https://t.co/7l0s80yLFS,0
@T77Sari شف التواريخ أنت مريض .. قلنا لك الروسي 💰وتشلسي مو فريقي أنا مع كونتي فقط.. يوفي ريال مدريد اللي اشجعهم.,0
@l_G_O_Nنفس العالمالقصة قبل هاري بوتر بـ70 سنة عن بروفيسور معاه شنطة فيها مخلوقات عجيبة طرد من هوقوورتس وسافر لنيويورك وتبدأ القصة من هناك,0
اقترح وزير الخارجية الأميركي جون كيري على المعارضة السورية المشاركة في انتخابات تشمل الرئيس بشار الأسد، وقال إن... https://t.co/Hkj5dDjhMl,0
اللهم إنك رزقتنا الإسلام من غير أن نسألك فلا تحرمنا الجـنة ونحن نسألك .. آمين,0
عن ابن عمر رضي الله عنهما عن النبي صلى الله عليه وسلم قال: [ اجعلوا في بيوتكم من صلاتكم ولاتتخذوها قبورا ] #ريال_مدريد,0
اليمين المتطرف يخسر في النمسا.. خارطة أوروبا السياسية يعاد تشكيلها من جديدhttps://t.co/q4HEP2cv1h https://t.co/OpzliF3K7P,0
#عادل_امام احنا فقدنا فنان كبير#محمود_عبدالعزيز #adel_emam #fans_adel_emam #قروب_محبي_الزعيم_عادل_امام #et_بالعربي  https://t.co/R3NO5BEwG8,0
الحريري يولم في بيت الوسط على شرف المسؤول الفاتيكاني للشؤون الثقافية01/12/2016اقام الرئيس المكلف سعد الحريري،... https://t.co/hPxKZuV69O,0
بعد دقائق يتحدث حبيبنا دعبد المنعم أبو الفتوح على قناة الحياة عن رؤيته للاوضاع الاخيرة فى مصر ومسقبل البلد,0
وحشتني أيآمك أوي..مآ تقلي هـو مآ فيش طريقة فيها انساك اوي؟#اليسا https://t.co/gPqUNeCeun,0
@sadona_batoga غوتشي ام جيفنشي! هيا ابتعدي هناك,0
فخورة بكِ يا صديقتي، ومعك دائما، حتى وأنتِ تغردين خارج السرب 💕#معرض_الكويت_الدولي_للكتاب#كتاب https://t.co/PeKs0f45tp,0
@amrmsalama @EGYPTAIR الشركة دي فاشلة جدا وانا مسافر قدموا الطيارة ساعة ومحدش بلغني ولا اتصل بيه خالص وعرفت بالصدفة,0
قالها جستن بيبر ؛ انا مو ولهان انا انا دنيا من الوله 🌚👌🏼,0
كانت حلقة بتجنننن وكلامك أكتر من رائع، ضحكنا أوي 😂😂 واستفدنا كتير بنصائحك 👌 الله يحميكي 🙏😘❤❤❤#في_بيتنا_ضيف… https://t.co/ky7s4uah7y,0
#اوعى_تنسى عاشوا رجاله وماتوا اسود :(,0
لما اشوف هيلاري كلنتون ودونالد ترمب يتهاوشون اتذكر فام the campaign,0
"#وشوشة بالتفاصيل ..."" وشوشة "" توضح حقيقة ما حدث مع محمد رمضان وسيارته https://t.co/u6amt5S4Bc https://t.co/xHNiigDMxX",0
اللي داروه في #بنغازي حتى الصهاينة ما داروشي. الله يفتفتفكم 🙏🏻,1
التعويذات المذكورة في سلسلة أفلام هاري بوتر هي كلمات حقيقية ، من لغات مختلفة ، وكلها تأتي بصيغة الأمر بنفس طريقة التعويذات السحرية,0
في تضليل اعلامي ممنهج ؛ المتحدث العسكري يسمي ما يقوم به الجيش من تفجير وحرق ومصادرة لأملاك أهالي #سيناء ( أعمال قتالية ) …,0
@WAZJ81 @a4EaA6ogaKArvKT @hjab2030 @a_1k2 العصابة الوهابية تحارب جبهة النصرة وتركت جيوش المجوس تسرح في حلب ههههههه,1
د عبد المنعم أبو الفتوح: أبعث بتهنئتى وتحياتي الى شباب الثورة الذي مازال يدافع من أجل استمرار مسيرة الثورة,0
نقل إعلان مؤسس #ويكيليكس المهم اليوم من لندن إلى برلين، وسيخص بالذكر هيلاري كلنتون التي اقترحت مهاجمته بطائرة بدون… https://t.co/zYmh9yvCHR,0
الى من الغوا عقولهم و قالوا ان فيديو القصاص مفبرك الفيديو الاصلي اهوايام ترشيح خيرت الشاطرلم ادعي في الحلقة ان مرسي كان رئيسا وقتها 1,1
"2-والمواقع مثل امازون "" جولي شيك "" شيئين "" علي اكسبريس "" حجوزات الفنادق ""بوكيق"" والطيران كلاً من الامراتي والقطري والكثير",0
"سعيد بمجهود صديقي شادي شريف و فريق جمهورية تي في , ومبروك على البرامج الجديدة لابراهيم الجارحي و حسن حامد",0
@naji1290 @aliye2055 حزب حق نكت قال الله وقال الرسول حصله قصه مع الرسول حصله مع خديجه نفسي اعرف اش دريهم بالمواقف اللي تحصل مع الرسول,1
RT @rahimmoheby: #إيران.. هجوم جليلي على حكومة #روحاني: أرصدة الثورة او نهابون.https://t.co/xQ2ryjPUg1  https://t.co/CeXrLN0dC9,0
الإتحاد الأوربي قوي إقتصاديا ضعيف عسكريا مقارنه بأمريكا وبريطانيا وروسيا لكنهم رغم ضعفهم أجبروا أميركا وبريطانيا للتحالف معهم بحلف الناتو!,0
هو بس سؤال رفيع للإخوان: بالنسبة لرجال الأعمال اللي كان رئيسكم بيكلمهم بكل حنية ودلال مش دول برضه الفلول اللي صدعتونا إنهم بيتآمروا عليه؟,1
نشكرك تكلمتي بلسانا جميعا :),0
@MarzouqAlghanimألف مليووون شكر لك يا كبير على تحملك نفقات نقل النازحين السوريين.يوم بعد يوم تثبت إنك أنسان و قيادي و محنك شكراً بوعلي 🌹,0
RT @M_R_Z_EHS: #عاجلالعبادي لـ #اردوغان : لسنا نداً لك وسنحرر ارضنا بعزم الرجال وليس بالسكايبي..قصفه الذيب✌😆😂😂😂#اردوغان_ألزم_حدودك #e…,1
#مباشر_من_رابعة|#ستبقي_حلب#شاهد طفل سوري يلقي قصيدة مؤثرة وهو يبكي فليذكر التاريخ .. أعداد الصواريخ .. تقتل... https://t.co/ZPZS9jikYz,0
RT @ajmubasher: الآن .. كلمة للرئيس الأمريكي باراك #أوباما أمام حشد من مؤيدي هيلاري #كلينتون مرشحة الحزب الديمقراطي في انتخابات الرئاسة الأ…,0
#الحمدلله_علي #كل_حال,0
حسبي الله ونعم الوكيل 😥😥😢#بنغازي 💔,0
اغنية جونقكوك تحسوها زي كونسبت اغاني جستن بيبر من كثر مايحبه ويسوي كوفرات له اغنيته طلعت زي اسلوب جستن في اخر البوم له,0
RT @thenewkhaleej: هل حرضت (#إسرائيل) صناع القرار في أمريكا على إصدار «جاستا» ضد #السعودية؟في حالة الحجب: https://t.co/yI0KtQ83c2 https:/…,0
ما هى أفضل وظيفة فى الحياة ؟ ( مدير شركة - رئيس مؤسسة) ؟ لا والله أفضل وظيفة فى الحياة ان ربنا يشغلك عنده تدل الناس على الخير,0
"""#الهولوكوست"" أبشع جريمة في التاريخ الحديث!صوتي يا انشراح على اساس ان اللي بيحصل للفلسطينيين مش مكفيه …",1
قلك #MannequinChallenge قلك.. دا اعلان شركة فليبس قديم وفنااااان 👌🏽 https://t.co/fJV8lnLgDh,0
أسال عن حالي ايه اللي جرالي..ولا لحظه ابدا انا هنساكياما ليالي سهرت الليالي ..شاغلني انت وهمي رضاك ....رامي عياش 😍😘 #افصل_واسمع,0
"#لافروف:#الهدنة محاولة شراء وقت وإفساح المجال للمسلحين بالتزود بالسلاح والتقاط الأنفاس..هي ""استراحة للمسلحين"".#حلب#سوريا#تصريح#فيتو✋🏽",0
@iOtb__7 اخوي يشجع الارجنتين يتمنى خسارتهم اليوم عشان ميسي مايلعب,0
+ يا غزة انت فخر لينا #انتخبوا_العرص #ريتويت,1
اكاديمي يكشف أسباب صعود اليمين المتطرف في أوروبا والولايات المتحدة https://t.co/qsgBjehCLQ,0
#بنغازى العصيه تعود للحياة بعد غياب دام ما يقارب 5 سنوات الكرامه ياكبدر,0
#kw ترامب هدّد بسجن كلينتون في حال أصبح رئيساً - تقارير خاصة: عوّض المرشح الجمهوري للرئاسة الاميركية، دونالد ... https://t.co/klJ2XSLpzZ,0
#جهزوا_سواعدكم✌ يقبرني رب الله يللي خلقك ✔لبيك فخامة الرئيس الجنرال ميشال عون https://t.co/3It9hbLB9s,0
الشبكة زفت #فودافون #اتصالات #موبينيل,0
#جواز_الصالونات العريس والعروسه زي البطيخه يا تطلع قرعه يا تطلع حمرا,1
إصابة حارس برشلونة تُعيد حارس توتنهام إلى الواجهة https://t.co/bdmzijLHF2,0
#تنويه_هام#رصد_طامحعصابات أمن #حماس المرتدة تنصب كمين بالقرب من محطة البنزين منطقة ظهرة النويري شارع البحر مخيم النصيرات اﻵن#خذوا_حذركم,0
نسعد بخدمتكم وتوفير ماتطلبونه من الكتبواتس 00966594283459@TarafenMarketin #معرض_الكويت_الدولي_للكتاب#صدر_حديثاً https://t.co/RXhPRPhWs8,0
باريلارو: إسرائيل أوقفت طاقم سفينة زيتونة بشكل مخالف للقانون https://t.co/qJ8c3FniNH https://t.co/IOA7I94mdP,0
لعبة رائعة #فطحل_العربرابط اندرويد :https://t.co/d32vmDqDWdأيفون :https://t.co/ANd1G4TMI4 https://t.co/klXJj5Bv6I,0
كيف تفكّر روسيا سياسياً وعسكرياً في سوريا؟https://t.co/OLJv5xQhLd#سوريا #روسيا_واميركا,0
إمام مسجد سيدي جابر طلع علي المنبر و استقال و قال الأوقاف عايزاني بالعافية اوجه الناس لتأييد قرارات الرئيس في الخطبة,1
نصر محروس,0
المرابطون في المسجد الأقصى الشريف نصرهم الله يحيون مولد النبي ﷺ: #ربيع_الأنور #المولد_النبوي #المالد https://t.co/Xt3C1TPsjm,0
ألمصريين أحرار !!!!!,0
خلاصة كلامي: خايف من انفراد فصيل سياسي بالسلطة؟ انضم لحزب ينافسه وابذل جهدك لنجاح الحزب في انتخابات مجلس الشعب القادمة والفرص فعلا متاحة,0
نجوم لبنان زيّنوا منازلهم بشجرة عيد الميلاد.. من الأجمل؟https://t.co/7aldqFp4RY#Christmas #ChristmasOnLDC… https://t.co/U6ZfSO5cOA,0
@hashim_m21 اذا انت موافق 👿😈تعرف حسابي على غوغل بلاسو لا تقول نعم و تبلبل فقط https://t.co/nmgJDh7S56,0
#christmas #gifts #lapdesk #mostawdaللطلب من #الدول_العربية من موقع #مستودع https://t.co/UqEvz8EX8yللطلب من… https://t.co/OTrgdc3Yh5,0
قال رسول الله صلى الله عليه وسلم (سيأتي على الناس زمان القابض فيه على دينه كالقابض على الجمر) #بكفي_حصار #اضبطوا_شركاء_المخلوع #اليمن #مصر,0
#الشبراوية_مع_الشرعية|#حاميها_حراميها الآن من مسيرة #شبرا_الخيمة بالجزيرة مباشر مصر #العز_بن_عبدالسلام,0
@moonnor27 بيض الله وجهك يا شمرية العراق و الله يكثر من امثالك 💚,0
مسماي ماريو بوي😊#SuperMarioRun https://t.co/OAES8AxnHh,0
RT @Sport360Arabiya: بعد فوز #السعودية على #الإمارات .. ترتيب المجموعةالتفاصيل: https://t.co/LG5vqOtQBV https://t.co/4xu2hCJqRz,0
RT @aawsat_News: #السعودية | «العدل» السعودية.. «المحاكمة عن بُعد» الأسبوع المقبلhttps://t.co/myNNIjpk3P https://t.co/Jb45GXg8tJ,0
@5a1di @spagov إذا زعلوا الدول الثانية بسبب كلام مواطن سعودي لا يمثل المملكة، فمع إحترامي لكن يسيرها فهم جهلة!شوف الإعلام الغربي( أكَلَنا),1
بالتصنيف او بدونهكل لعبة راح تعامل نفس بوكيمونتأليف اسباب لمنعها بدون أسس واضحه او عدل في التطبيقالمشهور=يطبقالمهم لا يدرون عن Persona5😏,0
علاء الاسواني: رأيي أننا متحضرون لكننا نعيش في دولة غير متحضرة أقرأ المقال كامل,0
#الجيش_السوري_الالكتروني...#ابو_الليث...ﻛﻠﻤﺔ ﺍﻟﺪﻛﺘﻮﺭ ﺑﺸﺎﺭ ﺍﻟﺠﻌﻔﺮﻱ ﻣﻨﺪﻭﺏ ﺳﻮﺭﻳﺔ ﺍﻟﺪﺍﺋﻢ ﻟﺪﻯ ﺍﻻﻣﻢ ﺍﻟﻤﺘﺤﺪﺓ ﻓﻲ ﻣﺠﻠﺲ... https://t.co/sckYl6ijXY,0
#اتفرج | #أحمد_شفيق يكشف لـ«اتفرج»عن موعد عودته للقاهرةhttps://t.co/iHM46SeFmu https://t.co/cvNAMO2XCj,0
@nadinenjeim انتي رائعة ووين ما بتطلي بيكون في بسمة وفرحة ما إلها نهاية. #نادين_نسيب_نجيم #في_بيتنا_ضيف,0
انشلوتي: تدريب ريال مدريد تجربة مختلفة نادرة لا يدركها سوى من يعيشها حتى وإن كان الضغط عالي لمدة سنتين.,0
RT @majedayoub: حكم إفراد عاشوراء بالصيام : قال شيخ الإسلام : صيام يوم عاشوراء كفّارة سنة ولا يكره إفراده بالصوم.. الفتاوى الكبرى,0
الله معك ياهوانا يامفارقنا حكم الهوا يا هوانا واتفارقنا ❤❤💞🎶#فيروز@Fairouziat,0
هؤلاء حصدوا جوائز بـ #مهرجان_القاهرة_السينمائي https://t.co/lEPdM2oJbW https://t.co/M4LJPzYmfD,0
أيها الاخوان عرفت منكم شخصيات جيدة لكن نظام الجماعة يلغى تفكيركم تماماً مادمتم تعتبرون ان تلبيس مرشد الاخوان حذاءه شرف لكم لن تفهموا أبدا,1
تحميل برنامج Windows 10 النسخة النهائية من ويندوز 10 باللغة الانكليزية الرابط,0
عندما تغيب الدولة أو تعمل فيها عبده العبيط، تصبح القاعدة التي لا بد من إتباعها: من جاء ليعمل معك المعروف فافعل معه المنكر,1
RT @adel_gasm: داعش تفرج عن  49 تركيا من القنصلية التركية في الموصل في ٢٠١٤ وتركيا تقول انها تحارب داعش؟  صفقات وراء الكواليس#erdogan_is_i…,0
#اسبوع_العلوم_والتقنية2016.    ايفون,0
RT @mohmed_hader: طب حضرتك في بوكيمون جوا ممكن ادخل امسكه؟لو راجل ادخل خده 😂😂........ https://t.co/BS8Yp0WYWk,1
@RamyAyach دقايق قليلة تفصلنا عن بداية اضخم عمل درامي في لبنان والوطن العربي #امير_الليل #رامي_عياش #أمير_الليل,0
RT @CHIVOS3: أمريكا أبادت الهنود الحُمر، ودمّرت السهول الخُضر، ولوّثت السواحل الزُرق، واحتلّت الأراضي الصُفر، ثم تصدقون أنها تكافح الإرهاب.,0
بيونسيه وشاكيرا؟ مدري https://t.co/Vqh8SQT48b,0
"كوبر يطلب تقريرا عن ""احمد الشيخ"" قبل إعلان قائمة أمم افريقيا 2017",0
#كوبا | موكب رمادة #كاسترو يصل إلى #كاماغوي  https://t.co/BXJaPlNa4J https://t.co/oZoGhkoDYE,0
@NawalElZoghbi - حوآر آلنجمةة آلذهبيةة #نوآل_آلزغبي مع سلطآن آبو طير على صفحآت جريدةة آلوطن : تصرح آلآن.. آصبحت نآ… https://t.co/ZWFf1twuwK,0
احمد الشيخ لو كان في الاهلي وجاب نص الأهداف اللي جابها مع المقاصه السنه دي كان زمانه أساسي في المنتخب!!!,0
من الاخر اى حد فيه الرمق من المعارضة يمكن ينزل انتخابات شعب او شورى بيتقبض عليه لغاية ما تخلص خارطة الطريق وبعدها ربنا يسهل,1
بتصير مشاكل بل اول ويتعودون يصير الامر عادي  #ماذا_لو_المدارس_مختلطه,0
أيها الأصدقاء برجاء قراءة التعليقات ستلاحظون ان الذين يدافعون عن الفكر الوهابي هم الذين يشتمونك بمجرد ان تختلف معهم ما أبعدكم عن الاسلام,1
RT @AMY_Go1: #JASTA#قانون_جاستاتركيا صانت وحفظت الدين والأخوةأما مصر لم تصون المال والرز رغم الدين والصلة#في_بلادي_يوجد سيسي https://t…,1
صراحه اشكر اللي اخترع برنامج #اوبر ركبت مع واحد سيارته تاهو اسود يجلط من زينه ، ما كان ودي اوصل للمكان اللي ابيه من زينه,0
RT @aitnews: تعتزم #جوجل إطلاق الإصدار 55 من كروم الذي سيقلل استهلاك الذاكرة بنسبة 50%https://t.co/1FcwVY5HXT,0
اشعر بالألم الشديد و نحن نعيش فوضى لا أخلاقية و انحطاط في المبادئ و القيم و صدمة ممن كنا نعتقد أنهم بصدق علماء و دعاة,0
@ZnDn13 اعرفلك نادي بيهبط و بيتجرد من ٥٤ لقب كلها زور و ظلم 😂😂 اقصد ريال مدريد الانجليزي 😜😜,1
#ماذا_لو_المدارس_مختلطهكان طلعت لنا أجيال سليمة نفسيا وأخلاقيا..بعيدا عن الشذوذ والتخلف.,0
RT @sadaalmalaeb: لهذه الأسباب.. انفعل إنريكي على لاعبيه في تدريبات برشلونةhttps://t.co/4Bd4Ej2YZW#صدى_الملاعب,0
يابوب ارجع محتاجينك بجد #ارجع_يا_بوب,0
القمرة 🌙✨ #قمرة #قمرة_الفن #شيراز #lifestylezstudios #shiraz #shirazlb #christmas https://t.co/TNYWE9zjke,0
معلش بقى لا #النور ولا #الاخوان ولا الكلام الفاضى دا كله، لو هنقول يا مواقف يبقى الحمد لله على نعمة #حازمون و الشيخ #حازم_ص…,0
كل الأطراف تتحمل مسؤولية مجازر حلب سواء الجيش العربي السوري او الجيش الحر او جبهة النصرة كل ولاد الوسخه استخدموا المدنيين دروع بشريه,0
الممثل الاستثنائي روبرت دينيرو بأسلوبه الخاص يغسل شراع دونالد ترامبhttps://t.co/yuXbkE461Y,1
@_De5tiny_ قدني اتخطيتو و قاعده اقرا كتاب هاري بوتر 🌞,0
RT @xEmDGsvITGz6UEW: تطاول #اردوغان على #العبادي هي ليست اهانه لل #العبادي فحسب بل اهانه للعراقلأن #العبادي_يمثل_العراق شئنا أم أبيناتوح…,0
في جولتي اليوم بمدينة بدر أسعدني بشدة لقاء المواطنين من عمال المصانع الذين يمثلون قاعدة عمالية حقيقية تسهم بشكل فعال في تنمية الدائرة,0
@ssmmaa5451 @anawld_89 @Abode_abo3ida @i_turki90 لعنبوبليسك شدخل كيم ؟ على فكره كيم وخواتها الاعلام الغربي مقطعهم تقطيع وادخل صفحاتهم واقرا,0
هاري بوتر ؟ هاري بوتر.,0
1957 - إلى أبد الآبدين #وفاء_لجبران #جبران_تويني,0
@Fa6ma_352 @Aldousri85x جستن بيبر 🌚,0
@bodler15 لو أصلا المجتمع الدولي يعرف العيب ؟هو مجتمع قمامات وقاذورات,1
#شاهد مظاهرات اليوم أمام سفارتي روسيا وإيران بجاكرتا في إندونيسيا تضامنًا مع #حلب https://t.co/My7VVgurfp,0
💎 61 ألف مبتعث يضعون المملكة في المرتبة الثالثة بأمريكا بعد الصين و الهند 💎: #الجامعات 💎 #الصين 💎 #المبتعثين 💎…… https://t.co/P5HObgkUPR,0
هنا في مدينة تصمد..تبدأ من جديد دائمآ .. تنزف وجعآ وتبتسم.. قتلونها وتحيا..يهدمونها وتبنى..عيش أنافي مدينة لا تعرف الإستسلام#بنغازي,0
#الأمم_المتحدة تنتظر موافقة #دمشق و #موسكو على هدنة جديدة في #حلب.,0
RT @ALAMAWI: “الكذاب” بشار الأسد: لم أرتكب أي فظاعات والشعب يؤيدني وأنا لست سوبرمان “فيديو” https://t.co/gC56botUmx https://t.co/GfQgMYkixI,1
د البلتاجي مخ,0
أنا كتبت النهارده في المعصرة أشهد لك بالفضل إنت والشباب اللي معاك في نزولي يوم خمسة وعشرينشكرا ياخالد ياجميل,0
@nowarkn سالي غوغل,0
"#الأسد: لست ""#سوبر_مان"".. و #المصالحة الخيار الأمثلhttps://t.co/Jy2YEh5rUT#سوريا #حلب #النظام_السوري #بشار_الأسد https://t.co/bh0p1fwfok",1
RT @DRBARCAWY: #ميسي قليل أدب المدربين يحطون خطين دفاع وهو يضربهم بتمريره وحده ،، https://t.co/ihaZccq3jS,1
@Yaqoobzz حاليا نوفاك قبله نادال قبلهم فيدرر الافضل على الاطلاق,0
شباب الحملة ناشط في كل محافظة من أجل مصر المستقبل بارك الله فيكم معاً سنغير,0
السباحة إزاى السياح ييجوا و محافظ الأقصر إرهابي,1
#اعتراف انهرده كان يوم عالمى وكله بان على حقيقته,0
RT @NaserAlshahwani: بعد مناظرة #كلينتونvsترامب :- شاهد ردة فعل الناس بعد أن قام شاب بخداعهم بأن دونالد ترامب أصبح رئيساً مباشرة بعد إنسح…,0
1/ مقتطفات كلمة صاحب السمو حاكم الشارقة في الجامعة القاسمية بمناسبة اليوم العالمي للغة العربية.… https://t.co/vgvtTZp5rW,0
RT @putinarabia: لافروف:سنضرب الاٍرهاب في #سوريا .كيري:ربما نضطر لدعم المعارضة!لافروف:إذا ستخسرون مالكم فقط لأننا سندمرها!كيري: تقصد أمو…,0
احمد الشيخ :- ياجدعان بوصولي جمبكو اهو انا اللي جبت الجون https://t.co/bj4G0qtRQ1,0
#ياعرب_الشر_اقترب روسيا كشفت عن وجهها القبيح امام الجميع ودعمت الكفار ضدكم وعجبا ان منكم من يساندها,1
سبحان الله حتى اليهود ثاروا ضد التقتيل الذي تمارسه روسيا و بشار و إيران المجوسية و العرب مبلطين أمام التلفزات لمتاب… https://t.co/y0IhT1xCHa,1
للسنة الخامسة على التوالي ستنطلق باذن الله (حملة دفء) لاغاثة النازحين السوريين في لبنان ويضاف اليها هذا العام... https://t.co/aBmd8ob7LC,0
RT @YSalfaisal: ويقولون الوهابيه شوهوا الاسلام، انتم الكافر لاشاف فعايلكم حمد ربه بأنه كافر. https://t.co/UzGfH5bxl3,1
يشترط لكونك مذيعة تقدمين #مهرجان_القاهرة_السينمائي أن ترتدي فستان بدون كتف أيمن...!,0
جورج مايكل جو الطيبين الي امي منهم😂جستن بيبر بس الفيرجن القديم https://t.co/JDdRL19Rjb,0
أغيب هذا الأسبوع لا لتحضير مفاجأة ولكن للتركيز في موضوع معقد التفاصيل :),0
الفلول والثوار يقولون الان نفس الكلام لكن يجب الا يختلط الامرالثوار ضد الاخوان من اجل الثورة والفلول ضد الاخوان من اجل السلطة لا يلتقيان,0
جوائز والقاب نادين نسيب نجيم 👑تستحقي كل جائزه وكل لقب وتستاهلي الاكثر و اتمنى لك التوفيق بأعمالك الجايه💕… https://t.co/XSIadAzC8x,0
"RT @fed89erer: الصحفي: "" ماذا تتمنى لرياضة التنس في قادم الأيام ؟ ""ستان ففرنكا: "" أن تدوم الصحة لروجر فيدرر ."" https://t.co/kbCphYfiz0",0
كنا في احتلال اليهود ل #فلسطين و الآن أربع عواصم  #عربية محتله من #إيرانليتنا بقينا على واحدة ولم نفرط في اربعه.,0
RT @aboalhodaalhoms: تصوير جوي للدمار الهائل في حي المشهد بحلب اثر الغارات الجوية المكثفة التي استهدفت الحي أوصلوه الى كل مؤيد على استمرار…,1
التعويذات المذكورة في سلسلة أفلام هاري بوتر هي كلمات حقيقية ، من لغات مختلفة ، وكلها تأتي بصيغة الأمر بنفس طريقة التعويذات السحرية,0
@rasheedalfaam المشكله اوباما حطهم بالسكه للاستغناء عن نفط الخليج ونجح لحد الان الوعد2020 والرزق على الله,0
إعلان الدم الدستورى بمجرد أن انتهت قوات الجيش والشرطة من مذبحة الحرس الجمهورى,0
#اليمنية| دورة تدريبية عن “طرائق التدريس” بكليتي العلوم والزراعة في #جامعة_إبhttps://t.co/ZtdQlBZxp8#التحالف_العربي_سند_اليمن,0
بوتن يوقع مرسوم خروج روسيا من المحكمة الجنائية الدولية.خطوة استباقية لتعطيل صلاحية المحكمة بتجريم ما يخطط له لسوريا #روسيا_تقضي_على_حلب,0
بالفيديو: 'ريكي مارتن' يعلن خطوبته على الفنان السوري 'جوان يوسف' @ThePost_Space https://t.co/NchfQlo7MU,0
تقرير ناري #الجزيرة تفضح علاقة #وزير #الداخلية بالبلطجي صبري نخنوع _,0
@ahmed_Nagy33 تعيش يا سيسي,0
حملة شباب #ضد_النقطتين ، #ضد_النئطتين ، #ضد_النجطتين ، #ضد_النغطتين بجميع الألسن كي يفهم الجميع وسلامتكم #بكفي_حصار #اضبطوا_شركاء_المخلوع,0
مقتل أمين عام هيئة علماء #ليبيا الشيخ #نادر_العمراني بعد أسابيع من اختطافه https://t.co/gzz5u0FJIL #اغتيال_الشيخ_نادر_العمراني,0
#شاهد بشكي همه للغنم بلكي فهمت عليه قبل البشر .70 عاماً وما زالت #فلسطين محتلة .!ومشهد يعبر عن حالة الزعماء تجا… https://t.co/j1UtlcOeu8,0
RT @AbdullahSBuKham: وبعد نسيت اقولكم، قبل ٧٠ سنة كان الوضع عندهم #اختاه_موتي والحين المرشح الأقوى لقيادة البلاد هي #اختاه هيلاري كلنتون.,1
اعلام العار خيرى وباسم ولميس ركزوا سخريتهم ان مرسي نحس انهارده الاتقلاب ما بيفوتش وكل يوم مصيبة اكبر من الى قبله,1
#حلب_تبادكل ما تفعله ايران للوصول للسعوديه تملك خلايا في الشرقية و القطيف كبيره جداً دمرت سوريا و العراق و الآن اليمن حاصرونا بكل اتجاهه,0
إلى أحمد الشحات البطل الشعبى الذى أحرق علم الصهاينة بعد أن دنس هواء مصر 30 عاما: ارفع علمك فوق أنت مصرى يا أحمد المصرى يا أحمد العربى,0
RT @ttkw_: محمد ناصر: بعد فشل الإنقلاب بتركيا على أردوغان .. عقبالك يا مصر . https://t.co/6eeAhawxvW https://t.co/vqCnhDY4Kc,0
كيري من استلم الخارجيه لامريكا وهو قالب راس العبد الغبي اوباما ، وصار تعجيل اجتماع 5+1وكان كيري نشط مستعجل لفك الحصار عن طهران والتقرب اليها,1
RT @m6rwan_: ميسي يضيع بلنتي وينكبهم ويطير اللقب وماسكيرانو ينكبهم في مبارتين ثم البرشلوني يحطها في راس الضعيف هقواين💔,1
تعرفي على الوجه الجديد لبيت أزياء #غوتشيعبر الرابط https://t.co/vYU47n9V1P https://t.co/D0XFp3J9m2,0
من قايل لجراح الهبيده انك حلو ؟ والله يا معطي نفسه وضعيه جستن بيبر بسنابه 😂,1
"دعوى قضائية ضد ""أبل"" تتهمها بالاحتيال على المستخدمين https://t.co/NFwqjIpDvE #البحرين #الكويت #السعودية #الإمارات #قطر #عمان #المنامة #تكن…",0
4) إلا أن تركيز السلطات التشريعية والتنفيذية بين يدي الرئيس مرفوض ويثير المزيد من المخاوف بشأن احتكار السلطة من جانب فصيل واحد,0
@bxdyheat @llamStarr تذكرت بيونسيه لماو,0
"فرنساالقضاء الفرنسي يدين مديرة صندوق النقد الدولي كريستين لاغارد بتهمة ""الإهمال""",0
#ميدان #Midanأهالي #حلب يكتبون علي ما تبقى من جدرانها  قبل رحيلهم عنهاراجعين يا #حلب #عائدون #ستبقى_حلب… https://t.co/TFgcvEOqd5,0
#اليمن مغترب يمني يوجة نصائح هامة حول تحويلات المغتربين: مغترب يمني يوجة نصائح هامة حول تحويلات…… https://t.co/GYDFeUtcwR,0
تجاوز الحل السياسى واللجوء للحل الأمنى هو فشل للسلطة، واستهتار بالدماء على السلطة منع إراقة دم أى مصرى سواء كان معتصماً أو رجل أمن,0
RT @barca1yousef: هذا وضعكم بدون ميسي يا تافهين يا عاهات,1
شتاء النازحين السوريين.. بريشة: أيوب بوهوشي https://t.co/WNuKWD7Ta5,0
#ماذا_لو_المدارس_مختلطه اللهم ارحمه واغفرله. https://t.co/aeZYi4OSKM,0
"#بساط_أحمدي لا تندهش إذا صادفت في سورية متثيقف له مريدين ، .. عفش"" بضعة كليمات ومعلومات ثقافية من عمك "" غوغل""... https://t.co/G3Djor4iNL""",1
سيسي الرز #مسافة_الكذبة,1
هذه منظمة #الأمم_المتحدة، ما جدواها؟ مجرد متفرج وشاهد على الاجرام دون إدانته، حسبنا الله ونعم الوكيلhttps://t.co/KW8zFveJoU,0
تطبيق قياس سرعة الإنترنت https://t.co/xWuyOhXCbV متاح الآن على ويندوز 10 https://t.co/fouYJD1qUk https://t.co/ttclM0epd1,0
نصائح مهمة ورائعة لقروبات الواتس اب انشروها #رتويت #واتساب #السعودية #الكويت #قطر #درر,0
RTarabic_Bn: #الدفاع_الروسية: المساعدات الأممية لا تصل أحياء #حلب الشرقية التي سيطر عليها #الجيش_السوري#اسأل_أكثرhttps://t.co/CeKKvH5Ozf,0
@its_NBA @ssrg90 كلام سليم,0
RT @qatnology: امازون ارسلت ايميلات لبعض مستخدميها تطلب منهم تغيير كلمة السر بعد تسرب بعض معلومات المستخدمين https://t.co/ROnOtQNLT2,0
@JarirBookstore طلبته من ابل قالوا ممنوع نشحنه خارج امريكا، واضطريت أطلبه من امازون، متى يفتحون فرع ابل عندنا ونفتك من جشع هالحراميه!,0
تجديد حبس #ياسر_علي متحدث رئاسة #المعزول 15 يوما في قضية التستر على #هشام_قنديل| ياااااه وحشتونا ووحشتنا نوادركم …,1
الورقة التي لم تسقط في فصل الخريف: (خائنــة) في عيون أخواتهـا (وفيــــة) في عين الشجـــرة (متمردة) في عيون,0
#حمدين_صباحى بيقول برنامجة هيتحقق في ٩ شهور ، بس مقالش هيبقي طبيعي و لا قيصري و في مستشفي اية !!!! الرحمة يا رب,1
كبير انجلترا يتهرب من برشلونة خوفا على لاعبهالتفاصيل: https://t.co/LU7t0gdtag#إبداع_الملاعب https://t.co/Xb999c1LSf,0
كلمة موفقة لأمير #قطر السابق في تأبين #فيدل #كاسترو #TributoaFidel  https://t.co/5OjmVdVjNH,0
بشار الأسد يرفع رسوم ” الإقامة ” في سوريا ! - https://t.co/bmCY2fOEJe https://t.co/lZ0BPViXUZ,0
لو تفتح  عمل الشيطان . #ماذا_لو_المدارس_مختلطهوالحمد لله أنها ليست مختلطة  العقول هي المختلطة,0
#الولايات_المتحدة 🇺🇸 عاجل | #ترامب يختار الجنرال المتقاعد جيمس ماتيس وزيرا للدفاع,0
@RM4Arab نابولي ليس فريق سهل واعتقد ان لم يكن ريال مدريد اكثر حسما و لم يلعبوا بطريقة جماعية سوف نخرج على ايديهم,0
#القدس _ في _ خطر,0
"135 مليون جنيه إجمالى خسائر الشركة نتيجة غلق محطتى ""السادات والجيزة"" حتى الآن! #انتخبوا_البرص",1
RT @FCBW_A7: إيمري كولاك (ديبورتيفو) : أردا توران مثل أخي و هو قدوة بالنسبة لي ، ميسي الأفضل و انا مُعجب به كثيراً,0
سعدت بلقاء أهالى المنصورة و فخور بأعضاء حملتي بالدقهلية الذين اتاحوا لي هذا اللقاء ورتبوا زيارة الكنيسة ولقاء القوى السياسية,0
ده تسيب #انتخبوا_البرص,1
"@gassar444 @Ksa8882Ksa2888 @shahiad511 @ALAMAWI #داعش يقاتلون جبهة النصرة والقاعدة وطالبان وغيرهم بعد أن قالوا عنهم ""كافر وزنديق وابن حرام""",1
@KaramAlhafidh بوكيمون مو قيمة 😂😂😂,0
موقف محترم حذر الأمير خالد بن طلال بن عبد العزيز عضو العائلة المالكة بالسعودية أن إجازة الخروج على الرئيس مرسي,0
الشهيد الحي اللواء اشرف ريفيوشهيد ثورة الارز #جبران_تويني https://t.co/sFPaIu48QS,0
اللهم أرنا في بشار واعوانه عجائب قدرتكاللهم انصر اخواننا المستضعفين في حلب#المجتمع_الدولي_بين_الصمت_والخذلان,0
ازاي؟ على تويتر؟ لقينا حزب عدل وقلنا يع؟ لما يبقى ليك جبهة قوية ماشي غير كده تتفاوض,0
"الدين الاخواني بتاعكوا مافيهوش "" لا يسخر قوم من قوم عسى ان يكونوا خيرا منهم"" احنا المسلمين عندنا كدة ف…",0
RT @mnaw7: هذا ما قاله رئيس #مصر السابق قبل 40 عام عن الاسد وكأنه يصف سوريا اليوم  فكيف لـ #مصر_تصوت_لصالح_المشروع_الروسي  ماذا اصابك يا أر…,0
نشر الخرفات هو من اختصاص الاعلام الغربي ... يريدون فرض تصور غير واقعي  ... https://t.co/HC3HewtGC3,1
🔹الثقافة القرآنية🔘 إحياء مناسبة المولد النبوي الشريف احتفاء وتقدير للنعمة الإلهية.💚ذكرئ.المولد.النبوي.الشريف,0
RT @Naawafstv: إيران والقضية الفلسطينية.. الوعود المعسولةaawsat_News https://t.co/VloV6gfIqF,0
رامى عياش عملى لايك على اغنيته 😍🙌 https://t.co/TbFxcQlmfQ,0
بالصور... استمرار الفعاليات والامسيات بمناسبة ذكرى المولد النبوي الشريف - https://t.co/U6vOgSPRBj https://t.co/hCIU6cBcnj,0
ما هو أفضل فلم شاهدته على الأطلاق؟ - سلسة أفلام هاري بوتر   https://t.co/765mfaDtxJ,0
الديمقراطية هي السبيل الوحيد للانتقال من النظام الحالي الذي يقمع الحريات الي نظام يحمي حرية الشعب ويصون كرامته قد حان وقت التغيير,0
@Abdulkhaleq_UAE على إساس هيلاري كلنتون من شعب الله المختار كلهم كل واحد ألعن من الثاني,1
RT @movies_popcorn: تصدرت المغنية سولانج نولز أخت النجمة الشهيرة بيونسيه قائمة بيلبورد 200 الأمريكية الأسبوعية لأول مرة بأحدث ألبوماتها إيه…,0
الرسالة السنوية لبوتين إلى الجمعية الفيدرالية قد تكون يوم 1 ديسمبر https://t.co/LOrk4zRDdN #سبوتنيك #فلسطين #القدس,0
1 تم الاستماع إلى أقوالي اليوم في البلاغ المقدم من أحد المحامين، وليس من قضاة، ضدي في ١٧ يونيو ٢٠١٣ بزعم أن إحدى التغريدات بها إهانة للقضاء,1
RT @alwalqi_: لسان حال افراد #المقاومة_الجنوبيةحنا معك يابو فهد عز الاسلام حنا معك وانته تقود المسيرهمهما حصل قدام قدام قدام احوالنا و…,0
RT @hatha15: الحمد لله على نعمة الهدايه لاحظوا الفرق بين الحق والباطل#حميدان_التركي #السعودية_الامارات #حلب #العراق https://t.co/goCoIxsKZV,0
https://t.co/lAdlX9ZB5F  @EyadNassar  تقيم إدارة #مهرجان_القاهرة_السينمائي، مساء اليوم، ندوة للفيلم المصري… https://t.co/l7FHBTXzSn,0
اخبار برشلونة اليوم Sunday 9/10/2016 : 7 مباريات أكدت أسطورة ميسي في ملاعب الكرة https://t.co/0wPY7PXbUL,0
"أرسل المغني بوب ديلان الفائز بجائزة نوبل للأدب رسالة  يشكر فيها الأكاديمية السويدية و وصف هذا المنح بأنه شرف يضاهي ""الوقوف فوق القمر""",0
نادين نسيب نجيم ضد انو تتحرر حلب من داعش ..!! شو قصدك بآخر بوست نشرتيه @nadinenjeim,0
#خبر #بنغازي غارة جوية بطائرة أجنبية بدون طيار على العمارات الصينية في المحور الغربي منذ قليل .,0
المفاجأة ،،، مباراة ريال مدريد غدا مجــــــاناًقناة Rai Sport 2 الإيطالية | قمر هوتبيرد | تردد 11804 عمودي 27.500,0
@Emma_R94 نوبة كم انتي مذهلة اوه ماي قاد 😂😂😂تخيلتك هاري بوتر,0
#القضاء_المصري يفتح الباب امام عودة المرشح الرئاسي السابق #احمد_شفيقhttps://t.co/yM5i7haKQU#البوابة https://t.co/QKTjLDzkfT,0
الشاعر #محمد_الحجي وزيارة لـ #دار_الفراشة #كتب #شعر #شاعر #معرض_الكتاب #كتب #ثقافة #قراءة… https://t.co/oCtqS57tYy,0
RT @hadihx: تنبيه هاماتصل بالرقم (990) للتبليغ عن كل من يتعاطف ويؤيد تنظيم #داعش الذين يسعون لتدمير بلادنا وأمننا. ساهم بنشرها https://t.…,0
القرآن يرفع الناس ويجعلهم في الدنيا والآخرة في أعلى مقام,0
- بعيد عرقلة #روسيا و #الصين قرار بمجلس الامن لوقف القصف على #حلب، #جنيف تستضيف اجتماعا روسيا أمريكيا.- كتائب... https://t.co/IbmURJzkjK,0
طقس العرب:هذه المناطق المرجح تساقط الثلوج عليها مساء الأثنين .. - https://t.co/hMujX8koAV https://t.co/LjS49tAsWS,0
RT @MuHammaDBakkar4: فيصل القاسم: لماذا يستعرض بوتين إس٣٠٠ و٤٠٠ وباقي اسلحته فقط في سوريا ولانرى هذا في العراق ؟لأن تدخلها بسوريا هو بمواف…,0
"لوانطلاقا من الموارد اللا محدوده و العزم والإصرارآري انه لو اهتم المجلس العسكري ب""الزبالة"" اهتمامه بال""سفاره"" لتطهرت البلاد يتبع",1
#جبران_تويني بعدك معنا ،فالأبطال لا يموتون 🌿,0
ناقصه الزعيم عادل إمام #مهرجان_القاهره_السينمائي,0
تعقيباً على رأي «القدس العربي»: «حزب الله» من حركة مقاومة إلى جيش احتلال؟ #السعودية #اخبار https://t.co/VjVWhXxOTw,0
احياناً جوجل مبيفدنيش عادي جداً,0
@lioahmed7 @pesar711 @_966_911 @2FghFJPLdzhcIU5 @aashsh66774 هؤلاء صناعة المخابرات الامريكيه كما ذكرت هيلاري كلنتون !! وداعش ايرانيه !!,0
ألا يعلم الوزير المتدين أن الكذب حرام، وأن الله لن يقبل صلاته إذا كان كاذبا,1
عندما صعد نيل أرمسترونج على سطح القمر قررنا أن يكون إسهامنا الحضاري إصدار إشاعة أنه سمع الأذان هناك وأسلمالإشاعة أوفر بكتير وهدفها الخير,0
صور جميلة لقرية مهجورة ف #الصينكان اهلها يعملون في صيد الاسماك.#صور #عالم_السياحة https://t.co/fhsys1Cu4y,0
شرح تثبيت نظام ويندوز 10 (الفورمات) + نصائح مهمه بعد التثبيت |2017|:,0
القصف الخاطئ الذي شاركت به طائرات من #الدنمارك و#بريطانيا و#استراليا استهدف #الجيش_السوري في #دير_الزور وفق التحقيق الاميركي,0
@ALSARIM111 @zomali700 @LeinaAlhazmy @al_watanQatar تلاقي القردوغان او رئيس فرنسا او اي حمار قايم بنيكها مكان الخول حمد,1
RT @TheAdsila: احس جستن بيبر ريحته صنان,1
صباحية شعرية للجبهة الثقافية لمواجهة العدوان بمناسبة المولد النبوي الشريف https://t.co/Mwrk2JWSZY https://t.co/YZdUWyWDPq,0
ما هي حلب الشرقية https://t.co/JXZTbPY5ci,0
"أخبار رياضية : شبح ""البياسجي"" يلاحق برشلونة مرة أخرى ويهدده في الصيف https://t.co/TsjVrHvVdv",0
رواية #ممتنعة_عن_حبك_ولكن #معرض_الكويت_الدولي_للكتابأهل يحقُ للخيانة بأن تستبقُ حُباً كهذا الحب المنتظر ؟ https://t.co/YS7Lvr49dR,0
ريال مدريد متصدر بفارق 6 نقاط عن الوصيفتـشيـلسـي متصدر بفارق 6 نقاط عن الوصيف.عقبال الهلال يا ررررب 💙,0
رموا على جمعه وجابو خالد الجندى الاحتفالات الدينية حرام على مرسي حلال للجيش,1
#ايقاف_امداد_مصر_بالنفط تلميح واضح لمصر عبير الخليج يشتمون خير اجناد الارض بسبب موقفهم من الاٍرهاب https://t.co/za51bjX9EW,1
بعد جلسة الجمعيه العامه للامم المتحده من اجل مساعدة ارهابيي جبهة النصره في حلب والاستماته في اخراجهم منها نستطيع القول العالم يتكلم ارهآب,0
ظهر السبت، متوجهًا إلى #أبوظبي عقب زيارة قصيرة لـ #مصر استغرقت ثلاثة أيام ، ولم يتم اعلان عن تفاصيل الزيارة من قبل #واشنطن او من #القاهرة,0
#عاجل #ريف_رمشق  #الجيش_السوري الآن يدخل  مدينة #خان_الشيخ بعد خروج اخر دفعة من المسلحين  .,0
||||   https://t.co/sZNhnMs6x3  ||||#مكوة  #خنيث #فض #أغتصاب ا#خلفي  #بزاز    #فلسطين #القدس,0
"النوم لا يجافيني . جميع افكار وتخيلات  هاري بوتر "" تقبع الآن في دماغي !!""",0
انتشر هذا الفيديو في القروبات وهو عبارة عن حمالات لنقل الاثاث بفكرة رائعةوهذا رابطها على #امازون وشحن مباشر… https://t.co/U91hrkIoj3,0
RT @AlmightyWesker: #اغبي_سوال_كتبته_بقوقلما أكتب أسئلة غوغل استخدمه غالبا لإيجاد اغاني ما اعرفهاأكتب جملة لقطتها من الاغنية وهو يطلع لي…,0
صورة بدون التحية الى #كيري#تعزرغم سريان الهدنة المعلنةشهداء مدنيين جراء القصف الذي تشنه مليشيات الحوثي وصالح... https://t.co/ZXXkOiGvlh,0
في وجود الببلاوي الفاشل تزداد معاناة المواطن في #مصر بعد حادث قطار دهشور #,1
#انقلاب_مصر #الفيوم|25-4-2014 #حاميها_حراميها,1
نادى الاسير في #جنين يدعوا الى مساندة الاسرى الإداريين المضربين عن الطعام رفضا لسياسة الاعتقال الادارى الغير مبني …,0
اتوقع باقي انا وكم شخص للحين ماحملنا لعبة بوكيمون.!!!؟👀,0
RT @hadeelOueiss: أوباما سمح لبوتين بتدمير سوريا بسلبيته وضعفه.. دونالد ترامب سيكون فاعل في تدمير سوريا الى جانب بوتين انطلاقاً من حقده ال…,0
لا زالت مستنداتى الرسمية التى تدل على انك حرامى وسارق تطاردك فى منامك، ولا ولن تستطيع ان تواجهها,1
#قناة_المنار قوات حزب الله تنفذ إعدامات بحق عدد من المدنين السوريين النازحين  في #حلب_الشرقية #سوريا https://t.co/48PC9m5JuZ,0
RT @tarekhoms41: يارب إنهم عبادك ليس لهم سواك يالله يارب لاتنسوهم من دعائكم #حلب https://t.co/w6O9pz45d3,0
#عبد_الرحيم_علي: اسألوا #البرادعي عما فعله في #العراق #البرادعى_طلع_جاسوس #باسم_طلع_حرامي #تخابر #خونة,0
RT @ajplusarabi: غوغل من شركة تكنولوجية إلى منافس في سوق الهواتف الذكية. فهل تنجح؟ https://t.co/Hr4nYsg8wF,0
أعظم ما تعلمته من نظام الرئيس مبارك هو كيف ينهزم وطن دون أن يحارب وكيف يتحلل مجتمع دون أن يموت #جلال_عامر,0
لا يهمني الكلمة نفسها في قضية ليبرون و فيل جاكسون بقدر ما يهمني اللعب في محتوى القصة و ذكرها من جانب واحد سلبي بينما ليبرون كان قصده نبيل,0
RT @ajmubasher: #أوباما : على المواطنين الإسراع في التسجيل في الانتخابات التمهيدية وإعطاء #ترامب درسا قويا,1
ريال مدريد - كلوب أميركا، نصف النهائيالساعه ١/٣٠ الظهر هلا مدريييد ولاشيئ اخر ❤️❤️❤️,0
فيديو : د عبد المنعم أبو الفتوح فى حلقة القاهرة اليوم الثلاثاء 16 أغسطس 2011,0
بالصور: باراك أوباما وزوجته ميشال يحتفلان بعيد ميلاد زواجهما الـ 24 https://t.co/lQCIHRDdCE,0
أوباما يلتقي مجلس الأمن القومي الأمريكي لبحث القضية السورية: العهد نت يلتقي الرئيس الأميركي باراك أوباما اليو... https://t.co/5pIeNPP9gO,0
RT @al_ngashi: أعجبني فيديو @YouTube على https://t.co/tvoNVmFeVF قطيش: قتلة حلب يستنكرون مجزرة صنعاء,0
99% من منتقدين هاري بوتر ما شافوه وال %1 مجرد حشرات لا يستطيع اي شي تطهيرها,1
ابغى اصادق وحده تشبه هاري بوتر بمدرستي وهي اكبر مني الي تعرف كيف تجي خاص تقولي بليز💔💔,0
#ماذا_لو_المدارس_مختلطه كان الطلاب يحطون مكياج,0
@malak_alhusainiملاك والله اني اكثر شخص أشارك معك بس ابي ايفون لكن حظي ماش وانا اخوك,0
#محلي إندلاع حريق هائل في منطقة اللطرون شمال مدينة #القدس وبالقرب من الطريق رقم1 الواصل بين القدس ومدينة #يافا المحتلة.#شباب_نيوز,0
غوغل تعرض صورة 360 درجة ل ستر النجاة في ليسفوس . https://t.co/wKZNXJpqbJ https://t.co/VsgDTx0ArS,0
لا احا بجد يا سيسي موصلتش لكده https://t.co/qRE4kIQR5H,1
تابع أخبار اليمن العاجلة في تطبيق واحدأخبار_اليمن_شامل كل اليمنhttps://t.co/I49XoXQ98v#اليمن #صنعاء#التحرير_موعدنا #أخبار_الرياضة_شامل,0
@Havana_H سين ياصاحب القلب الجميل .. غريب منك ماهنيت سيدة الغناء #فيروز  يوم ميلادها ...,0
المسلمون يؤمنون ان المراة لاتقود امة ومع ذلك يتمنون فوز هيلاري كلنتون وكلاهما اشد  اعداء الاسلام,1
«بوب ديلان» يشكرفوزه بنوبل ولم يحضر لتسلّم الجائزة https://t.co/AbDjYwHBVM #ستوكهولم  #السعودية #الشرق,0
دعوة الست قصده هيلاري كلنتون مثلا,1
لا ينكر أحد ضرورة إجراء إصلاحات شاملة بالقضاء سواء فى كيفية التعيين فى البداية وحتى كيفية المحاسبة داخل القضاءلهذا تقدم,0
قال رسول الله ﷺ(من اقتطع حق امرىء مسلم بيمينه، فقد أوجب الله له النار . وحرم عليه الجنة) رياض الصالحين #ريال_مدريد,0
الطريق الى جماعة الاخوان المسلمين الارهابية #الاخوان_جماعة_ارهابية,1
#محمد_ناصر يتسائل عن مصير 3 مليون شجرة : طب هتحطهم فين يا سيسي ؟ :D :Dhttps://t.co/l6w3xrYlJC https://t.co/gd4QHi7kX6,1
RT @Yasseeeer_H: #افضل_طقم_لروجر_فيدررحرام أذكر طقم واحد ، أطقم كثيره حلوه و كشخهودائما الأحمر أجمل على #فيدريروهذا الطقم جدا عجبني ا…,0
@211Isis @TrG___1M ممكن سؤال - هل تعنقد أن جماعة #داعش على منهاج النبوة كما يدعون؟,0
@i0zh_  كنت ادور على هاري بوتر ولقطت😏😏,0
RT @ALAMAWI: مقاتلو المعارضة يدمرون 17 آلية للنظام خلال الساعات الـ 48 الماضية – مرآة سورياالتفاصيل: https://t.co/kN7Svho1al https://t.co/…,0
٢- صعدنا الاولمبياد خطا الحكم خليل جلال و بناتي غير صحيح لصالحنا ضد كوريا الشماليه ٣ خطا اداري كسبنا العراق بعد مالعبنا و خسرنا يتبع,0
الصبح لما بيجى عليا ببقى حاسس بانتصاار الليل يعدى عليا وانا واقف ف انكسار ومابينهم عزيمة وقرارات بتضيع ع اخر النهار #وسط_البلد #كراريب,0
هذا الطفل أصبح حديث الاعلام الغربي اليومين الماضيين ، براڤو!https://t.co/ucxki7376S,0
انطلاق اجتماعات حلف الناتو في بروكسل https://t.co/ZaNh9AFiob,0
#الاخوان_جماعة_ارهابية يجب التضييق على اخوان الخليج فهم اذناب للتنظيم الدولي للاخوان ولا يقلون خطوره عن اخوان مصر,1
RT @Arabi21News: عودة المواجهة المسلحة بين أكراد إيران والحرس الثوري الإيرانيرابط الموقع الجديد: https://t.co/Zf9ICxQIX3 https://t.co/zip…,0
إسرائيل احتلت الجوﻻن و عينت جيش و ثوار موظفين في دمشق و غوطتها إسرائيل لا تقصد حافظ اﻷسد و بشار اﻹبن في حماية إسرائيل تريد علمانية و تغلب,0
سواق ميكروباص مؤدب,0
سهرنا يا ليل 💕🎵🎶 #اليسا,0
#Echomoda “كيت بلانشيت” أول من ترتدي “غوتشي” 2017: قبل أن يسدل أسبوع باريس ستاره، كانت ... https://t.co/xEozjwxY63 #ازياء #فاشن,0
@rterdogan_ar لا بغيت توقع اتفاقيات وقع مع داعش لا توقع مع القرود زين يا روح امك. https://t.co/6xSg1wmuyf,1
مصر عمرها ما كانت هيبة في عهد مبارك ده كلام رخيص مصر كانت هيبة في ال18 يوم هيبة بجد والعالم كله وقف يتعلم وده كان الشعب,0
ارتفاع رهيب لسعر صرف الدولار في ليبيا1$ = 7.5 دينار#ليبيا,0
اليوم عيد ميلاد الدكتور البرادعي الثورة المصرية تمر بلحظة حرجة الثورة تنتظر منه ومنا الكثير كل سنة وانت طيب يا دكتور محمد الثورة مستمرة,0
"#تشاهدون_اليوم الخميس: * كأس العالم للأندية ""نصف النهائي"":- #ريال_مدريد x كلوب أمريكا 1.30ظ بصوت حفيظ دراجي beIN 1 HD",0
ريكي مارتن تزوج صاحبه السوري 😳😳😳؟ ياعيب الشوم 😤👊 البلا يفكرون يتبنوّن طب اذا كبروا حولهم كل الناس اب وام الا انتم اب و اب شلون تقنعونهم 🌚💔,1
السعودية تلجأ للاقتراض من السوق الدولي لأول مرة في تاريخها!https://t.co/w5utEubYor,0
_ 25 # تدعون للدين وتنشرون الأكاذيب، لم أكن أبدا عضوا بالوطني انتم تتاجرون بالدين,0
أضفت فيديو إلى قائمة تشغيل @YouTube على https://t.co/umxbx3TufT ريكي مارتن يعلن خطوبته,0
تحميل جوجل كروم النسخة العربي – Download Googel Chrome – رابط تحميل غوغل كروم 2016 – تنزيل… https://t.co/CkBGisdMiP https://t.co/H4fTPG0Bz2,0
@EGYPTAIR حضراتكو مجاوبتوش بالنسبة للفيزا كارد  والصور اللي بعتها دي أسرار عملا ولا برضة زي رقم الموبيل,0
الفيفا تغرم اتحادات بريطانيا بسبب “زهرة الخشخاش” https://t.co/N9lMbtTeSZ,0
نجم روما: ”ميسي خامس أخطر مهاجم واجهته”، فمن هم الأربعة الآخرون؟؟ رابط الخبر : https://t.co/UMWsyZPVPR,0
فضيحة من العيار الثقيل لواء شرطة يفضح استعانة الشرطة بنخنوخ والبلطجية #مصر,1
#ليبيا  #بنغازي.. القبض على خمسة أشخاص من مروجي الممنوعات https://t.co/IwZwVoZCso #اخبارليبياالان #ليبيا,0
#الجوف و #الحدود_الشماليه امطار هذه الليله وصباح الغد ... وثلوج محتمله على بعض مناطق المملكه ..  #طقس_العرب,0
"بعض خريجي #الأزهر ""يخرفون"" في خطبة الجمعة #أخبار #مصر",1
#باباراتزى بيونسيه تستضيف زوجها جاى زيى وكيندريك لامار فى نهائي جولتها الغنائية: أنهت المغنية السم... https://t.co/7cZRL996LX #paparazzi,0
بعد عاشوراء خشيت جو مع رمضان والصيام كل م مسكت ماء احسب اني صايم وهكذا,0
"قناة PressTV الغربية : ملخص حرب #السعودية على #اليمن  بعنوان ""السعودية حقاً في ورطة"" https://t.co/23u7VavQvb",0
"الصبيح: ""الهلال الأحمر"" يتعاون مع ""القطري"" لتوزيع المساعدات على النازحين السوريين  https://t.co/7nosAme6Qz",0
ظهور صور ساعة HTC Halfbeak بنظام أندرويد ويرhttps://t.co/AefIFoXqUH #ريال_مدريد #برشلونة,0
"ابراهيم عيسى | لماذا انضم "" وائل الفخرانى "" رئيس شركة جوجل سابقا لشركة ك... https://t.co/TTMsPuYlVn via @YouTube",0
الله يحمي هالعيون 😍🙏💗 @nadinenjeim #nadinenassibnjeim #nnn #star #actress #نادين_نسيب_نجيم https://t.co/NXZIIxw68t,0
@malak_alhusaini يااااارب افوووز من رمضان أشارك معك ملاك ومافوز الحين متفائلة راح تفوزيييني😊😔,0
@drMkmo5 من غير المعقول أن تظهر بريطانيا العظمى احترامها لمناضل قومي يسعى لتحرير بلاده من المحتل إلا أن يكون ظلاً لهم يسعى لمصالحهم,0
هيلاري وبيل كلنتون في جامعة يال عام ١٩٧٢ https://t.co/ejhHwyt0ZL,0
#اليمنية| تدشين مشروع توزيع المواد الاغاثية لأكثر من 5 الاف اسرة بـ #لحجhttps://t.co/bvShVVb2Sk#التحالف_العربي_سند_اليمن,0
اللواء #كامل_الوزير في مداخلة مع #عمرو_أديب بتكليف من الرئيس #السيسي بعد نشر صور لمحطة قطار أسوانستتولى القوات الم… https://t.co/NWIpZpTBxk,0
"""فيسبوك تطور خصائص جديدة للحد من الاخبار الكاذبة"" : https://t.co/koLVFAnGj5 via @YouTube",0
لا والله كنت بكره الواد الخول ميلفوي ده وكان بياخد في طيزه من هاري بوتر في أي حاجة ينافسه فيها https://t.co/S7l1FqLijn,1
٣٥٠ ريال جده باقي المدن شحن #شنط_فندي_بولغاري_غوتشي_روبرتو_كفالي #شنط_فندي #شنط_تقليد_درجه_اولى #شنط_بنات_الجامعة… https://t.co/Hjv4Zxy2tn,0
@malak_alhusaini @aaaj2015 ملاكككككككك تكفين شوفي حسابي قسم بالله من زمان اطلبك ايفون بس تفكين امانه شوفيه بس,0
الاعدام ل #صغار_الخنازير #بديع #المرشد #الاخوان #المنيا #مصر #السيسي,0
"#اليمن | وزيرداخلية الانقلابيين ""جلال الرويشان"" يكشف عن اختلاسات_مالية كبيرة للحوثيون من مؤسسات الدولة…… https://t.co/HLT4DXMbq4",0
كيف تنام في 3 دقائق حقيقة علمية وبالتجربة https://t.co/U0NUY4QA1C?Kp4f #ماذا_لو_المدارس_مختلطه #نعم_نستطيع,0
@EmyGARTANI @NawalElZoghbi @MarcelZoghbi @TunisianMedia على قناة التاسعة التونسية، برنامج جديد إنعرض منه حلقتين،الأولى كانت مع رامي عياش,0
مكتوبه ليك ،،موعوده بيك من قبل ما تقابل معاك 💕  #استمع الى ”مكتوبه ليك“ من اليسا على #أنغامي https://t.co/MrlX1CMijc  #اليسا 🎧🎼🎤,0
@_NOLE1اللي متعصب في التنس حارم نفسه متتعه عظييمه انا من مشجعين نوفاك ما يعني ابدا اني اكره مشاهدة فيدرر ونادال وموراي وديل بوترو واساليبهم,0
منعوا الاذان في المساجد فرفع الاذان في الكنائس #فلسطين <3,0
تركيا في سورية بعد درع الفرات https://t.co/zqA2zAQgs1 https://t.co/MTELrwGYFU,0
RT @AbdullahSBuKham: وبعد نسيت اقولكم، قبل ٧٠ سنة كان الوضع عندهم #اختاه_موتي والحين المرشح الأقوى لقيادة البلاد هي #اختاه هيلاري كلنتون.,0
هكذا عايد #راغب_علامة #فيروزhttps://t.co/HuiV0NJHZG https://t.co/qS8GaoG0M4,0
RT @caors_1: نحن مع مصر بالطبع مصر لن تركع مهما حاول السيسي في ان يجعلها تركع لروسيامصر لن تركع يا سيسي   #مصر_لن_تركع,0
RT @d_k2016: سلامي للرئيس عمر البشير #السودانوسلامي للرئيس اردوغان #تركياانهم الوفاء يا سادة بلا سيسي بلا بطيخ #مليارات_العمره_علي_هوي_…,1
RT @AlArabiya: آية قالت إنها كانت في البيت عندما انهار جزء من السقف عليهم نتيجة القصف#العربية #سورياhttps://t.co/AJbAMcM2SM,0
RT @FCBW_A7: غوميز : نستمتع كثيراً في التدريبات في وجود ميسي و نستمتع أكثر حينما يُقدم لنا أشياء جديدة,0
#العفو_الدولية:#إيران تتبجح بقتل مواطنيها #السنة جماعياً. #حقوق_الانسان #السعودية #اليمن #حلب_الملحمة_الكبرى… https://t.co/m7cuxUYBba,0
حين يكافئ من تفوه بعبارات كراهية وعنصرية ضد المسيحيين بتعيينه في لجنة الدستور و حين يخرج من مزق الانجيل بكفالة فلا تندهش مما يحدث الان,1
RT @moneera_os: #قروب_المحبه_والموده#قروب_فيدرر_للدعماللهم ابعد عني كل ضـيقة اشعر بها و كل ما يشـغل بالي ، ربي ارح قلبي و فكري و كن معي ي…,0
إشاعة الأمل أبرك من الهري ونشر المعرفة خير من الإنسياق وراء قنابل دخان الإعلامولن يضيع الله دماء الشهداء إذا ظللنا نتمثل سيرهم وأحلامهم,0
من #بروكسل | الأمين العام لـ«#الناتو» واثق من قيادة ترامب للحلفhttps://t.co/1bG3GGDyAh https://t.co/IX92mABshv,0
"مناورات ""محمد رسول الله-4"" ستنطلق يوم الاحد#ايران #خليج_فارس #الخليج الفارسي #usa #الجبهه_المجازيه #Christmas #جنيف https://t.co/pXPWTtBkv0",0
سلسلة لقاءات للحريري في بيت الوسط https://t.co/dOtKrwFqbZ https://t.co/sH9JGtMxgB,0
اليوم اختبار حقيقي لمجلس الشعب اما ان يكون على مستوى المسئولية فيكتسب الشرعية و احترام الناس وأمان ان يتواطا مع العسكري فيخسر كل شيء,0
عمرو موسى يقر بفشل الجامعة العربية! - https://t.co/Ay1xy08hxq https://t.co/lHeajEIig7,0
RT @rahimmoheby: #المعارضة_السورية: #إيران و #روسيا دولتا احتلال.#الشرق_الاوسط #الخليج https://t.co/ek3jPuFzq1 https://t.co/F6veRbtS69,0
مات ولم يترك وراءه سراً! #جبران_تويني #لبنان @Rebeccasleiman  https://t.co/s0lW6cDxp8,0
فرص دي بروينه تزداد للمشاركة أمام برشلونة https://t.co/pgmruOToAm,0
RT @best_perfume: عطر فلورا غوتشي ١٩٦٦  عطر عبير الازهار التي تجمع بين الأناقة والانوثة    550277780 (966+) https://t.co/C87dlDXoq7,0
#المجد_للمبتسمين_صباحا,0
قسم الشهيد النائب جبران تويني - ذكرى انطلاق ثورة الأرز - YouTube#وفاء_لجبران دفاعاً عن لبنان العظيم https://t.co/mKpk6vb3Pp,0
غالياني وين صفقاتك حق اول يوم كنت تجيب لاعبين من مدريد وبرشلونه و و و تكفى ارجع مثل اول ضبطنا #ميلان,0
يا من سرق قلبي مني يا من غير لي حياتي يا من احببته من كل قلبي يا من قادني الى الخيال #عشنا_وشفنا #الرياض,0
قريبا النجمة الذهبية #نوال_الزغبي على غلاف مجلة ليالي عمان في حوار شيق ومطول نتطرق فيه لأمور عدة! #سلطان_أبو_طير… https://t.co/7qVAHXaMVg,0
أول مرة أعرف ان أمازون ممكن أشتري من عليها حاجة مستعملة زي أولكس,0
مشاهد مذابح 6 اكتوبر دارت حول العالم وأى أكاذيب او تمثيليات للانقلاب لن يصدقها العالم,0
قفشت الوله هاري بوتر المصري فالتليفزيون https://t.co/Dntra8yUzb,0
#يحيى_قدري: عودة #أحمد_شفيق لـ #مصر باتت حتمية  https://t.co/IYHQBejPWn,0
#مصطفي_حجازي هيترشحلا ده بتاع #البرادعي#احمد_شفيق هيترشحيبقي مش عاوز استقرار للبلدطيب #السيسي يأخدها بالتزكيةلا هيبقي شكلنا وحشعابوكم,1
"#السيسي يكلف ""الوزير"" بالتدخل السريع بعد مشاهدة تقرير #عمرو_أديبللتفاصيل: https://t.co/o4jM3cZggh https://t.co/2V1A0QdsIw",0
RT @almanarnews: 🔶 السيد نصرالله: الهدف لم يكن في يوم من الايام لا الديمقراطية ولا الانتخابات في سوريا المقصود ان تسقط سوريا وتمزق من.,0
أوباما: تصريحات ترامب مقززة وتمثل اعتداء جنسياً #تونس https://t.co/Gkbt6XgAk2,0
تألمت كثيراً ورغم جميع أوجاعي بقيت بوجه ضاحك وقلب يحلم بالسعادة 💕 جبران خليل جبران @nadinenjeim  #nnn #star… https://t.co/cI2ZjVYeNN,0
@AbdulAzizALQa11 اهلا وسهلا آيفون 7 :32 جيجا بسعر 2799  ريال 128 جيجا بسعر 3199  ريال 256 جيجا بسعر 3599  ريال  دمت بخير ^SA,0
لان الجيش السوري يبيد #حلب، الاهالي في الاحياء الشرقية يطالبون بنقلهم الى مناطق تخضع لسيطرة الجيش العربي السوري#بحبو_يتعذبوا #حلب_تحررت,0
RT @almonajjid: صوم #عاشوراء لمن عليه قضاء رمضانhttps://t.co/L9xW434oA3#الإسلام_سؤال_وجواب,0
يارب عونك ونصرك ورحمتك قبل كل شيء لسكان حلب ،، يارب ارحم ضعف صغيرهم وشيبة كبيرهم وفجع الثكالى والمقهورين 🙏,0
سبحانك يالله وفي ساعة المطر تستجيب لدعواتنا،،، #عادل,0
RT @aomahmmad: @m_saudi2030  #فتاه_تضرب_متحرش موقع امازون يوفر رشة الفلفل للحماية من التحرش 👌🏻👌🏻 يفي بالغرض https://t.co/6f82OAIHpL,0
انا منبهر بطريقة غير طبيعية بحوار الstreet view بتاع جوجل الي طلع موجود في شارع شارع و حارة حارة في بلاد العالم الاول مش بس المعالم السياحية,0
@othmanmhmmadr سيسي مايع اكترمني.. اناسوريه ولكن تمنيناان ينقذناجيش مصر. انماجيش مصرطلع بالمعتوه رئيس,1
#أشاهد_الآن #أوتار_القلوب على شاهدنت عبر,0
شاهد دقة الـ 4K  مع كاميرا هاتف غوغل بيكسلhttps://t.co/9zHTOLtWEn,0
RT @cvviic: معتقدات شيعيه رافضيه ليست من الأسلام بشي #شرك_الرافضه_في_عاشورا https://t.co/kuWTKx0YVE,1
RT @amhfarraj: 🔴🔴🔴🔴لا تقسو على تركيا #يا_اخوان ، فتطبيع # اردوغان مع روسيا ، واتفاقية #السيل_التركي هدفها أخلاقي لنصرة أهلنا في #حلب ✋✋ h…,0
#الآن|| مؤتمر صحفي لأمين عام حلف الناتو  البث الحي| https://t.co/eXpYnjo0yC#مباشر #بروكسل https://t.co/QLdFzW5dEC,0
الرئيس ميشال عون: مناورات قام بها سياسيون لبنانيون لمنعي من العودة من المنفى. وتدخلات من قبل وزارة الخارجية الفرنسية لإبقائي في فرنسا.,0
#كلمه_بتتقال_في_البيت_كل_يوم وين رايح ؟,1
#سوريا_فى_القلب الله ينصركم يارب ويشفي صدوركم,0
شقيقة ميريام فارس نسخة طبق الأصل عنها! 😲 #مشاهير #عائلة #شبه https://t.co/chwkqcUNjv,0
في ناس بنشوفها بالالوان وناس جواها مش بيبان وناس اسود وناس ابيض وناس محتاجه بس امان #صلاح_جاهين,0
ليتني ريال مدريد وانت الابطال #طقس_العرب,0
#ماذا_لو_المدارس_مختلطه يليل الهاشتاقات النايمه ؟ https://t.co/bNJhmUXFX0,0
RT @elmaktaba1: تحميل كتاب باراك أوباما احلام من ابي لكاتبه باراك أوباما ن هذا الرابطhttps://t.co/hWeQq88Ith https://t.co/puegIRt16o,0
#الحقيقة_مباشر_مصر|#انقلاب_3يوليو السيسى المتخابر لخطف أول رئيس منتخب يستعين بحلفائه لدعمه بالسلاح للتصدى للإسلاميين,1
السنين الحلوه بتعدى قوام و آنتآ آسمك فى آلتآريخ بالنور مكتوب #أبو_تريكة,0
"فيلم المسابقة الرسمية ""#ميموزا"" مُهدد بإلغاء العرض اليوم#مهرجان_القاهرة_السينمائيhttps://t.co/u6dEQ5pjou https://t.co/Hye2wFGHB7",0
أعلنا اليوم تأسيس حزب الدستور الجديد في جو مليء بالحماس والتفاؤل وفقنا الله لما فيه خير الوطن,0
ريكي مارتن يعلن خطوبته من السوري-السويدي جوان يوسف ، يعني شنو طلعت طول هالفتره متخرفنه على قاي 😭😭😭😭 يع برجع https://t.co/wfT3dR8Ixv,1
البرادعى شريك الانقلاب يهاجم الجيش والشرطة والحكومة والاعلام ويصفها بالفاشية ضد قيمة الحياة الانسانية والتوافق الوطنى لن يفلت ايضا من العقاب,0
#جبهة_شعب_مصر#جبهة_تحيا_مصريخرب بيتك يا قردوا#الناتو: ضباط أتراك في الناتوطلبوا اللجوءفي دول خدمتهمhttps://t.co/sbjn74PbSv,1
الانتخابات ألأخيره كانت بين اختياريين كلاهما مر !,0
"عطر ""غوتشي بامبو"" الجديد يحاكي الطيور: عطر غوتشي بامبو باطلالة جديدة. بعد أن قامت النجمة غال غادوت، بطلة ""وند... https://t.co/Hz9BGzJ9tv",0
العصابة الموجودة في سجن طرة لا يزال لها رجالها وأموالها خارج السجن وتدير عملية الانف,0
ريكي مارتن .. صام صام و افطر ع بصلة,1
@putinarabia بوتن متحوث يا قدعان تف عليك وع بوتنك الكلب 😂,0
أتوقع.. أن فازت هيلاري كلنتون فلن تنتهي فترتها الا بفضيحة جنسية (قديمة)فمونيكا (اليهودية) مافضحت كلينتون الا بعد سنتين@mesfrah84,0
#تغطية_خاصة | الإعلامي اليمني طالب الحسني:التوقيع على خطة #كيري و #ولد_الشيخ يعني التنازل لا بل والخضوع للمسار السياسي #العدوان_السعودي,0
#زد_رصيدك35 المطيري ع قلوبهم .. التمو حزب حسب الله ( الشهاريه ) 😷,0
اخرجو الأجانب من #اوبر #كريم لكل سعودي شريف الرجاء التفاعل مع هالحساب @uber_creem #الدمام#الرياض#الخبر#جدة#اتحاد_اوبر_كريم,0
RT @ph5f5: الي يقول الارجنتين بدون ميسي تستطيع الفوز و منتخب يملك نجوم  و لاعبين كبار؟ معقوله مباراتين ، و جميعها مستوى اسوء من السيئ ، اين…,0
عايزه اعمل مجتمع ربعاوى بعيد عن الفلول و اللى عايزهم #فلول # شعب بلا اخلاق #ستحاسبووون,1
انتتته لميييييين انتههه إليييي ؟؟؟؟💛🎶#إليسا,0
فنان جميل ومحبوب  #عادل_امام,0
RT @mstr_federer: @fed89erer عالم الكرة الصفراء كان يتيماً حتى جاء فيدرر و اخرج جمال هذه الرياضة للعالم,0
RT @abdou_m0: *بيصور مسألة من ع البورد*= لو بتصطاد بوكيمون هشيلك المادة,1
@ArabGameNetwork جهازي ويندوز 10 كانت فيفا تشتغل لكن بعد ما فرمت الجهاز معاد اشتغلت  العاب الستيم تشتغل لكن فيفا 16 و17 ما يشتغلن وش الحل,0
@r7makrby استر عليه اشدعوه وجهك وجه رامي عياش ولا وائل كفوري كلك طعس مثلنا 😝😝😝😝🏃🏼🏃🏼🏃🏼🏃🏼,0
المجتمع زي الرصيف وسخ و عايز يتكنس في ناس بتعرق عالرغيف و ناس بتعرق من التنس #دينا_الوديدي,1
لايمكن لانسان ان يقبل وضعه مع الانقلاب لأن الانقلاب يتعامل مع معارضيه كحشرات يضربهم بالرصاص والغاز والمياه تماما مثل الحشرات,1
بحوث وفتاوى فقهية معاصرةد. أحمد الحجي الكردي.#معرض_الكويت_الدولي_للكتاب.السعر (٢) دينار https://t.co/kf3fFZmeue,0
سولو تاي بيجيب راسي عارفه، جونقكوك احس مود جستن بيبر يعني مدري تخيل مافيه نوتات عاليه بقتله,1
@the_hudaa فيها من بوتن ريس روسيا,0
أسرع هاتف أندرويد في الولايات المتحدةهاشتاق عربي- إذا كنت ترغب في الحصول على أسرع هاتف ي… https://t.co/3sJbREGOFP https://t.co/Ry1pHSnVMS,0
الدراما المصرية في تقدم مبهر مسلسل #نيران_صديقة راااائع جداً جداً,0
٧ بعض الحضور في المنتدى من المصريين المؤيدين لجماعة الإخوان هاجمني وانتقد آرائي، ولكن دون تطاول أو عنف لفظية,0
#اخبار #تكنولوجيا هاتف “غوغل” الجديد يحتاج 15 دقيقة للشحن https://t.co/t94ytBdawj https://t.co/Mfi77LeFWD,0
كلينتون انا صارت رئيسه فاسياسه اوباما هي سياستها وترامب مثل بوش الافضل مانتعب انفسنا بمتابعتهم كلهم اعداء للامه الاسلاميه نسال الله يكفينيهم,0
ودي البس عباءة الإخفاء حقة هاري بوتر واروح اعيش يوم مع اللي احبهم اشوف كيف يقضون يومهم واشوف ما وراء الكميرا .😩,0
ورضيت أعيشلك انت يا حبيبي كفايه ان انت حبيبي #عمرو_دياب,0
في موسكو ...إشتري 4 بكرات ورق لامؤاخذه (تواليت)و إربح رحله سياحيه لفردين ل (مصر) ... #تحيا_ماسر https://t.co/QSDLaFEvqL,1
""" مسيرة جت من #التحرير في #طلعت_حرب وصلوا ميدان طلعت حرب وبيهتفوا بحماس جديد يا غراب يا معشش #انشكاح",0
"صور| احتفالية تأبين في حب ""الساحر"" بـ #مهرجان_القاهرة_السينمائيلتفاصيل أكثر https://t.co/kRrK9rWSwu… https://t.co/IGsKDAFZYQ",0
الحشيش حلو مفيش كلام #اه_والله,0
توقعات #عرعر باذن الله #طقس_العرب https://t.co/18oUWQDp1t,0
"RT @mhmdhafiztw: أبحث عن كتاب: ""ﺇﻳﺮﺍﻥ ﺍﻟﺼﻔﻮﻳﺔ​، ﻛﻴﻒ ﺻﺎﺭ ﺍﻹﻳﺮﺍﻧﻴﻮﻥ ﺷﻴﻌﺔ؟""ﺗﺄﻟﻴﻒ ﺩ. ﺃﻣﻴﺮ ﺣﺴﻴﻦ ﺧﻨﺠﻲ",0
من يزعجه صوت الاذان عليه العوده الى اوربا #القدس,0
RT @bosarh5: ريال مدريد ..والله واحشني موترغم ان القادم صعبالا اني اعد الايام والدقايقلـ شوفة ..,0
RT @f9oo: أدعى ان هيلاري كلنتون انسحبت من سباق الترشيح للرئاسة الامريكية و ان ترامب هو الرئيس القادم، فقط حتى يشوف ردة فعل الشارع الامريكي.…,0
#اليمنية| #الميليشيات تنهب بطانيات النازحين في #ذمارhttps://t.co/UKu6EJUzcW#التحالف_العربي_سند_اليمن#جنود_التحالف_سند_لليمن,0
@EGYPTAIR السلام عليكم لو سمحتي انا قادم ع الخطوط المصريه من كوانزو الى الدمام ترانزيت القاهره وتاخره الحقائب وعددها 3 وصل 2 وباقي واحده,0
برشلونة يتلقى ضربة موجعة من أسبوع الفيفا - يوروسبورت عربية https://t.co/53C9seXnVH #برشلونة,0
"ترامب شخصية لا تصلُح لرئاسة دولةالرجل لايملك ""كاريزما""  الرؤساءاما هيلاري كلنتون واضح انه (بنت رجال ) وعندها نز… https://t.co/mvCjakWd15",1
مكياج عيون على طريقة بيونسيه https://t.co/gbGhTb7Lbq https://t.co/5cdh6j9HcC,0
#البوابة#ريكي_مارتن يعلن خطوبته من فنان #سوريhttps://t.co/gBoPJO7HcK https://t.co/j0jknM3UaX,0
يلي اغتال الشهيد جبران تويني هو يلي طنش ويلي وزع بقلاوة شو بقي من قسمه بس متاجرة فيه,1
دونالد ترامب خنزير ؟ عاد هذا بالذات حتى لو مو مانشستراوي يبقى خنزير !#امريكا#دونالد_ترامب https://t.co/8SSxSEZshC,1
#فيديو: #الجماعات_الارهابية في #حلب في حالة تخبط وتقاذف للتهم في ظل انجازات #الجيش_السوري@alibadawi12 رابط يوتيوب… https://t.co/iBkxz4D3It,0
هولاء ال سعود الصهاينه عدوين الاسلام والمسلمين يستاهلوء ستين صاروخ https://t.co/JvLu2Nny8c,0
@IbrahimKhadra  لإحياء ذكرى ضحايا الحرب العالمية الأولى والثانية من الإنجليز الذينضحّوا من أجل حرية بريطانيا.,0
@EGYPTAIR عنها ارجوا منكم التحقق من الموضوع بانتظار ردكم ارجوا الاهتمام بالموضوع,0
ادين مثل باقي المصريين جميعا الاعتداء الهمجي علي الاستاذ خالد داوود بواسطه انصار الاخوان الارهابيين الثوره ستنتصر علي الارهاب,0
RT @alaanoor2010: #في_بلادي_يوجدناس غلابه بتصدق احمد موسي ولميس وجوزها الاقرع ناس بتصدق ان السيسي بطل وان اوباما بيخاف منه وان اسرائيل بتت…,1
@TRTalarabiya يا اردوغان انت عبارة عن كل نابح . اعلم يا هذا بان العراق العظيم لا يمثله المهزوز العبادي وانما يمثله السيد مقتدى الصدر,1
#روسيا_تقضي_على_حلب اللهم أقف الدماء بعروق بوتن المعتدي و جنوده و بشار وزمرته و بملالية إيران وأعد أمن سوريا والعراق واليمن وليبيا ياكريم,0
"""إنما المؤمنون إخوة ""علي شعار رابعة خلفية الزعيم #أردوغان في منظر ولا أروع #مرسي_رئيسي",0
RT @RTarabic: #تسريب جديد لـ #هيلاري_كلينتون تتهم فيه #السعودية و #قطر بدعم #داعشhttps://t.co/5mPJrXSvhO https://t.co/hXzirZab0r,0
شاهد روبرت دي نيرو يهاجم دونالد ترامب و يصفه بالخنزير - بوابة التقنية,1
و سقطت العباءه 😂#مهرجان_القاهره_السينمائي https://t.co/p10mR8zkxJ,0
#أردوغان: #الناتو ليس مجرد منظمة دفاعية ولكنه منتدى أمني للدول الديمقراطية https://t.co/ERwdtN15ZM,0
الحكومة التركية ترفض مشروع قانون إسرائيلي يحظر أصوات الأذان في #القدس#تركيا https://t.co/ZHuJNwbn2o https://t.co/6NlqiwXQ7d,0
تنفيذ اتفاق حلب المتعلق بخروج المسلحين وعائلاتهم من الاحياء الشرقية بالتزامن مع خروج مدنيين من كفريا والفوعة,0
العاصمة: مسيرة لمساندة بشار الأسد ضد الإرهاب(بالصور) - أنباء تونس https://t.co/tnMZ7rAq84,0
بالصور كارثة عقارية جديدة بالاسكندرية عقار جديد يميل بدرجة 10 سم و يهدد العقارات المجاروة,0
"#بوابة_الوفدشاهد.. #عمرو_أديب: ""لسه مصممين على المفاعل النووي بعد اللي بتعمله #روسيا""https://t.co/LrXUpExnDs https://t.co/eUSBbDfXUb",0
#التحرير | أسد #الأقصى .. عملية #استشهاد ناجحة جعلت قيادات #اسرائيل يناشدون #الفلسطينين بالسلام… https://t.co/Aug1D0XtWr,0
إن ذكر الرحمن يُذهب الأحزان #أحبك_ربي,0
فيديو خد ياض خلاص روح ياض الاسبوعي https://t.co/eUSEFOInjA,1
يسألنيوش رايك كيري جاء للسعودية مُهرولا؟أجبتهما فعلته دول مجلس التعاون في قمة البحرينكان ضربة معلمإعلان التحالف مع بريطانيا أيقظ أمريكا,0
RT @naizaktv: فيه بعض الطلبات أتتني لترجمة مناظرة هيلاري كلنتون وترامب اللي كانت اليوم وصعب ترجمتها كاملة لكن هل تؤيد ترجمة بعض المقاطع منه…,0
بالفيديو.. تامر أمين: أحمد شفيق سيعود لمصر خلال شهر #أحمد_شفيق https://t.co/BnVf2wjoft  |كلمتي|#مصر  #جبهة_شعب_مصر https://t.co/oFKHbCcbYx,0
الرئيس الامريكي المنتخب #دونالد_ترامب خلال زيارته لمصنع #كاريير في إنديانابوليس :الشركات التي تنوي مغادرة… https://t.co/qZq5PdyCds,0
بالفيديو- ماذا فعلت #لميس_الحديدي بعد ان تم تقلديها هي وزوجها #عمرو_أديب؟https://t.co/Fdzv8qWNwZ https://t.co/GL0xZBLMzo,0
اللي ضد تطهير الداخلية هو مرسي وجماعته وماحدش منعهم عن دهوياريت تورينا شطارة نقدك على كذب الرئيس وجماعته وفشلهم الذريع,1
الى الشيخ احمد الطيب انا مسلم سنى وانت لا تمثلنى احترم الازهر لكننى احتقرك جدا,0
@karihalkhwarij @Islam__Muslim مطلوبين دولياً ، أليس الأولى أن يكون بشار الأسد المطلوب رقم واحد ، لو أن المجتمع الدولي عادل بالأساس .,0
ادعوكم لقراءة مقالة رائعة كتبها آصاحبي محمد يسري سلامة من ٩شهورعن مغبة شيطنة الميدان من اباخوان والتي ستنقلب عليهم,0
إعلموا إن بعثت #الأمم_المتحدة مبعوث لها لحل أي نزاع فأن #أمريكا تريد إدارة الصراع كيفما تريد لتنهيه كيفما ومتى ما أرادت.#لنفهم_اللعبة#شنيف,0
@77722244 @AlArabiya سبحان الله #واشنطن نسيت دمار #العراق و #الصومال و #افغانستان و #ليبيا,1
RT @shibobahmad: #العبادي_يمثل_العراقنحن ننتقد #العبادي لكن لن نتخلى عنه عندما يكون الدفاع عن الوطن.انا معك يا ابو يسر ضد قردوغان .#العر…,0
برلمان مشكوك في شرعيته سينتخب لجنة نصفها منه أي غير محايدة لوضع دستور لمصر وليس للأغلبية الدستور مصدر السلطات وليس العكس المتاهة مستمرة,0
(إن إلى ربك الرجعى) [العلق:8] #ريال_مدريد,0
'دانييل رادكليف' (هاري بوتر ) لما حب يبعد عنه المعجبات 😂😂✋قمة الشبحنه والله 😂😂 وشوف الحلقة ومسكة السيجاره 😎😎😂😂 https://t.co/Vp7SvBr72w,1
باقي بس ثلاث ايام عن اول عرض لفلم فانتاستيك بيتس ان وير تو فايند ذيم * قيل قصة هاري بوتر بـ 19 سنة 😭 اخخخيراً.,0
يخي ويندوز 10 عنجد فخم 👏👏,0
ختاما هذا وقت غايتان ديبالا كرانيفيتير والبقية .. التجربة والانسجام ويلعبون مع بعضهم وابعاد الديناصورات على رأسهم ميسي ولا تكرار فضيحة ٢٠٠٢,1
الدائرة غير متجانسة و لايمكن السيطرة عليها من عصبية او اقلية او من اتجاة سياسي,0
الاعلام الغربي امتهن ليّ للحقايق. https://t.co/yhpRRiQ5Dr,0
#التحرير | #روسيا تجدد دعمها لبشار الأسد بإرسال طائرات جديدة https://t.co/E2mpvm0h51#tahrirnews https://t.co/Zu471ElFrJ,0
الشعب هو البطل الوحيد!,0
_ يسعدني أن المرة الوحيدة التي سأظهره فيها في رمضان ستكون مع الأستاذ,0
قاللك اجتماع روسى تركى إيرانى فى موسكو لتسويه أزمة حلبطب يا بيه والناس اللى دافعه فلوس دى ملهاش مكان ع الترابيزه 😃,1
@sabqorg صيغة الخبر ماهي واضحة يعني يحق للمملكة وقوات التحالف استخدام الذخيرة العنقودية وابلغنا بريطانيا بأننا ماراح نستخدمها مره اخرى ؟,0
#اغيثوا_مسلمي_بورما_وسوريا #ستبقي_حلب برغم الجراح والالم وحكام خانواالدم #الدعاء_الدعاء_لاهل_حلب https://t.co/HRUtuBtIIP,0
لا ودلوقتي اكتشفوا إن هيكل ناصري وإنه سلطوي وبيشرب سيجارطب ولما مرسي كان هيطير من السعادة بيه ومد لقاؤه معاه ساعة كان فاكره بيشرب كليوباترا,1
@EGYPTAIR مساء الخير لوسمعت كنت عاوز   اعرف موعد عودة رحلاة طيران من مصر الى روسيا مباشر,0
الحمدلله علي التأهل لدور المجموعات بالكونفدراليه و من فوز لفوز ان شاء الله يا #أهلي #عمرو_جمال - يشعر بـ حالة ممتازة,0
الصلح خير قوم نتصالح #المشير,0
ولاية #حمص  مكتبة #الهمة  حشد نينوى العشائري جاهز لتحرير مدينته من مجرمي داعش https://t.co/E5JXRdSle0 _,0
في كل شتاء يمر على النازحين السوريين ينهش البرد أجساد شعوب الخيام..كي نكون جزء من الدفء..,0
RT @IraqSurveys: الخميني كان عميل امريكي ... الان تعترفون ؟؟ كنا نعلم ذلك في العراق منذ 1978 مهم https://t.co/tTtnswDYAK,0
بعد الانفاق في معسكر اعداد وملابس وكتيب المشاركة في العاب الفرانكفون وقبل 24 ساعة من السفر الغى طاهر ابو زيد,0
كيف قتلت روسيا معارضيها اللاجئين في تركيا، عبر عملائها في اسطنبول؟https://t.co/rGYtsdbiVK,0
#lebanon  في الذكرى الحادية عشرة لاغتياله ….جبران تويني سقط دفاعاً عن ...  https://t.co/Q32TYWxr3L,0
"دعوات ""لإضراب عام"" في جميع مدن #ليبيا، بسبب ارتفاع أسعار المواد الغذائية وانعدام السيولة وانهيار الدينار الليبي.",0
#ماهر زين ناااس تشبهلنا : ^_^,0
إسرائيل تطلق اسم “شيمون بيريز” على مفاعلها النووي https://t.co/60SfEWtRfJ https://t.co/nX7isv4lZU,0
RT @MagdyMa35145454: طنط منى بتاع المنوفيهنووووو اوباما سيسى يسمعلش من المنوفيه ههههههههههه https://t.co/855VVTA0DD,1
RT @CadmusTV: الملخص للمناظرة الاولى... https://t.co/uN3dNVxRSL#المناظره_الثانيه  #كلنتون #ترامب  #هيلاري_كلينتون #دونالد_ترامب #المناظرة…,0
‏ الأسواني:ان الجرائم التى يرتكبها الاخوان المسلمون تتزايد كل يوم وبالرغم من بشاعتها فهي تكشف حقيقة الاخوان التي ‏,0
"""السيسى"" يُشرف على إصدار أغرب تاريخ بعد أن جعل حرب أكتوبر المجيدة دون إسرائيل https://t.co/Cdf0kZiZda",0
#مش_ساكتة عشان الناس #مش_ساكتة عشان ده حقى #مش_ساكتة عشان مش غلطى #مش_ساكتة عشان انتى اقوى من المتحرش,0
حبيبتي إنتي  طيبة أوي يا نوال الزغبي بالبنطلون الأحمر  @reemalmsree,0
RT @Guevara198: #السيسي مش ناوي يبيع مصر أبداً مش حيحصل الكلام ده كل اللي حيعمله أنه حيوزعها بالإيجار المنتهي بالتمليك بين روسيا وايران،سيس…,1
مشكلة اليسار مش اللي قاله العريان مشكلته إن رغم كونه الفصيل الأكثر فاعلية ونضالية في الثورة المصرية لم يستطع طرح شكل,0
فاكر يا #مظهر_شاهين يا امنجي يا ابني لما كنت عايزني احط اسمك في مجلس رئاسي مدني في احداث #محمد_محمود و مر…,1
المصري بيقول حزام ناسف و الشروق بيقول سيارة مستفخخة و الأهرام بيقول شنطة مدارس قوم اوقف ونتا بتكلمني,1
RT @MoawadAmal: @AhmedKhatab89 #مصر_لن_تركعلانها نايمة شويةمش حتفوق الابالثورة#وتركع_شكرا_لله#ارحل_يا_سيسي https://t.co/RIKvOk2YZu,0
الصورة تتحدث عن نفسها #مصر #الداخلية_بلطجية #حريه #محمد_محمود #جرافيتي,0
اخيراً خلصوا الحراره لاعبة لعبها بس لازم نختم كلام اليوم😰واعتذر عن #حزب_الاعاده✋🏻سبحان اللهالحمد للهأستغفر الله😴😴 #زد_رصيدك37,0
الامارات داخله باسمين EgyptAir ازيكم ؟! https://t.co/YbMYd5I0RV,1
@ArabiaWeatherJo  من #طقس_العرب https://t.co/BIGs5DMkvV,0
RT @mihanziba20152: #إيران.. إعدام سجينين في سجن «بارسيلون» في مدينة خرم آباد.#الاعدام #الانتهاك_حقوق_الانسان https://t.co/iXSmE1G4EC https…,0
#الاستعمار و #الاحتلال بصيغة جديدةتحت مسمى الحرب على الارهاب- دمرت بلاد- نهبت ثروات- قتلت ملايين الانفس- ضاعت… https://t.co/rodP3BIesX,0
RT @KingSalman: فخورون هذا اليوم بتضامننا في #رعد_ الشمال وأن يشاهد العالم عزمنا جميعاً على ردع قوى الشر والتطرف ومحاربة الإرهاب.,0
وفد من حركة التجدد للروم الكاثوليك برئاسة شارل عربيد في بيت الوسط للقاء الرئيس الحريري https://t.co/mez4aCxCoz,0
رحم الله جمال البناكان له ككثير من العلماء آراء صادمة وكان لديه النقاء الكافي لإعلانها والدفاع عنها وتحمل ضريبة الهجوملكن عطاءه أوسع بكثير,0
أطالب بالتحقيق مع الدكتور محمد مرسي بتهمة إهانة فكرة رئاسة الجمهورية,0
RT @jerrymahers: #سعد_الحريري يتهم ايران بتدمير #سوريا والتورط بدماء شعبها ويتوعدها بأن اصوات اطفال #حلب ستظل تقض مضاجع القتلة! #جيري_ماهر,0
اتحاد العالمين على أكل راس المسلمين ! #لافروف https://t.co/3XAS89PlC1,0
أنا بقعد أسأل جوجل أسئلة في منتهي الغباء وساعات بكتبله موضوع تعبير وبردو بلاقي إجابة وبلاقي ناس سألت نفس الأسئلة فبحمد ربنا والله #جوجل_الحب,0
بالخريطة:  #الجيش_السوري يحقق نصرا استراتيجيا بالغوطة الغربية و يبسط سيطرته المطلقة على كامل منطقة خان الشيح https://t.co/ULY6MwK6Nx,0
RT @muslim2day: فيديو بثه إعلام الأسد..#russia#alepقوات الأسد في #حلب برفقة عناصر من جيش الاحتلال الروسي.#سوريا#تداعي_الأمم https://…,0
بالفيديو.. مايكروسوفت تُطوّر “الرسّام” ليتلاءم مع ويندوز 10 https://t.co/3Q3WurZlAY https://t.co/Elw5QfD2wJ,0
كبرتي يا بطة وطلعلك شنب وبقيتي بتقولي حكم.. غوتشي.,1
@SL_FuT طيب ميسي وسواريز مسوينن اظءء نشرب من نفس الكوب ويشيل ولده ومدري وش,0
اتمنى ان تكون القوى الإسلامية والليبرالية واليسارية راغبة بالفعل في تشكيل قائمة وطنية موحدة لخوض الانتخابات البرلمانية القادمة #,0
استغلال #الهدنة في #تعز بالقصف على المدنيينهذا ما اراده #كيري و #الأمم_المتحدةفكلما وجدوا حليفهم منهزم أنقذوه... https://t.co/RJMDvcGxRm,0
@BATCAT95 والله ضحكتني ذكرتني ب الي طلب سجادة من امازون واخر شي طلعت كبر يده 😂😂😂,0
@Ayman_Alatar كل سنة وهي سفيرتنا للنجوم 🌹 ويسلم هالصوت يا نجمنا يا احلى صوت غنى لفيروز #فيروز_العيد #عيد_الدني #من_قلبي_سلام_لفيروز #فيروز,0
بوتين هدد والجيش نفذ.. كيف ردت روسيا على الناتو؟#صحح_خبرك #روسيا #الناتوhttps://t.co/NytX9BrWHD https://t.co/UwOqITOAIq,0
ثلاثين يونيو موجة ثورية ضد الفاشل مرسي والجماعة الكذابة ما أرفضه هو القمع والعقاب الجماعي كفاية كذب وخداع للنفس,0
دولة مبنية عا الكذب من تاريخ وجودها آل سعود كذابين #كندا #Christmas #بو_صعب #فيروز #الهرمل #هوا_الحريه #وينن #AUB150 https://t.co/u6O5hFEtPj,0
سلامة أحمد سلامة، تركت إرثاً من الأخلاق حين عزت و من الحصافة حين اهتزت و من الشجاعة حين كان لها ثمن يرحمك الله,0
رحمة الله على المناضل العظيم مصطفى عبد الجليل أحد أعمدة الثورة الليبية,0
وأخيرًا ✨#SuperMarioRun https://t.co/hYvX4Z9yz3,0
"انتهت الفنانة نوال الزغبي من تسجيل أغنية جديدة بعنوان ""بدك تسأل عليّ"" من كلمات أحمد ماضي، ألحان جان صليبا وتوزيع باكيتو باهيم.",0
RT @123Rania1123: أبكي عليها، على خذلان أمتنامتى نقومُ على أقدامنا غضبا !؟#حلب https://t.co/TDf3stZ0yB,0
#جبهه_شعب_مصر هذه ماكانت مناظرة  تلك كانت مسخرررررررهنيران صديقه وقنابل عتيقةوناس بتموت من ظلمات داعش صناعتكم… https://t.co/4V9Cl0QquE,1
@hala_just_1 اعلنها #اﻻخوان في #مصر و لم يعملوا بها 80 سنه استعداد حتي وصلوا للسلطة ثم سقطوا بعد سنة واحدة.لكن #حماس اعدت و نجحت .,1
ريال مدريد و تشلسي متصدرين ، ٢٠١٦ ما زالت تبتسم لأندية الحظ,0
إليكم مجموعة مميزة من الإطلالات الجديدة لعطلة أعياد رأس السنة.. تشاهدونها خلال آخر حلقة من #فاشن_تايم#Fashion… https://t.co/qAws4rTmtA,0
في كل الدنيا يلتزم المسئولون بتنفيذ تصريحاتهم المشير طنطاوي صرح بان سيوقف إحالة المدنيين الى محاكم عسكرية و كل يوم تتم إحالة مدنيين جدد,0
@sallyagaa @DramaMemories ليش 😞😞طيب ادخل ع غوغل تلاقي بي,0
قريتها جستن بيبر🙂 https://t.co/nbiFpegj2k,0
#ايجي_فيديو : الكابوس الروسي في سورية https://t.co/BFEhVvT4qu,0
اسف بشأن الرسايل انا حسابى ع جوجل علشان كده مفيش غير إشعارات ع الرسايل مفيش خاصية الكتابة عندى https://t.co/qV0mOLQqvZ,0
تبا لك #مارك -_-,0
RT @zozoiraqoan: مفتي مصر علي جمعة: #اردوغان قرد مضحك   #erdogan_is_isis https://t.co/Gk3QKUhLv2,1
ألمانيا تسعى لتشديد عقوبات نشر الأخبار الكاذبة على فيسبوك https://t.co/xyrU7uA9az,0
@Sllokei اسطورة التنس روجر فيدرر وصاحب 88 لقب منها 17 جراند سلام #اسطورة ❤️,0
لما #عدلى_منصور يصدر قانون لحماية وتشجيع #الاستثمار ويجى واحد #جاهل من #الثوار يقول أن #عدلى_منصور بيهدر المال العام يبقى احنا فى زمن #المسخ,0
العهد الجديد في ظل فخامة الرئيس ميشال عون سيشهد مشاركة كافة المواطنين لحقوقهم وواجباتهم وعدم تهميش اي شريحة ولا سيما ابناء بعلبك الهرمل .,0
شوف المعادلة ( التآمرية للكلب #كيري ) : انه سلم خطة ل #لافروف ليوصلها الى #إيران من اجل تسوية في #سوريا .. والله لن يحرر #سوريا الا #الثوار,1
اهالى #عزبة_النخل يفضحون #السيسى: حملته قالت لنا اعملوا توكيلات للسيسى وهن:,0
النفاق أصبح أحد أركان المجتمع ! #اه_والله,0
RT @RM4Arab: كاسيميرو : ريال مدريد أكثر بكثير مما كنت أتوقعه ، سعيد جدا لكوني في هذا النادي.,0
#كل_يوم - إضراب عمال النظافة بمطار #برشلونة#ON_E | #عمرو_اديبhttps://t.co/wlZ1mfVivD,0
#طقس_العرب: #شاهد🔴تساقط الثلوج على مدينة #حمص في سوريا فجر اليوم #الطقس #أمطار https://t.co/LbIuStkbMv #طقس_كترل,0
الدكتور بشار الجعفري: ضباط استخبارات أجانب موجودون إلى جانب التنظيمات الإرهابية في الأحياء الشرقية لمدينة حلب ويحاولون الخروج من مواقعهم.,0
"#خالد_علي: رفع أسعار #الغاز ""إجرام سياسي""",0
@Alito_NBA @AHMEDGARNETT انا اشوف يخلونها نظام ملاك والرواتب مفتوحه.. عادي يعني يجي تاجر ويشتري نجران موب شرط فريق قوي ومعروف,0
@a_aA15   الاعلام الغربي مادرى عنا لكن عندنا ليبراليين فاسدين متمردين على منهج ودستور البلد يشوهون واقعنا ويرسلونه للاعلام والمنظمات الغربية,1
@NawalElZoghbi لما خلصت عمليتي وكنت بحالة البنج والله العظيم الاهل والاصدقاء بيقولو بس تحكي نوال الزغبي احبج ويارب يجعل كل ايامج اسعد الايام,0
لا تعرف حتى اسمه.و ما يزيد عجبا أنها في #واشنطن و تتنبأ بنهاية المجاهدين!!ما شفت أغرب من هيك خلق..يا عمي يهون مش… https://t.co/FvkfboPAKz,0
RT @NirvanaMamdouh: رد فعل الناس في الشارع لما المذيع اشتغلهم ان #هيلاري_كلنتون انسحبت من ترشيحها للرئاسة و #ترامب بقى هو الرئيس 😅 https://…,0
اجتماع وزراء خارجية #روسيا و #تركيا و #إيران..الثلاثاء بدل الاسبوع المقبل https://t.co/atjq4FraVY https://t.co/8CquSsafbP,0
في ذكري مقتل «الدرة».. إسرائيل تتنصل من قتله علي يد جنودها https://t.co/iK664pj9FU,0
#صور مقتطفات من مهرجان (الانتصار) الذي أقامته حركة المقاومة الاسلامية #حماس في مخيم البريج  لتكريم أبطال كرة... https://t.co/HqRQYvm78h,0
@saeedlow @ahmedal3onan @HASON_itti @Uiiiu88 روح ابتهل وادعي ان هيلاري كلنتون تولى امرك وموترامب لان بيكون مافي نت عشان اشمت فيك ذيك الساعة,0
"#ناجح_إبراهيم: #ثورة_يناير ""فككت"" الدولةوالفيوم وبني سويف معاقل للفكر التكفيري #أخبار #مصر",0
#ابراهيم_محلب التاجر لما يفلس يدور في دفاتره القديمه، ودفاتر مصر مليئه بالفساد المالي مع رجال أعمال مصرو، هم لصوص ولكن مدللين وظرفاء,1
RT @KingSalman: عيدكم مبارك، وتقبل الله مني ومنكم صيام رمضان وقيامه، وأسأله سبحانه أن يجعل أعياد أمتنا الإسلامية تامّة بتماسكها واستقرارها،…,0
100 يوم من فشل الانقلاب 200 دولة ترفضه 400 فندق اغلق 800 مصنع افلس 8000 شهيد 20000 معتقل 30000 مصاب 50000 مسجد,0
جمعة مباركة :),0
مسؤول في الخارجية التركية: وزراء الخارجية التركي والروسي والإيراني سيجتمعون في موسكو يوم غدا لاستئناف المحادثات بشأن #حلب,0
RT @sxahl: هاري بوتر ⚡️. https://t.co/hkLH2FJ9Ht,0
"عجبني ب  #حكومة_لبنان وزارة ""شؤون مكافحة الفساد"" بحسّسوك انّه لبنان دولة متحضرة و فيها محاسبة للمسؤولين",0
مشروع القرار الذي طرحته فرنسا حول إرسال مراقبين دوليين الى حلب لمراقبة عملية الاخلاء والذي صوت عليه بالإجماع اليوم… https://t.co/PrLpM0G2NR,0
"#الجيش_السوري ينفذ كميناً لمسلحين حاولوا عبور منطقة ""#جباب_الشعاير"" في الريف الشمالي لـ #درعا باتجاه #اللجاة ما أسفر عن مقتل وجرح عدد منهم.",0
عالم #التقنية : أندرويد نوجا يتعطل أكثر من iOS 10 – إحصائيات https://t.co/9JuTMeiTbE https://t.co/wzWmUISY0F#تقنية,0
@malak_alhusaini @aaaj2015 ملاااااك شوفيني محتاجه ابي ايفون او اي شي لو شنطه 😭😢💔💔💔💔💔💔💔💔💔,0
@1Kenneddy @khxlidz أغنية بيونسيه ذي,0
شقيق بوسكيتس يعمل بوابا في برشلونةhttps://t.co/raBYNq9i45 https://t.co/eoaLTseJkM,0
"دأت الثورة ومعي 82 شخصا. ولو اضطررت لتكرار ذلك كنت سأكتفي بـ15 أو 10 أشخاص. 10 أشخاص وإيمان مطلق"" #كاسترو https://t.co/pEsIum6Ctw",0
@periscopeco #اغتيال_الشيخ_نادر_العمراني #نادر_العمراني #ليبيا الصوت بالأعلى,0
#مبتدا|بالفيديو| حفل تسليم جوائز نوبل.. بوب ديلان الغائب الحاضرhttps://t.co/i9oAHpm0cC,0
لا يفوتكم يا شباب محمد فودة على اكشن يا دوري وفقرة الاخطاء التحكيمية #حممممااااس,0
@AdelsGrail فيه عن كل شخصيات هاري بوتر غوغله 😂,0
#طقس_العرب_فلسطين#أمطار يوم أمس الأحد في #الخليل#طقس_العرب https://t.co/rzFBtX5706,0
شاهد الاناحتفال لاعبين برشلونة بلقب الدوري الاسباني2016 ونزول الجماهير الي ارض ...https://t.co/GMSNAbMYqh… https://t.co/yue8hIsHZz,0
@ipuct غوتشي غوتشي طويله اكتبيها كذا اقصر واسهل قوجي قوجي,0
عاجل..فيروس الفيفا يضرب #ريال_مدريد بطريقة #برشلونة@FCBarcelona @realmadrid https://t.co/kKruT7z3gd https://t.co/b9It48efwL,1
"#فلسطين #غزة خاص: الانتهاكات ""الاسرائيلية"" بحق أطفال فلسطين..ماذا بعد؟! https://t.co/NnUlKiqPiJ #Palestine #gaza https://t.co/SwN4JsByBv",0
بسمة أمل - هدية لعودة الحب لحياتنا,0
بسمة أمل من المستشفى - إسعاد غيرك إسعاد لنفسك,0
السعودية تعترض صاروخين للحوثيين وترسل تعزيزات https://t.co/4h3MKXXYwM,0
@kdriyadh @nevermind330 وقت الشدة في ظنتي الجيش المصري حيوقف مع السعودية ماراح يتبعو سيسي ولا غيروا عشان كذا لعاد يوزعو فلوس خلاص كفاية,1
#نوال_الزغبي  قبل ماتنامي تذكري اني بحبك❤وبكرا رح حبك اكتر❤😍🙈,0
بذوب بضحتك الله يخليلنا إياها وما يحرمنا منها 😩💘 #نادين_نسيب_نجيم #في_بيتنا_ضيف #nnn #nadinenassibnjeim @nadinenjeim https://t.co/3z2PnR13wt,0
حينما ينتصر الشعب ويشرق شمس الحرية بعد هذه الغيوم الانقلابيه يمكن ان يسترد ما سرق من #ثورة_يناير,0
RT @shahooda73: تفقدوا أحوال جيرانكم وأقاربكم ومن تعرفون قبل رمضان فكم من ابواب خلفها 《 فقراء 》﴿ يَحسبهمُ الجاهل أَغْنِيَاءَ مِنَ التَّعَ…,0
#فلسطين شو بخطر  ع بالك اوول ما تسمع الكلمة هاي 👆#شاركووونا#jamel,0
@MrQAhtani1 @itz5o5 انت في بلد التناقضاتلازم تتعود ويصير عندك مناعهاذا من نحسبهم مثقفينتراقصوا مدح لحجاب زوجة اردوغانوعندنا لا عاهره 😂,1
الفائزون عالميا وافريقيا من انصار رابعة والشرعية والفاشلون انصار الانقلاب يا وزير للرياضة يا خسران بالستة يا,1
"وزير #الخارجية_الفرنسي إيرولت يؤكد لحجاب ضرورة انفصال #المعارضة_السورية عن ""#النصرة"" https://t.co/THKRWV9XrB https://t.co/CZvfKq3TCx",0
"من يبي نتقابل ليلة راس السنه بدبي ؟ 🎄🎅🏼""#Christmas #merrychristmas  #NewYear #happynewyear2017 #dubai #دبي #سالب  #Rabeh2017",0
انتهى زمن #الرئيس الذي يمنح وجاء زمن الشعب الذي يجد ويعتز بكرامته؛ وما اعتمدته لكم هو بعض حقكم؛ فأنتم الذين تمنحون ولست …,0
الاعتداء على الفنان خالد يوسف من قبل بلطجية ابو اسماعيل يدل على ان مرسي وجماعته قد انتقلوا بمصر من الدولة الى العصابة ستسقطون كما سقط مبارك,0
#اليمنية| #تايوان تطالب “#جوجل” و “#آبل” بحذف تطبيق #أوبر لإجباره على دفع الضرائبhttps://t.co/3b9piz3GiB https://t.co/MnQtHp59oP,0
مبارك كان بيحكم من شرم الشيخ والسيسي حيحكم من شارع خمسه باب #انتخبوا_العرص,1
بالفيديو.. فيلم يوضح مخاطر لعبة “بوكيمون غو”https://t.co/GaDGZL7c8w,0
@Sllokei روجر فيدرر يتدرب الآن وبإذن الله راجع بقوة 😉,0
#أحلام و #عادل_امام و العوكش | قصف منتصف الجبهة | هتموت من #الضحكhttps://t.co/0slN8YHEK1,1
#كل_يوم: تفاصيل ضبط 62 طن كاتشب به ديدان وحشرات #ON_E | #عمرو_اديبhttps://t.co/lgggkZKNI5,0
Liked on YouTube: جالكسي اس 8 وتسريبات مهمة | جوجل تنافس ابل | تسعة مبتكرين عرب | #نشره_تك 103 https://t.co/d5yzOq2Ykc,0
@Shevaalshreef مافهش يا نصي ميسي هوه لارجنتين عليا طلاق كلهم نجوم علي لابيض,0
صباح الخير يا يمن اللهـم أني أعوذ بك من جهد البلاء ودرك الشقاء وسوء القضاء وشماتة الأعداء وغدر المرتزقة وخيانة الإصلاح حفظ الله #اليمن,0
بوتين بياخد بتار روسيا من أمريكا https://t.co/KSbkDZ2T98,0
نجحت امريكا باستغلال غرور بوتن وتشويه صورته في العالم الاسلامي تمهيدا لنقل الصراع داخل روسيا نفسها واوباماسبق وان حذر روسيا من هذا الامر,0
#الاحتلال يعزل ضابطًا هرب من مواجهة مقاوم فلسطينيhttps://t.co/q0BawHVLvS https://t.co/z0jb88m9JV,0
مسيرة احرار وجدعان #المعادى الان #حاميها_حراميها #مرسي_رئيسي مكملين,1
من قال أن دستور الجماعة لا يقسم مصر يجب أن يكشف على نظره فهذا شيء واضح وضوح الشمس,1
RT @IISXVRA: احسن له يتصل ل بِكي ام شعر حلو. - الشاعره بيونسيه!,0
تواجد عدد كبير من نجوم الفن في عزاء الفنان #محمود_عبدالعزيز مساء أمس، من بينهم #عادل_إمام، #محمد_رمضان، #محمد_هنيدي… https://t.co/sCMbTTLIPR,0
#سوريا   «الخروج من حلب».. معركة جديدة بنكهة أممية: “الخروج من حلب” .. هو العنوان الذي اختاره المجتمع الدولي… https://t.co/yAIpHDw79s #SYRIA,0
#سرت_تتحررسرت قتلت كلاب الناتواصبحوا بين هالك في جهنم و مبتور الأطرافسرت فضحت عملتكم و ردتكم للصليبسرت انتصرت و خسرتم يا كلاب #مصراتة,1
مصدقية من جوجل ونسبة الربح كبيرة أانا حبيت افيدكم اكتبو في جوجل🌱 رب,0
RT @TahrirSports: لأول مرة منذ 13 عام .. لا يتواجد روجر فيدرر أو رافائيل نادال ضمن الأربعة الأوائل في التصنيف العالمي للتنس 🎾 https://t.co/…,0
يُقال ان هناك مونتهي جداً حقق الكرة الذهبية ، هل هذا صحيح ؟ #ريال_مدريد,0
الرجيم القاسي هو أحد أسباب تسارع تساقط الشعر،، وذلك بسبب الحرمان من فيتامينات وبروتينات ومعادن مهمة لصحة الشعر. #ريال_مدريد,0
الرئيس الصماد: العدوان فشل في تحقيق أهدافه الاقتصادية#اليمن #اتفاق_مسقط #MannequinChallenge #محمد_عساف #كلمه_تقولها_لما_تتنرفز #اوروبا,0
لو اشوفه قدامي ذبحته بس طبعا مو قبل التحقيق  😅😅 @nadinenjeim #nadinenassibnjeim #nnn #star #actress… https://t.co/GIu2zDATii,0
RT @qatnology: اعلان جديد لبرنامج The Grand Tour من تقديم نجوم برنامج Top Gear السابقين 👌🏼 البرنامج الجديد من انتاج شركة امازون https://t.c…,0
أنا سعيد جداً بما أنجزه شباب أكاديمية الداعية المعاصر في سيناء في يومهم الأول، فقد التف حولهم أهل سيناء الذين,0
"#صباحي: #عدلي_منصور أصدر قانون ""التحصين"" لخدمة الفساد| أي كلام وتشكيك المهم يوصل للكرسي",0
#SuperMarioRun ختمتها ما تستاهل ال١٠ دولار وتقدر تختمها بنص ساعة بس القفز فيها سيء وفيها مطبات كثيرها مالها داعي… https://t.co/esU76Yi6ZA,0
في زمن #الانتظار تعرفوا على تكملة تاريخ #شجرة_الميلاد#jespro #jesuit #christmas #christmas_tree🎄 #advent https://t.co/OljgRsZ0PZ,0
👈🏻 .. ﻓﻲ ﺳﺠﻮﻥ ﺃﻓﻐﺎﻧﺴﺘﺎﻥ ﻭﻓﻲ ( ﺟﻮﺍﻧﺘﺎﻧﺎﻣﻮ ) ﺑﻛﻮﺑﺎ .ﻭﻟﻢ ﻧﺠﺮﻡ ﺍﻟﻤﺴﻴﺤﻴﺔ ﻭﻻ ﺍﻟﻴﻬﻮﺩ ﺑﻤﺎ ﻧﺸﺮﺗﻪ ﺻﺤﻴﻔﺔ ( ﺩﻳﻠﻲ ﺳﺘﺎﺭ ) ﻣﻦ أن ﺇﺳﺮﺍﺋﻴﻞ ..👇🏻,0
سوريا ترتكب بها جرائم ضد الإنسانية منذ أن بدأت انتفاضة شعبها الشقيق ومن لحظتها ومصر والعرب والعالم يتخاذلون عن نصرة السوريين,0
يا رب… إن عبدك جلال عامر جعلنا جميعاً نبتسم في الدنيا وأدخل السرور إلى قلوبنا، اللهم أجعله مبتسماً عندك، مسروراً في جنتك,0
تنبيه عن الحاله المتوقعه ☁#طقس العرب https://t.co/GQ6mqRqmbV,0
@samehabouelkhie @ZHRANCO @qajJTU62glxYt6o @Haridinews اذا كان السيسي انتصر ف سوريه رغم وجود روسيا وإيران وأموال الخليج فكيف يكون ضعيفا,0
نعجة على العدو واسد على العجزة والاطفال#ستبقى_حلب https://t.co/IRR3ZEf83i,1
#أنتخبوا_العرص سؤال فقيق : أنتخابات الرئاسة القادمة بين السيسي وصباحي عبارة عن تمثيلية؟ لأ دى مسرحية بطولة أتنين واحد #هاشتاج والتاني #مشتاج,1
@QSD_Jabha أهبل و غبي من يفسر أحاديث الرايات الصفر ضد الرايات السود بأن الآولى حزب الله اللبناني. لم أسمع في حياتي أباطيل و طرهات مثل هذا,1
"""الناتو"" في بروكسل.. تحديات امنية والعلاقة مع ادارة ترامب وروسيا ازمة ســوريا وتقوية فاعلية التحالف ضد ""داعش"" ابرز نقاط البحث",0
كيفية الحصول على تنبيهات هاتف أندرويد من خلال ويندوز 10: تستطيع الآن الح... https://t.co/fLoe44WNZn #ملوك_التقنيه #تقنيه,0
@iUnthinkable شف سلسله هاري بوتر,0
جستن بيبر😂 https://t.co/C08Zui6X1K,0
الجميلة والوحش في غابة  الإضاءة المسحورة The #beauty and the #beast at the #Enchant #Christmas… https://t.co/n79b9R6UUm,0
الميدان للجميع حقاً ولكن الآن فيه ناس معتصمة وإعلان مظاهرة مناهضة في نفس المكان موقف من الحكمة إجتنابه لأنه يذكرنا بمعركة الجمل,0
أخر صيحة من حقائب اليد من فندي وغوتشي https://t.co/x6lG3LrC37#فندي #غوتشي #بنات_الخبر,0
| بحرية الاحتلال تهاجم مراكب الصيادين قبالة بحر #غزة ولا زالت #حماس تلاحق المجاهدين وتعقل السلفيين..#حماس_تعتقل_السلفيين,0
الحاسب اللوحي Teclast X98 Plus II بنظامي #أندرويد و #ويندوز 10 و 4 غيغابايت من الذاكرة العشوائية الآن بسعر $185.92… https://t.co/2u6aggJIBw,0
بالفيديو عبد الرحيم علي يكشف تخابر البرادعي مع المخابرات الأمريكية #باسم_طلع_حرامي …,0
خطاب بوب ديلان إلى الأكاديمية السويدية بعد فوزه بنوبل | ترجمة أمير زكي | المنصة https://t.co/6BccohwlW4,0
حفل ميريام فارس إلي نزعت فيه ملابسها تسبب لها بالسجن - https://t.co/U7MhoPsBap عبر @Dailymotion,0
لعبة FIFA 17 متاحة الان على ويندوز فون https://t.co/UlfnGyJ2x5 https://t.co/UChPdP92zQ,0
@hala_abdelwahab @Elghannamm2 #عمرو_اديب يقولك سياسيين..!! فعلا و الدليل انهم بقالهم ٣سنين بدون ريس و مافيش ولا كهربا ولا مية و زبالة مليانة,1
ﺛﺎﺋﺮ ﺍﻟﺸﺮﺍﻓﻲ ﺍﺑﻦ ﻣﺨﻴﻢ #ﺟﺒﺎﻟﻴﺎ ( ﻏﺰﺓ ) ﻳﻄﻠﻖ ﻋﻠﻲ ﻣﻮﻟﻮﺩﻩ ﺍﻟﺠﺪﻳﺪﺓﺍﺳﻢ ﺑﺸﺎﺭ ﺍﻷﺳﺪ ...ﺍﻟﻔﻜﺮ ﺍﻟﻤﻤﺎﻧﻊ ﻣﺴﺘﺸﺮﻱ ﺑﺎﻷﻣﺔ ﺍﻟﻌﺮﺑﻴﺔ,1
@malak_alhusaini نفسسسسسسسي افوووووووز بالايفووووووون ما عمري فزت ابي ابي ايفووووون @malak_alhusaini @malak_alhusaini الله يسسسسعدك 😭😭❤️🌹❤️,0
RT @al_watanQatar: مغني الروك روجر ووترز يشبه ترامب بالخنزير ويجدد هجومه على #إسرائيلhttps://t.co/a47cuCurcd#منوعات #هيلاري_ترامب #أميركا…,1
هل يتم تنفيذ القانون على امراء السعودية السجون في السعودية مليئة بآلاف المظلومين لمجرد انهم غير سعوديين وخصومهم سعوديون هل نحب لمصر,0
#مصر | شاهد: محمد ناصر يفحم ابراهيم عيسى بشدة: أيوة السعودية هي كفيل سيسي https://t.co/frF0c8Sdz8,0
"RT @AlkhaleejOnline: ملايين اليهود الأمريكيين يستعدون لاحتجاج واسع ضد ""إسرائيل""https://t.co/djZO6YdR2A",0
ناطرينك يا ملك السلام تيجي وتغسل القلوب وتجعلها نقية طاهرة محبة ،،، #christmas #joy #love https://t.co/pLRpVSG8Bg,0
ملكة الصحراء والجمال والدراما#نادين_نسيب_نجيمفي كواليس جلسة تصوير مجلة #ماري_كلير العربية في #دبي@nadinenjeim ❤👑 https://t.co/y6vlO8oMdA,0
يمني برس /..بالصور : تواصل الفعاليات في الحديدة وصنعاء بمناسبة المولد النبوي الشريف... https://t.co/h098Ab2W7B,0
#اوعى_تنسى انو احسن هدفين لعام 2014 وبكل صدق تم تسجيلهم بالدوري الاردني,0
RT @ibrahimshahed2: #اوباما يستخدم #النقض ضد قانون الزام #السعودية بتعويض ضحايا هجمات #ايلول 2001 #EHS https://t.co/OB05GmcrkT,0
#الرياضة بعد فوز السعودية على الإمارات .. ترتيب المجموعة: حقق المنتخب السعودي فوزاً مهماً على المنتخب الامارا... https://t.co/7dNx9AewKf,0
#مركز_صدى_للإعلام: تركيا: 5 آلاف سيارة سورية مهددة بالحجز https://t.co/098fxznTc2 -#Syria_feed,0
الان سجل مع #اوبر في #القصيم واحصل على #المكافئات و #العروض 👇🏻سجل عن طريق الرابط https://t.co/KdAJ4fapLfبعدها تو… https://t.co/N6fcm2RP0p,0
@M_Jimmy96 @Alito_NBA مافي مشاكل بينهم الاعلام هو الي خلقها.,0
@alaabenk98 سحبي عشان نسوي ماراثون هاري بوتر مع بعض...,0
الزباله vs غوتشي. https://t.co/aY4qq5BcNm,1
@kazakhelo الغريب ان فريدة عندها فيسبوك الصراحة,0
فيك عن ميثاقك الوافي جنوح لا انتحيتي كالخيول الجافله من يؤمن في رجوعك به تروح للهموم أللي بسنيـنك حافله #محمد الشمري,0
#ماذا_لو_المدارس_مختلطهارتفاع التحصيل العلمي لصفوف الإبتدائية,0
#جبران_تويني لن انسى يوم اتصلت بك لاعلمك عن توقيع كتابي اسرار فصائح #البيئة #سوزان_برباري كيف كنت متحمسا لقضايا… https://t.co/aLn6taHVPT,0
بعد قليل ننشر لكم فيديو من ندوة دعلاء الأسواني من ساقية الصاوي بتاريخ 14-6-2012 ويوضح موقف دالأسواني من انتخابات الإعادة الأدمن,0
🚨تعرف على 3 تطبيقات من انتاج جوجل لم تسمع عنها من قبل !!https://t.co/MYWb5D3j76,0
الي مو عاجبه مبدأ التعايش مع مختلف اشكال الناس.. عنده حلين.. يا يصير امريكي و يصوت حق دونالد ترامب.. او ينتحر.. الخيار الثاني اشرف لك..,0
#دبي_اليوموزراء خارجية الناتو يلتقون اليوم في بروكسل https://t.co/3bbKcHIb43,0
@shadia_faouri @jassimsalman يمكنكم دعم حلب و التبرع لصالح النازحين السوريين عبر موقعنا الالكتروني https://t.co/YZiCjv9PX3 وجزاكم الله خيراً,0
@HaSanMohAbboud  ماذا فعل من ينبح من أجل #فلسطين؟ اه صحيح راح يذبح أطفال #سوريا كرمال فلسطين!,1
الدعوة عامةأمسية المولد النبوي الشريفنيابة سناومن فضلك رتويت https://t.co/0uFIqGYFZm,0
#اسرائيل تفرض غرامة على أحد المساجد والسبب...https://t.co/QW2vnWt020#فلسطين #البوابة https://t.co/vNUgIePg0o,0
اخبار برشلونة اليوم Sunday 9/10/2016 : توستاو: “نيمار أفضل لاعب في تاريخ البرازيل بعد بيليه” https://t.co/QLlPhSftsB,0
اللهمَّ بشر بشار اﻷسد بالنار والدمار له في الدنيا واﻷخره . طفل سوري بعد قصف منزلهم يبكي وينادي اخواته . https://t.co/wKwJ9hMKyN,0
فيديو | مصرع مقيم يمني إثر انقلاب سيارته أثناء بث مباشر على “فيسبوك”https://t.co/HLXgv0M1xl,0
لعشاق سوبر ماريو ،، متوفرة الان على ايباد و ايفون #iphone #ipad #mario #supermariorun https://t.co/EGTQPn1CP5,0
#الجيزة #مصر_مش_تكيه الفاعلية الثالثه لاحرار اكتوبر امام سنترال الحى السادس,1
@LibyanSpirit تناسوا أن تفريطهم في أداء مهامهم يصل لدرجة الخيانة العظمى لكن #بنغازي لن تركع وستظل دائماً قلب @ليبيا النابض,0
ملكة على عرش كل الاستفتاءات👑 #نادين_نسيب_نجيم @nadinenjeim https://t.co/jPjcKHI0ry,0
#لافروف : سنستمر في تقديم المساعدات اللازمة للحكومة السورية لتأمين المعابر في #حلب.,0
#Christmas is Here !قرب الميلاد.. و ابتدا موسم المحبة والأعياد من فريق #نينار ميلاد مجيد لكل السوريينوالسلام ل... https://t.co/mOkGVPAl5W,0
@the_hudaa عششششق بيونسيه .. احب جنونها على الاستيج https://t.co/z2266OnCDU,0
تعرف على بوب ديلان الحائز على جائزة نوبل للآداب 2016#بوب_ديلان #نوبل https://t.co/LStv1dTapv,0
اسمعو هالاغنيه روعه #غلطت_م_الأول_رنا_سماحه  9  # #اللي_أهم_من_شكلك,0
عاجل |.سبب صادم وراء غياب #عادل_إمام عن حضور جنازة الفنان القدير #محمود_عبد_العزيز https://t.co/aE5HKvOX5A,0
RT @_zezooo_: السبت 3 ديسمبر ان شاء الله برشلونة × ريال مدريد السيتي × تشيلسي تبدأ بنفس التوقيت 6 !!!!بموت قهر من الحين الله يلعن الجد…,0
تامين #بنغازيمش انك تحط سيارة شرطة على مفترق وتقمعز فيها 4 وحدين يهدرزوا,0
كاتب: خليفة أوباما سيرث عالما أكثر اضطرابا: قال كاتب بصحيفة واشنطن تايمز إن خليفة الرئيس الأميركي باراك أوبام... https://t.co/pyHlKs7KkU,0
..كوريا وديبالا. أغويرو دعه يعتزل ياخي واذا رفض ميسي ومانع تخلص من ميسي . لكن الاتحاد يمنعه لان ميسي يتحكم بهم كلنا نعرف ذلك.يتبع,0
@MohanadElMorsy اللينك مش شغال بس شفت الڤيديو علي فيسبوك ..حسبي الله ونعم الوكيل :D,0
بالفيديو- رئيس #مهرجان_القاهرة_السينمائي: لا أعرف كيف حضرت #سما_المصري!https://t.co/nopZBaFOCs,0
جريدة الموجز elmogaz#الموجزلهذا السبب احتفل أحمد الشيخ بهدفه في مرمى الداخليةالتفاصيل عبر الرابط:... https://t.co/60VtgrVzzM,0
🔹الثقافة القرآنية🔘 الله يريد منا أن يكون محمد حياً في مشاعرنا، ووجداننا.💚ذكرئ.المولد.النبوي.الشريف,0
بالفيديو عكاشة: والله #هيفاء_وهبي ست مش طرية واللى يتجوزها يبقى خد خازوق !! #بوابة_القاهرة #مصر #توفيق_عكاشة,0
"مش رمضان مبروك ابو العالمين قالكم ""اللي ملكش فيه ملكش دعوة بيه"" ها؟",1
RT @rahimmoheby: #إيران.. تجمعات احتجاجية في محافظتي قزوين وخوزستان.#الاحتجاجات https://t.co/17nb5nBL2g  https://t.co/wsQuZC0soW,0
حيث يتم بها ارسال رسائل او كروت لشخصيات ثقافية مباركين لهم الترشح لنيل الجائزة التي تقدمها الجامعة الدول العربية ٢-٢@arableague_gs,0
حميل ويندوز 7 و 8.1 و 10 النسخة الاصلية و النهائية من مايكروسوفت بشكل قانوني وبروابط مباشرة... https://t.co/XitnRRBQpF,0
RT @ALSH3RAN: جون كيربي: القوات التركية في #العراق ليست جزءا من التحالف الدولي ضد #داعش ، و العراق يحدد من يشارك في تلك العمليات العسكرية.,0
الاغنية اللي سوالها كفر جستن بيبر وهي سبب نجاحه بعد الله سبحانه  احترام لملكات البوب https://t.co/qn6PQJhJlp,0
بعد خطوبتهما ’  المغني الأميركي ريكي مارتن يعلن عن نيته الزواج من شريكه الفنان المولود في #سوريا جوان يوسف  #مثليي_الجنس,0
شرح إعدادات النظام System Settings في ويندوز 10 https://t.co/gcl3CbhHDC,0
قد ترى الأمور مستعصية عليك بعض الشيء لكن اذا ما نظرت من ذاك الباب الذي لا ينظر إليه احد سوف ترى الأمور متجلية واضحة ومفهومة لديك #حاول,0
شيخ المسجد مشغل المكروفون وبيقول بلطجية برا عابزين يموتونا ، وانا واقف برا وشايف بعيني الناس بتحاول تطلعهم وهم رافضين …,0
يعنى مش عارف بياكلوا الظباط خرا عشان يجى لهم قلب يكهربوا طفل فى سنة سادسه ابتدائى ولا ايه #باسم,0
على وقع حمى الانتخابات الأميركية ويكليكس تكشف عن دور هيلاري كلنتون ودعمها للإرهاب تقرير : قسم الأخبارقراءة :... https://t.co/VdqsJXdKSN,0
لو حد قال بعد كدا الإخوان مصريين أوفصيل وطنى لازم يتحاكم بتهمة الخيانة أو الغباء!!,1
@ALAMAWI بالعكس هم واقفين مع الأسد نكايتاً في فرنسا التي تقف ضده حتى لو قتل الأسد كل اهل سوريا سيقفون معه بما ان فرنسا ضده، جكاره بالعامية,0
RT @Ahmed2I3h: وتتابع صحيفة النيويورك تايمزالتي خلقت كارثة إنسانية في أحد أفقر بلدان العالم  وإثارة الإرهاب ، والأمر بيد الرئيس #أوباما لي…,0
"البنك المركزى التابع للانقلاب يعلن أن ديون مصر ارتفع لمستوى بشع غير مسبوق وتجاوزت 1,8 تريليون جنيه كارثة لا يشير لها اعلام العار",0
«الشعبة البرلمانية» تشارك في أعمال «جمعية #الناتو»https://t.co/cS9BHhwYDa #الرياض #جدة,0
اللهجة التونسية فعلا من احلى اللهجات في العالم العربي ومش صعبة,0
RT @AL_JALAL2000: @yousefalawnah اي غوتشي ...هذي معمم شعبولا ..,1
جستن بيبر قحبتي .,0
#إبراهيم_محلب يعلن افتتاح خط طيران #القاهرة - #إنجامينا عاصمة تشاد أول أغسطسويكلف وزير الطيران باتخاذ الإجراءات,0
الرئيس أردوغان: على أمريكا أن تعرف حدودها . https://t.co/8duD45sQlw https://t.co/e5wUcrLIs7,0
RT @bentelsoltan: يالهووووى ع الارهاب يا جدعان 😅😅😅😅 https://t.co/oQx82U8wXk,1
@mahmoudwanous @MousaAlomar وين حلف الناتو عم يقصف قواتكم شي ؟! العمى على الكزب لو بدو الناتو او امريكا فعل تخلع ابو نث لثان كان طار من زمان,0
قال رسول الله ﷺ(من قام رمضان إيمانا واحتسابا غفر له ما تقدم من ذنبه) صحيح البخاري https://t.co/VbIREm9Xw8,0
"لدستور يعاملني انا واولادي كمواطنين من الدرجة الثانية بالتإكيد سأصوت عليه ب ""لا"" وألف لا",0
@koblersrsg هذا ما كان ينشره عـ حسابه إرهابي يدعم بالإرهابيين #بنغازي زيك بالضبط #كوبلر_داعم_الإرهابيين @loarofi https://t.co/H9KWFplGvT,0
أعجبني فيديو @YouTube من @ashrafomar7 https://t.co/KhRUY57A6s ميريام فارس تتألق بإطلالة جديدة,0
RT @caba000: الفشل الأممي في وقف الارهاب السعودي سيؤدي لدعم وإنتشارالإرهاب وسيدفع ثمنه الغرب بأسره!,0
4 أناشد الجميع الابتعاد عن الاقتتال الأهلي والالتزام بالتعبير السلمي عن الرأي، لا تفرضوا لون الدماء على الميادين والشوارع المصرية، انتبهوا!,0
@n_30s هارا غوتشي مكتوب اسمه,0
‘غوغل واي فاي’… إنترنت سريع لأرجاء المنزل https://t.co/J0CJOsczah,0
#أوقفوا_الفحم ياحكومة بقر يا شوية غجر,1
RT @Ahmeedsamir96: دانيال رادكليف (هاري بوتر) مع كلابه. https://t.co/GjWKFhtC0f,0
التعادل فى نهاية اللقاء قلل فرحة الاهلى لكنه خير لأنه سيجعل لقاء الاياب فى القاهرة حاسما ودور المصريين خلاله حاسم لاعلاء اسم بلدهم وفريقهم,0
RT @AxiTrader_ME: هل انتهت حفلة (فقاعة) #تويتر؟ تراجع 18% اليوم بعد تقرير عن عدم رغبة #غوغل بشراء الشركة #twitter https://t.co/j6Lerjf0Tz,0
#ماهر فخامة الاسم تكفى,0
RT @shaimaa_mandour: @Alaasaadyounis @Aliaasaadyounis لا انا هودي الموكوس عالحدود ... هاقوله روح جبلي واحد من داعش وارجعلي وتبقى جات من عند…,1
@Dip_Ye رساله السيسي يبقى سيسي وانت المرة الجاية صور السيسي من الخلف وقدام عريات تحب تصوير الخوازيق انت🚀🚀,1
@pt_sa5 في أمازون تلاقينهم كلهم و تلاقين حاجات كثير تجلط مره .,0
RT @allmasoudi: #عاشوراءيارب.. في هذا اليوم أنجيت #موسى وقومه، وأهلكت #فرعون مصر وجُنْدَهنسألك أن تنجي #حلب وأهلها وتهلك #فرعون سوريا وج…,0
"RT @IQsunni: مواكب شيعية تحمل صور الهلكى الذين سقطوا في المعارك ضد ""داعش"" https://t.co/7X6FCa1A5T",0
كأن في الآية السابقة دليل على أن الأقرب للواقع يكون الأدرى بالمصلحة #بكفي_حصار #اضبطوا_شركاء_المخلوع # #اليمن #قطر #مصر #تونس,0
@iiSaxed10 تالله انها لا تساوي شيء من نظارتي غوتشي,0
سنبقى نؤرقكم يا طواغيت #حماس ونكشف للأمة زيفكم وتستركم ب #المقاومة #حماس_تعتقل_السلفيين #غزة#حماس_تعذب_المجاهدين https://t.co/umSvbdd2qd,0
#طقس_العرب: #شاهد🔴عواصف ثلجية قوية تضرب حالياً ولاية #كولورادو غرب الولايات المتحدة الامريكية #أمطار #الطقس #السعودية …,0
انقلاب لصوصي دموى هل يمكن ان يحالف التوفيق بلدا يديره انقلاب؟ وبكره تشوفو مصر,1
RT @faredonshamshi1: تأوهات النظام الإيراني تجاه تقرير #الأمين_العام_للأمم_المتحدة بشأن #انتهاك_حقوق_الإنسان في #إيران.#الشرق_الاوسط https:…,0
RT @Aboshehab_q8: اذا كان معاوية خال المؤمنين، فلابد وان تكون هيلاري كلنتون خالتهم، وجولدا مائير عمتهم، وتسيبي ليفني مرضعتهم 💦 https://t.co…,1
"#بساط_أحمدي لا تندهش إذا صادفت في سورية متثيقف له مريدين ، .. ""عفش"" بضعة كليمات ومعلومات ثقافية من عمك "" غوغل""... https://t.co/G3Djor4iNL",0
#ساعة_نوال انت لمين انت إلي ❤ #إليسا,0
تعليقي للبرنامج لا يعني انسحابي من الساحة أنا مصري و لا أحتاج إذناً من أحد للتعبير عن انتمائي,0
#رجال الله في #نجران و #جيزان و #عسير مايعرفوا لا #كيري ولا #ترامب ولا #مسقط ولا ملقط..فصلوا الريوس وعطلوا البريك..وحتى الولاعات..واحدة وكفى,0
اللحين هو انا بس اللي شايف ان بيونسيه مو كوين ولا شيء ؟,0
في لبنان كل شيء ممكن جذاً وزير شئون المرأة .. رجل ...... ووزير الثقافة طبيب جراح ...وهكذا بقية الحقائب الوزارية لا أحد له علاقة بحقيبته .!!,1
مصر الآن :  #مقاطعه_اليوم_السابع  #ستبقي_حلب حسبنا الله ونعم الوكيل اللهم عليك بالظالمين ال… https://t.co/WGFbQMYiPC,0
@LibyasChannel هههههههههههههههههههههههههه 17 فبراير الناتو والكرامة مر وامارات والسعودية وفرنسا وسرت الناتو ههههههههههههه,0
#EgyptAir الحساب للبيع مسيوم ب 400 هات سومتك خاص .nEI,0
أظن أن الذي قتل الشهيد جبران تويني معروف وواضح للعيان. المشكلة أين القضاء العادل الذي وحده يزيل الشعرة من العجين وم… https://t.co/Ye3mSw2IZ3,0
RT @aaww99d: #ترامب : لو أصبحت رئيساً #لامريكا سوف ارسل #هيلاري_كلنتون للسجن🏃🏽😂 #ثور_قادح 😅,1
لماذا تهرب انجلينا جولي من جوجل ؟   https://t.co/oN77DTTtpr,0
RT @Mohamed30906065: تخيلوا احنا لسه بحجمنا ده وقوتنا دي وفي دول بتقطع فينا اومال لو لاقدر الله وقعنا حيعملوا فينا ايه ولنا في الشقيقة سور…,0
حسن عبدالله و المخرج احمد شفيق اثناء تصوير مسلسل ولاد تسعة بالعين السخنة #حسن_عبدالله #احمد_شفيق #hassan_abdallah 🎬 https://t.co/AfMRmIiOID,0
احتفال احمد  الشيخ على الطريقة الانجليزية https://t.co/ny5vOqFukh,0
@nba_155 صوتي راح اقولك 💔,0
كيف سيواجه ترامب هيلاري كلنتون الليلة بعد فضيحته ؟,1
RT @wamtimes: عاجل: مصر تصوت لصالح المشروع الروسي بشأن سورية إلى جانب الصين وروسيا  https://t.co/gefZ6d4DdY https://t.co/KGG0lGULF6,0
@BoHomoud007 نفس من عبدوا كاسترو من العرب يعبدون الولي السفيه و بوتن اليوم.,1
مصر / بالفيديو.. إبراهيم عيسى: شارع جامعة الدول العربية أهم من الجامعة نفسها https://t.co/JBrO7aInJK #مصر,1
سكايب يطلق نسخة على نظام ويندوز 10 للهواتف الذكية https://t.co/VlqsypwveK,0
RT @Oh_LonY: #الطايف_الان تذگـير غداً يجتمع فضل صيام الاثنين وتاسوعاء (افضل الصيام بعد شهر رمضان شهر الله المحرم ) فاغتنموا الفرصة الجو با…,0
"#غوتشي فلورا"" النسائيمع نغمات عطرية أكثر عمقاً وجاذبيةاحصلي عليه من #نقطة_الأناقة الآن في #أملج https://t.co/bM0GjfImCN""",0
#الأمم_المتحدة : مليون سوري تحت الحصار https://t.co/lAbI5z7JlQ via @sharethis#سوريا https://t.co/AyeYwxQPBS,0
#ﺍﻟﺸﻌﺐ_ﻳﺮﺩ_تحية_الرئيس #انتخبوا_العرص #خليك_مصدق حمو ثورة 25 يناير وانهم مافتحوش الميدان يوم الجمل,0
هذا مثال على ..الرويبضة وهو الرجل التافه الذي يتكلم  في أمر العامةتربية أوروبابمثل هذا تبنى اﻷوطان#ليبيا https://t.co/ZJjyArc40V,1
المفروض تعطوني مرتب على مراقبة الترند ولا ما استاهل .....؟  #اليسا #اغنيه_نانسي_عم_بتعلق_فيك,1
ابو اسماعيل امه امريكية لا مش امريكية طب فين الجرين كارد طب ده ماسك عيكم مستندات و فالاخر #فسسسسسس,0
اليوم السابع | سلاسل بشرية لأنصار #حمدين_صباحى بـ #السويس لتأييده للرئاسة,0
عايز اقولك بحبك من زمان جدا #محمد_محسن,0
#نون_أون_لاين#إسرائيل تطلق اسم « بيريز » على #مفاعل_ديموناhttps://t.co/uCuYtYROlk https://t.co/9ABIxOqd5i,0
عندما ترى مثل هذا المشهد في #ليبيا عليك أن تشكر ثورة فبراير المجيدة على أهدافها #بنغازي https://t.co/AjHlGGYBxG,0
تحية للجيش السوري البطل على انجازاته الميدانية في #حلب ونشكر #روسيا و #الصين على موقفهما الداعم لمحور المقاومة وسور… https://t.co/tW9SvVjN8T,0
"RT @AJArabic: ""أرامكو أبلغت الهيئة العامة للبترول مع بداية الشهر الحالي بعدم قدرتها على إمداد #مصر بشحنات المواد البترولية""https://t.co/LE…",0
@Abdulkhaleq_UAE أراهن أن مجلس الحكماء في امريكا وإعلامهم اسقط دونالد ترامب وأوصل هيلاري كلنتون لسدة البيت الأبيض.وبتوقيت جيد معد له مسبقاً.,0
@Alito_NBA ويييييييينك يا لبران تستر على عقل خويك,0
قصة كفاح حقيقية لشاب مصري من محافظة الفيوم، رغم إعاقته تحدي كل الظروف محمد الكيلاني محمود حميدة، أثناء طفولته,0
ومن كوميديا ال ميليشيا ت الليبية المدعومه سعوديا و تركياان بمجرد ان انتهت طيارات الناتو من اسقاط و تدمير الدولة... https://t.co/YTBLr0cU95,1
"رامي عياش يقسو على ابنه ويعترف: ""كنت خبّص كثير""https://t.co/UUgJMJvMIe #ET_بالعربي",1
@GarooSama جستن بيبر 😂👋 https://t.co/ujjqSw8NNB,0
#السعودية تعلن أن من حقها اتخاذ الاجراءات اللازمة للتصدي لخطر #الميليشيات المدعومة إيرانيًاhttps://t.co/ZxVfhY3byy@almaghribtoday,0
“ريكى مارتن” يظهر بخاتم خطبته من الفنان السورى “جوان يوسف” https://t.co/uNfvfLXbp3 https://t.co/FJJpNHQJQp,0
@MahboulDZ4 واشبيك انت عمي غوغل وما قدرش يجاوب على هذا السؤال,0
RT @Q8Pay: صفحة الهند في #امازونكل شي يختص بالمنتجات والماركات الهنديةملابس حقائب اكسسوارات اعشاب مستلزمات مطبخ ومنزلhttps://t.co/Tda…,0
هناك مكان في قاع الجحيم لمن اخترع تويتر,1
RT @Ialrebdi: #فيتو_العار_الروسي ضد مشروع إنقاذ #حلب يغذي الإرهاب والتطرف ويفقد ثقة العالم في #مجلس_الأمن مؤسف ومخزي أن يكون موقف #مصر ضد #…,0
المتحدث باسم الخارجية الاميركية جون كيربي: جميع جيران #العراق ينبغي ان يحترموا سيادته والقوات التركية ليست جزءا من #التحالف الدولي.,0
بلغني اليوم أن شركة مصر للطيران رفضت عرض فيلم الشتا اللي فات على متن طائراتها وذلك لأنه يتحدث عن الثورة لو لم يكن من أبلغني أخطأ فهذا عار,0
"عطر غوتشي بامبو"" الجديد يحاكي الطيور: عطر غوتشي بامبو باطلالة جديدة. بعد أن قامت النجمة غال غادوت، بطلة ""وند... https://t.co/Hz9BGzJ9tv""",0
ارمــــلة سورية  ترغب بــــــــزواج مسيـــــــــاااار  https://t.co/CV7Cpd4rBL,0
هل الحروب الصليبية التى ارتكبت ابشع الجرائم باسم المسيحية تجعلنا نعادى كل المسيحيين في العالم أنا اعادى الأفعال السيئة ولا أعادى الديانات,0
كتير ب #لبنان عم يقولوا ان الحكومة الجديدة ل #المستقبل إدارتها ول #حزب_الله قرارها!,0
فقدنا ثلاث من العظماء #عبدالله_بن_غبدالعزيز و #هوجو_تشافيز و #كاسترو#الموتمر_ألسابع,0
مقطع روبيرت دي نيرو المنتشر بالواتس اب وهو يسفل ب دونالد ترامب، صنع ليلتي ههههههههخلاه ما يسوى التالية من الغنم 😄😄ستوبيدبونك = وضيع 😄,0
@altamimi1981222 هذا تويتر يا استاذ غيث وليس فيسبوكلا نستطيع قراءة المنشور على فيسبوكيا ليت تكتب تغريدات لكي نقرأها ونستفاد منها,0
اتهامات لحملة #كلينتون بسرقة شعار #بشار_الأسدhttps://t.co/qvDPtnAawi https://t.co/aEAJtQeZ0x,0
RT @KasQ8_: ميسي عنده منتخب قوي وعناصر خرافيه بس هو يخذلهم ….. - https://t.co/V1JfFa7SCn,0
الاخوان ينزلون علم مصر من على وزارة الزراعة لا وطنية وطنية يعني,1
"RT @IranObs_ar: #المرصد_الايراني#اقتصاد | إيران توفر فرص عمل للوافدين على غرار المواطن""ترجمة خاصة""https://t.co/xuMq6LjBeX",0
EgyptAir حد سمع ولا شاف الصندوقين اخر 30 دقيقه في الكابينه بتتسجل صوت - وغالبا هو صاروخ من اي كلب معدي في المتوسط و غالبا روسيا غل و انتقام,1
شهداء أسيوط فى جنة الخلد لن يضيع حقكم و لن نرهب من القتلة و الإرهابيينو يوم الحساب لقريب,0
#MannequinChallenge داير حالة,0
4 للتوضيح: تماما كما سجلت رفضي في اجتماع سد النهضة لغياب الشفافية في مسألة سيناء وفي كلمة علنية فخرج البعض مدعيا شكري على الشفافية في سيناء,0
#قطر ترفض تسليم 28 شخصا من قيادات #الإخوان المسلمين ما أجملها من تُهمة وما أعظمه من موقف #شكرا…,0
واللي يقلدون جستن بيبر !! معليش يعني بس ركز ان وجهك اشهب وشنبك مصلوخ قبل ما تحاول تقلد اشقر عيونة زرقا !! Be yourse… https://t.co/SfVYsHfOYZ,1
خلص كل الكلام الي يوصف تلك الجميلة ام الذكية ام العظيمة او الثلاثة معا ملكة الاحساس #اليسا @elissakh ❤ https://t.co/RdZMKjHrzK,0
جانب من حفل مدرسة القرآن الهندية ب #الرستاق بمناسبة  #المولد_النبوي_الشريف تحت رعاية ناصر العبري عضو #مجلس_الشورى/3 https://t.co/BxGnUmlBcT,0
لولا فيلم الرصاصة لاتزال فى جيبى كنت نسيت ان النهارده عيد #تحرير_سيناء 'مع ان مفيش علاقة بينهم' #مصر,1
لو جيش او شرطه او انصار سيسى يبقى فى داهيه #مصر_الليلة,1
تكوين لجنة الخمسين جامل بشكل كبير القوى السياسية على حساب الشباب والأقباط #السادة_المحترمون,0
RT @qwfcdhurecxskoh: هل يكفي حلب ان نغضب من اجلها !!,0
اذا ابدعو فيه مثل هاري بوتر بتصير سلسله عظيمه,0
"تسلم لي عيونك يا آحلى #شيرين ♡ "" روحي شيرين محمد العراقي الجريح",0
من لا يحترم السلام الجمهوري لبلده كيف له ان يكتب دستورها,0
تصويت مصروالاردن يشتري غاز من اسرائيل رغم الدعم السعودي والقطريطقتين بالراس توجع ياعربقلت لكم الخطا بالاداره https://t.co/raz6CU02hl,1
تالت فيديو لدفعتنا #MannequinChallenge Midterm theme دمنا اقوي دفعة ف الكلية <3 https://t.co/t70aosNmPJ,0
صحيفة الشرق السعودية/ #عاجل تمديد العقوبات الأمريكية على #إيران #الولايات_المتحدة #واشنطن #ا ... - عبر نبض @NabdAdapp.com/t/36476639,0
#MannequinChallenge وااقع😂 https://t.co/HRY6gnCdFg,0
"دوت مصر/ كامل الوزير ل «#عمرو_أديب»: ""الرئيس أمر بإنهاء إنشاءات محطة #أسوان"" التفاصيل ... - عبر نبض @NabdApp https://t.co/HJphSWS2GV",0
وكل مدينة سوريه دخلتها القاعدة (جبهة النصرة) او جند الأقصى او داعش تعبث بها وتقتل من اهلها اكثر مما يقتل بشار ثم تسلمها للنظام مدمرة جداً,0
في حد اتكلم عن الامن في مطار شارل ديجول؟ https://t.co/zUyzNB5l3h,0
سمعة «أبل» على المحك.. مشكلة حقيقية في «آيفون 7» https://t.co/iMXoE8jbfK https://t.co/5HLUJ3DQHC,0
#الاحتلال يعتقل عريسا مقدسيا في يوم زفافهhttps://t.co/0L6WjTY4Q6 https://t.co/fmmy8r5oaY,0
#عاجلوكالة  الاستخبارات الامريكية روسيا لها قدرة على سحق حلف الناتو فـ 90ساعة.!!!,0
1 أجدد التأكيد على أن ترشح المهندس الشاطر خطر على مصر وعلى فرص الديمقراطية، ولا يقل خطورة ترشح عمر سليمان,0
أركاديوش ميليك لاعب نابولي : أنا مُتحمِس لأنني سأكون قادر على اللعب ضد ريال مدريد الآن فقط أتمنى أن أنضم لزملائي في أقرب وقتٍ ممكن.,0
حكومة بتمثل مصالح وحصص وما بتمثل المواطن، المهم ينشغل عقانون انتخاب يمثل الكل وما تنظلم صيدا بالنيابة متل ما انظلمت بالحكومة#حكومة_لبنان,1
يالله فورا أول ما أستعيد السيطرة على الدي إم نتفق بالكتير على يوم الأربعإنت واحشني جدا,0
@khadra44444 الحين الجبيلان الجيكر ياخذ روسية وانا الي اشبة ريكي مارتن اخذ خليجية ليش بالله لابد في توزيع عادل لثروة😂😂😂😂😷,1
@nadiem_suliman يعني مو عاجبك بوكيمون يغرد 😒,1
معظم #الاخواآن مشاركوش ف الهشتاآج المسئ للسيسي وبكده يبقى #الاخوان باعونا مرتين مره ف #محمد_محمود ومره ف #هشتاج_هشتوج …,0
@AlArab_Qatar @alqaradawy @iumsonline مناحة عاملين الإقطاعيين والإخونجية على تحرير حلب من نجاسة جبهة النصرة وحلفائها 😏✌️️✌️️,1
"RT @skynewsarabia: اعتراض صاروخ باليستي ""حوثي"" جنوبي #السعودية | #سكاي_أخبارhttps://t.co/OL07lcMRVP https://t.co/LO84S8ycgm",0
RT @kadiii_20: #الاهلي_برشلونهريال مدريد طلبوا انهم يلعبون امام الاتحادويجيك طحلبي يقولك الاتحاد صغير جده الى مستنقعك ي ضفدع😂,1
#سيف_الكنانه_لاينشر_خبر_كاذب ✋وتأكيدآ للخبر الذي نشرته منذ قليل بتحقيق بريطانيا في ارتكاب السعوديه جرائم حرب ضد ا… https://t.co/VGjg62mCtN,0
إمسك فلول !!,0
#save_aleppo ( وَكَانَ حَقّاً عَلَيْنَا نَصْرُ الْمُؤْمِنِينَ )#jesus #bible #russia #usa #uk #mary #jewish… https://t.co/BznR72lCsO,0
#ماذا_لو_المدارس_مختلطه بتتحول عقول الطلاب من متحجرة الى متفتحة وبتقل نسبة الغياب بنسبة ٩٠٪,0
اخر صيحات الموضة حقائب غوتشي لربيع 2017 https://t.co/qj3ypzjeXY https://t.co/2sw8IlYMau,0
@malak_alhusaini ابي ايفون امنيه من امنياتي امسك جوال حلو,0
@Guti_Madridd ميسي اهدافه على البرازيل و الاورغواي و كرستيانو على جزر الفار https://t.co/QtPXYSZdw1,0
RT @abu_sulttan1: سيسي وتبقى يالخمامه سيسيو قيمـة ركوبك بالدراهم تُـدفـع !عاهر سيـاسه باطل التأسيسيترفع لمن يدفع  ! و لا بك منفـع  #الس…,1
RT @m3l100: من الافضل وهو في افضل حالاته ؟1- نافاس = ريتويت #ريال_مدريد2- تير شتيغن = اعجاب #برشلونةصاحب الطلب : @aboodi_m https://t.…,0
#ماذا_لو_المدارس_مختلطهتنفع اذا كان عندنا قانون للتحرش اما بدونه ماتنفع بتصير كارثه,0
أهالي الشهيد صادق عبدالله الجريزع يؤكدون على حقهم في القصاص 20 - 11 - 2016 .fmq https://t.co/nr4fBnOwzR #فيروز,0
في حدا نازل على حلب في ورق ضروري لازم ابعته و شكرا https://t.co/WGxDnLvzaB,0
#الوطن_سبورت| تعرف على نتيجة الأشعة التي أجراها #أحمد_الشيخ على ركبتهhttps://t.co/N6EfSl2fyi,0
يالله مع هبتكم ‘نشوف تاليتها شنو 😁#SuperMarioRun https://t.co/Ag38cMKTEq,0
رئسة صندوق النقدالدولي كرستين لقارد حكم عليهابالأهمال إبان عملهاوزيره ماليه فرنسا ولكن لا سجن ولا غرامه إدانه بالإهمال فقط,0
RT @AhmedMi37830765: عن شعوري و انت مش معايا يا كاريكا و نفسك تحضر رمضان بس انت في مكان احسن .. وحشتني ضحكتك😢#رمضانك_في_الجنه_يا_كاريكا ❤,0
#الدنبوع يعين #الكارثه سميع لمحافظه #المحويت في #مصر ... اول مره اسمع عن محافظه المحويت في مصر !!#اليمن #نجران#جيزان #عسير🎃,1
كتلة الجمهوريين  في مجلس الشيوخ  وعدو هيلاري كلنتون انهم سوف يتعاملون معها افضل من تعاملهم مع اوباما,0
دول العالم كل يوم تقتنع ان الليبين لا يستحقون النفظ. #ليبيا #برقه #بنغازي,0
#لو_المغردين_لاعبين @Muii18_ ماريا شارابوفا @M0h_Fahad آندي موراي @abood_RF_itti ديل بوترو @I_MOh7_ روجر فيدرر 😍❤️@xRaed_S نادال,0
@alkrde10 وش يسوون كم جبهه بسوريا يحاربون روسيا والا النصره والا داعش والا والا للاسف الشعوب الي نجحت ثورتهم اهدافهم محدده وساميه نوعاما,0
من اصدارات #دار_الصميعيالجامع لأحكام الكفالة والضمانات على المذاهب الأربعةأبي عمار ياسر الدمياطيمجلدانمتوفر ب… https://t.co/Bwp4dk5zib,0
Retweeted said elhaj (@saidelhaj):مناصرو #الاسد اعتبروا #حماس قد تركت #المقاومة رغم خوضها الحروب، واليوم... https://t.co/WRnKMTi4T6,0
شايفين العيب و الغلط ومبنسالش حتى ليه وكل واحد بيقول هو يعنى بايدى ايه !! #كاريوكى,0
فيديو.. أغرب فرصة ضائعة بلقاء الهلال والأهلي https://t.co/B7IagggunH #غزة #فلسطين,0
يالله و اخيرا قد ايش اشتقت لسلسله هاري بوتر 😍😭 https://t.co/LGx0cwYDqq,0
مثل اليوم من عام 1947، تم إفتتاح ملعب سانتياجو برنابيو بمباراة بين ريال مدريد ونادي بالينينسيس البرتغالي، وإنتهت بف… https://t.co/sqgfAKenn1,0
افلاس التليفزيون وصل مداه الغلابة من عمال وموظفين واعلاميين يدفعون الثمن والملايين موجودة لدرية وشلتها,1
حبيب ريكي مارتن اصله سوري 🙊لابقييين لبعض 💕,0
قطعان المعرصين هيحتاروا الاثنين من خير تجار الارض وشفيق خبرته كبيره في السرقه والنهب الناعم. #احمد_شفيق,1
@Sajen21 نهائي 2011 فيدرر😩❤️❤️,0
الجمعة س10:00 محلقة خاصة بمناسبة المولد النبوي الشريفمع :الدكتور عبدالعزيز القطانالشاعر علي المهناالمنشد محمد… https://t.co/Hy4Gjy1BsQ,0
رغم آلاف الصور التي توثق آلاف الجرائم الممنهجة بحق الشعب السوري والانسانية جمعاء. لم يتحرك المجتمع الدولي الا... https://t.co/hdx0GvvTGB,0
لا قلق على رمضان https://t.co/aDmmCIOvcr,0
#هتحبك_لو تحاول تقنعها باللى انت عايزه بهدوء مش زعيق وخلاص ;),0
ربي إني استودعتك حياتي فلا تجعل مرها يسقيني و لا حلوها يلهيني,0
"⭐️ #الجــزائر • ""زوايا الأحداث"" تبحث المعلن والخفي في صعود اليمين المتطرف في أوربا:  حاولت حصة ""زوايا الأحداث""…… https://t.co/Ml89H0WAs9",0
علم ابنك القرآن وسوف يعلمه القرآن كل شي #علموا_أولادكم #علم,0
RT @mnaw7: لا تيأس .. الإسلام باقي ولاتبالي.راهنت قريش علي نهاية الإسلام في بدر فأتت بخيلائها فباتوا ليلهم في حفرة تحت أقدام النبي محمد ﷺ…,0
"مش متخيل ان في تيم كامل قعد و عملوا برين ستورم و قرروا في الآخر يطلعوا بحملة عن أصول اللغة و من ضمنهم بوست بيقول ""إسمه فيسبوك مش فيس""",0
أفضل الطرق لإلتقاط الصور لسطح المكتب في ويندوز 10 بدون برامجhttps://t.co/T7GtXzcYNw#ضد_التغييرات_للثاني_عشر… https://t.co/I076JED9cp,0
": الحريري عرض واوغلو الاوضاع واولم تكريماً لهاستقبل الرئيس سعد الحريري مساء اليوم في ""بيت الوسط"" وزير الخارجية... https://t.co/DzgyAZxa0A",0
ارمــــــلة سورية مقيـــــمة بالســـــــعودية تــــــبحث عن زوج  https://t.co/f1swgNBsrQ,0
يعني مصر كانت كافرة أيام الفاطميين؟,1
(ذلكم بأنه إذا دعي الله وحده كفرتم وإن يشرك به تؤمنوا فالحكم لله العلي الكبير) [غافر:12] #أحبك_ربي,0
@s8nscookie @ilxne الله معاي ياكوكي ومعاي تعاويذ هاري بوتر السحريه ,1
التحرير| #أحمد_موسى عن عودة #أحمد_شفيق : ننتظر عودته كي يساهم في بناء الوطن https://t.co/LgM6GFQHfZ,0
#ليبيا  مقتل أطفال جراء انفجار سيارة مفخخة وسط حي سكني ببنغازي https://t.co/yCqjLF5DNV #اخبارليبياالان #الجيشالليبي,0
"RT @TheBaghdadPost: فيديو..معارض سوري: سنتخذ إجراءات تجبر #روسيا و #إيران و #بشار على""التفاوض""#بغداد_بوست #سورياhttps://t.co/LSSbp6R5JS h…",0
البعض يواجه مشكلة في تغيير نسبة الإضاءة في نظام ويندوز 10المشكلة موجودة بكثرة قبل تحديث ميكروسوفت السنوي اللي صدر قبل فترة ليست بالطويلة.,0
@elissakh انتظروا #إليسا مع #عمرو_اديب في برنامج #كل_يوم_جمعة علي قناة  @ONENT يوم ٢٣/١٢/٢٠١٦ الساعة 9:30  (نايل… https://t.co/Fkf77xjbAn,0
اجمع ٣ اعلانات دستوريه واحصل علي طائر النهضه مجانا ٠٠ هذا العرض ساري حتي ١٥ديسمبر,1
40 % ارتفاع الذهب في سورية منذ بداية العام #سناب intshaar #تداول #السعودية https://t.co/sETlIOJ16h,0
لو بعرف حبيبي بتفكر بمين 🎶 #فيروز https://t.co/MITW952kqp,0
شاهد “JUUK”حزام من الألومنيوم لساعة أبل الذكية بسعر 50 دولار فقط https://t.co/7jDM9bQdv3,0
هدايا للعشاق في عيد الميلاد https://t.co/axxqD64z9D #Christmas https://t.co/NEImsDpNpo,0
انتظرونا | قريباً .. في #كل_يوم_جمعة وحلقات خاصة مع ألمع النجوم مع #عمرو_اديب على  #ON_Ehttps://t.co/kPbEpkYK2f,0
الاحتلال يعتقل 4 شبان عقب اقتحام بلدة الرام شمال #القدس المحتلة.,0
RT @AlMosahf: وَمَنْ أَظْلَمُ مِمَّنِ افْتَرَىٰ عَلَى اللَّهِ الْكَذِبَ وَهُوَ يُدْعَىٰ إِلَى الْإِسْلَامِ ۚ وَاللَّهُ لَا يَهْدِي الْقَوْ…,0
@AhmadRasoul يعني العراق شنو من البين بالمنطقة تركيا تتناطح وَيَا روسيا ايران تتناطح وَيَا أمريكا السعودية مسوية حلف و دگ تكفخ باليمن,1
أعجبني فيديو @YouTube على https://t.co/GQuYJAByIV أدمان لعبة بوكيمون قو || Addicted to Pokemon Go,0
لقائكم مع #ملكه_المسرح #ميريام_فارس غدا أمام نافورة دبي مول الساعة ٩ مساء @MyriamFares #Myriamindubai https://t.co/4uGrjB44Af,0
من مساكن #هنانو في أحياء شرق #حلب التي حررها #الجيش_السوري وحلفائه من رجس #الإرهاب و #الإرهابيين https://t.co/MJa74Z9MQZ,0
القبض على ضابط أمريكى متقاعد بالشيخ زويد وبحوزته وثائق وبيانات عن سيناء وجهات سيادية تبدأ التحقيق معه,0
محيط | عمرو موسى: الجامعة العربية فشلت وعلى مصر والسعودية التواجد في حل الأزمة السورية https://t.co/PNY4JQaDo2 https://t.co/Aa58mIr8gc,0
محادثات تركية – روسية – إيرانية حول حلب غداً في موسكو https://t.co/RSnhCmtf6i https://t.co/3nUF0gWKLX,0
RT @arabia2_com2: إطلاق حواسيب Dell XPS 13 بنظام #ويندوز_10 ونسخة بنظام Ubuntu 16.04 LTS#الاخبار_التقنيةhttps://t.co/EVNXhamU7v https:/…,0
"بيان جمهوري يطالب ""أوباما"" برد حاسم على الحوثيين..https://t.co/dqwv8QZnOB",0
الحريري: نعول على حكمة وتجربة الرئيس ميشال عون! https://t.co/brhJfjUgLD https://t.co/wPj4ve8bWZ,0
#الوحدات_الكردية تستلم معدات عسكرية جديدة من #الولايات_المتحدة https://t.co/VQvTB2nn89,0
@z_n91 @Eyaaaad @HuffPostArabi روسيا عندها اقوى جيش اقوى من امريكا,0
المدعو #ميشال_عون صاحب ورئيس مجلس إدارة قناة OTV    لاحفظك الله ولاأكرمك أما بعد:فإن مما أدركه الناس من كلام... https://t.co/yMvjvLjxa7,0
RT @khulood_salman: الحرس الثوري الإيراني يقتل أحد ضباطه تحت التعذيب لرفضه القتال في  #سوريا وتهديد أسرته بالقتل إذا لم  تلتزم الصمت#تمرد_…,0
#بالفيديو قتلى المسلحين بإحباط #الجيش_السوري محاولة اعتدائهم على إحدى النقاط العسكرية في منطقة #اللجاة بريف #درعا… https://t.co/mPaRjebqQM,0
RT @hussainalharbi: عبد الرحمن الراشد في مقالته يكتب عن حضوره حفل استعراضي فني في الرياض @aawsat_News https://t.co/wYwPfj5Lz8#هيئة_الترفي…,0
حفاظا على خصوصيتك.. كيف تخفي الصور في هاتفك.. أندرويد أو آيفونhttps://t.co/326SuXOf4v#شي_بخاطرك_هالحزه #اليوم_الثلاثاء,0
#فلسطين  ايتها البعيدة عنا .....القريبة منا ياقطعة شمس تغطينا....ياروحا تسكن فينا#الحريةلفلسطين… https://t.co/9K8eAZigUD,0
@ExploadingGameZ @jawadoh_23 اممم كيذا لغتك لاعبة فيك ، ياطبل طبل ولا تنتقد وليه لان صوني عربت لنا اي كلام ويبي مترجم جوجل,1
RT @AbuOmar_AE: كيفية قفل التطبيقات في نظام #أندرويدhttps://t.co/c2V8D76DzX#تقنية#نصائح_تقنية,0
RT @Italy_arab: رسمياً | أسطورة كرة القدم جيجي بوفون ينال جائزة القدم الذهبية لعام 2016 متفوقاً على الأرجنتيني ميسي و البرتغالي رونالدو . h…,0
#بريطانيا البلد الاوروبي الاكثر وضوحا كموقف تجاه مجازر #روسيا و #ايران و #بشار و #الحشد_الشعبي ومن خلفهم!! https://t.co/SmO9aGyvJI,0
«الأوروبي» يمدد العقوبات الاقتصادية على روسيا https://t.co/jhxgIP9CE7,0
اخبار الدوري الاسباني - الإصابة تضرب حارس مرمى برشلونة الإسباني https://t.co/AUfZzO1N2p,0
@ksadonjuan @FerasKhourshid.  لا حشا الله منكم انتم صهاينه انتم العن ماخلق الله وقسم بالله الايام القادمه ايام سود على السعوديه منبع الارهاب,0
#ماذا_لو_المدارس_مختلطه                   وناسه اسرق حبيبي البنت الي اكرها مافي انذل من كذا😂😂😂😂💔,0
#mannequinchallenge  😂😂😂😂 الهبة الجديدة وسيكثر الهبل,1
اتمنى ان نتوحد جميعا لتحقيق اهداف الثورة المشكلة إقصاء المعترضين على فكر الاسلام السياسي أنا مسلم يساري هل يعترف مشايخ السلفية بإسلامي,0
ربآااه ما الذي أرى أمامي 😱😱😱😳.بعد جمالها مستحيل يحلى بعيوني شي 😍😍😍@nadinenjeim ❤#نادين_نسيب_نجيم https://t.co/qD5GWGZ9h0,0
#واشنطن تفرج عن #الفلسطيني #راشد_الزغاري بعد 30 عاما بالسجونرابط الموقع البديل:https://t.co/XykniVCX5Yhttps://t.co/j2yzIk1BVi,0
الجيش يطلق التنوير بجزيرة الرمادي بعد مواجهات عنيفة مع الثوار,0
الفجوة تزداد بين الشعب وحكامه لا بد من استجابة حاسمة وواضحة لمطالب الثورة,0
"""صديقي العزيزكخة كدة"" #غزة #نهضةـالإنجغة",1
أهدم نفسك عشان تبني مستقبلك !! #التعليم_في_مصر,1
بزخمٍ كبيرٍ شاهد احتفاء العديد من مدارس صنعاء بذكرى #المولد_النبوي الشريف 14-12-2016 https://t.co/H07CIonv9m,0
@wballaa لذلك لا أرى جدوى #السعودة لسائقي #أوبر وأخواتها على المدى الطويل بل المفترض أن يتم الأخذ بزمام المبادرة في الأتمتة والسعودة النوعية,0
@EGYPTAIR طب اعتذر ثاني لان الساعة عدت ١٨:٠٠ والطيارة ماطلعتش وماحدش هنا من مصر للطيران عند الجيت بيقولنا اتاجلت لإمتى. فشل فشل فشل,1
RT @qatnology: حسب صحيفة @AlBayanNews شركة امازون ستفتتح اول مقر اقليمي لها في الشرق الاوسط قبل نهاية هذا العام وسيكون في مدينة دبي https:…,0
RT @akhbar: مستشار المرشح الجمهوري للرئاسة الأميركية يؤكد أن دونالد #ترامب لن ينسحب من سباق الرئاسة#أخبار_الآن,0
حكومة الجزائر تعلن الحداد على كاسترو لمدة ٨ ايام. اقل بيوم واحد عن حداد كوبا!كيف نفسر هذا الخبر والقرار! #الجزائر #كوبا #كاسترو,0
#ماذا_لو_المدارس_مختلطه سيفعلون هكذا ليتشبهو بالاجانب 😒🌝😂😂😂 https://t.co/3pwdlMP0Bi,0
كل من يقف ضد مواجهة الإرهاب في مصر إرهابي #السادة_المحترمون,0
جبهة النصره تحرق الحافلات المقرره لمساعدات السوريين النازحين من حلب#حلب https://t.co/fYSAi9BRD2,0
RT @Arabi21News: #فراس أبو هلال يكتب لـ #عربي 21كيف يمكن أن ترد #السعودية رابط الموقع الجديد: https://t.co/uoTA7GB1GGhttps://t.co/4aUzFO…,0
#اسكندرية : محطة الرمل زمان أو دلوقت دايما جميلة :),0
الجبير: نطالب المجتمع الدولي بردع إيران ووقف تدخلاتها https://t.co/77pJhVzjfv #أخبار_السعودية,0
جمييل .. يعني بيكون فيه سقف رواتب وبيكون راتب ماكس لأفضل لاعب 👍🏻👌🏻 تقريباً زي ماقال بتكون نفس ال  #NBA وال NFL https://t.co/6zby9R1K4m,0
اليوم أُضيئت أعمدة قلعة بعلبك بصور السيدة فيروز....مش صدفة انو عيد ميلاد فيروز مع عيد الاستقلال...صوتك هو بحد ذاتو… https://t.co/uAwfcxyY3j,0
بما إنّو خف علك نفس النكتة،في 3 وزارات دولة تعكس نفَس العهد وما يحمل.أهمها لشؤون النازحين، الملف والتحدي الأكبر ب… https://t.co/hUIo9puqd4,1
شوف حجم التهليل والتكبير التهليل والتكبير لقتل رجل لم يصوب لك سلاحاً,0
عزيزى حامل عصا المقشا ومرتدى الخوذة البلاستيك فى اشارة رابعةانت الأمل فى التغطية على هروب بهوات الجماعةليكن شعارك هروب …,1
ومن أراد حكم الأهطل ربنا يتولاه,1
حريق خيم النازحين السوريين في القرعون .. متعمّد - أحمد موسىhttps://t.co/VIqZQfTTHg https://t.co/0LGwYjjkVf,0
السيارة الرئاسية الوحش الخاصة للرئيس #ترامب 2016 - 2021#أمريكا #البيت_الأبيض #واشنطن #USA https://t.co/P4WwnweFHD,0
سكواد اعدادي فنون جميلة #MannequinChallenge https://t.co/cPyamNLKI2,0
وأمير جبهة النصرة هو الجولاني الذي بايع الظواهري الذي يُعتبر أكبر عميل للمخابرات الروسيه جندته منذ أن كان طالباً بكلية الطب بالقاهرة .,1
كلاب ونبحها واحد لا تثدقوهم #واشنطن,1
#طقس_العرب_الاردن#الضباب صباح اليوم في ناعور  تصوير Mazin D. Hajir https://t.co/SYapXvJp8b,0
لعبة #NBA جديدة خاصة بتقنية الواقع الإفتراضي ستصدر هذا الأسبوع بإسم #2KVRexperience . https://t.co/NktcGDHPOu,0
@MLSD_SA @SaudiMCI شروط عمل #اوبر #كريم داخل السعوديه سعوده السائقين بالكامل لكن للاسف اوقفو تسجيل الأجانب الجدد وبقي الأجانب المقدمين يتبع,0
"سحر النوم والراحة مع #مصطفى_حسني ،، جميلة =)""",0
RT @amel_media: #خدمات_إعلانية_متكاملة بجميع مواقع التواصل #تسويق_إعلانات#حملات_إعلانية#فيسبوك #غوغل #أنستغرام  #نشر_إعلانك  #قروبات_وات…,0
RT @Abdalhmedalfdel: لدى دونالد ترامب تاريخ مع الطائرات الخاصة وحالياً طائرته الخاصة بوينغ B757 https://t.co/Z7ykwCiYPZ,0
#مبتدا #كندة_علوش توضح سبب عدم حضورها حفل افتتاح #مهرجان_القاهرة_السينمائى https://t.co/aX5lctlnKp,0
نظراَ_لغلاء_اسعار_السيارات #أوبر مع السفير كار قررت تقبل جميع السيارات من موديل 2007 كل حاجة بتغلي، وكلنا محتاجين…… https://t.co/8PpElysSy2,0
RT @K_S_A_119: والتأكيد على اللحمة العربية ونبذ الإرهاب والتطرف، والوقوف بجانب اليمن الشقيق في أزمته السياسية،#كلنا_فدا_لك_يا_سلمان_الحزم,0
قالوا السياسة مهلكة بشكل عام وبحورها يابني خشنة مش ريش نعام غوص فيها تلقى الغرقانين كلهم شايلين غنايم والخفيف اللي عام #صلاح_جاهين,0
البيان: #دبي أول مقر إقليمي لـ«أمازون» في الشرق الأوسط https://t.co/OsJ3LjUAkG - #الإمارات #بالعربي,0
#عمرو_اديب: #تركيا بتسف التراب الأسبوع ده#كل_يوم | #ON_Ehttps://t.co/VcAu1RDwIF,0
4 عروض فلكية رفضها نيمار خلال الصيف أحدها من ريال مدريدالتفاصيل: https://t.co/Olc3LsbtZF#سبورت_360 https://t.co/JP27J1oQcP,0
"""نحن في محراب رباني نواجه طواغيت الأرض ..."" الشهيد #صلاح_العزي سلام الله عليه وعلى جميع الشهداء #بورنموث #عمرو_اديب https://t.co/QFnElQhi9w",0
بوابة #اليمن الاخبارية | هكذا يستفيد الطلاب من الحرب  فتحة لسور المدرسه تساعد الطلاب على الهربات. https://t.co/WjaIdRYeRD,1
عشان كذا يناير اجمل الشهور 😍 #christmas https://t.co/Wauy1GB7ud,0
لعنت الله عليك يسفاح الشام يقاتل شعبه  انت وسفاح الروس بوتن الله يورينا فيكم عزايم قدرته  https://t.co/9sIfHajIKR,0
ميريام فارس 😍💜,0
الخارجية الامريكية القوات الأجنبية في العراق يجب أن تكون بموافقة #بغداد#تركيا #العبادي #اردوغان https://t.co/llZKnpngVA,0
على #الاتحاد_الاوربي و #الناتو أن يعزل #اردوغان سياسيا ويبعد #تركيا منهم فقد انقلب على الديمقراطيه وأصبح دكتاتور وس… https://t.co/wWQlzgdBNz,0
@FilxSr حط بوب ديلان,0
"RT @Fra2d_Sis: قال شيخ الإسلام ابن تيمية رحمه الله ""تأملت أنفع الدعاء فإذا هو ؛ سؤال الله العون على مرضاته"" #الوتر يحبه الله منك ✨",0
RT @Ibrahim_aldwish: هل يجوز صيام عاشوراء لمن عليه قضاء من رمضان؟@JehadAlremi ج/ نعم يجوز، فالقضاء وقته موسع يمتد حتى رمضان القادم.#جدد,0
إن كنت في العشرين أو إن كنت في الثمانين، ستبقين الأسطورة التي يراودنا حلم رؤيتها صغارًا كنّا أو كبارًا... #فيروز صوت لا يحدٌه الزّمان,0
1 رئاسة منتخبة لم تعصم دماء المصريات والمصريين وقبلت حدوث انتهاكات لحقوق الإنسان دون محاسبة,0
@911_snakeلا لا ابدا ومشان هالشي اللاعب السوري ما بحاجة يدخل سوريا اساسا عشان يمثل سوريا ..كل مبارياتنا بماليزيا ورأيك السياسي غير مهم,0
RT @thenewkhaleej: محلل صهيوني: اتفاقية الغاز بين الأردن و(إسرائيل) ستجعلنا نحصل على نحو 10 مليار دولارللحجب: https://t.co/ghQtAQt60xhttp…,0
RT @DRBARCAWY: #ميسي قليل أدب المدربين يحطون خطين دفاع وهو يضربهم بتمريره وحده ،، https://t.co/ihaZccq3jS,0
يتيح تطبيق GIPHY CAM إمكانية التقاط الصور المتحركة مباشرة ومن ثم إضافة الفلاتر#نصائح_تقنيةhttps://t.co/I8Fuywyuux,0
لو الانتخابات لم تزور لكان شفيق خسر حتما وأتوقع منك الا تشارك في هذه المسرحية التى لديها من المخالفات ما يبطل عشر انتخابات,0
@Yaqoobzz حاليا نوفاك قبله نادال قبلهم فيدرر الافضل على الاطلاق,0
@jdeed2002 هذي تباع في امازون !!,0
منسق المساعدات الإنسانية لدى #الأمم_المتحدة: قرابة المليون سوري يعيشون حالياً تحت الحصار https://t.co/7cOkgqZkEf,0
ما أغيب ولا يوم #ماذا_لو_المدارس_مختلطه,0
📚 مايكروسوفت تقدم خصومات تمتد 12 يوماً على منتجاتها 📚: #الألعاب ➰ #الولايات_المتحدة ➰ #تسوق ➰… https://t.co/TlVcGFLiRS,0
مفاجاءات ذا غيك مونت و #نايلة_الصليبي بعد موجز العاشرة  بتوقيت باريس من مونت كارلو الدولية مباشر عبر #periscope  و#فيسبوك live,0
موكب جنازة #كاسترو يتوقف عند ضريح #غيفارا في رحلته الأخيرة https://t.co/eC85R0M41u https://t.co/X4VXf9XlyI,0
6 أما طائفة مبرري الاستبداد والسائرين في ركب الإخوان الذين دافعوا عن إعلان الاستبداد واشتركوا في جريمة الدستور، لن تفيدكم بهلوانيتكم اليوم,1
ولا يوم اغيب 😂😂✋🏼😍💘 #ماذا_لو_المدارس_مختلطه,0
#ستبقى_حلب  ولكنها ليست المشكله ، المشكله هى على اى وضع ستكون 😕#حلب#رحمة_للعالمين,0
| فيلم #ثوار #ورق# : #مصر # #مرسي_رئيسي #انتخبوا_العرص,0
اليوم السابع | نائب رئيس #جامعة_المنصورة: الدواعى الأمنية سبب تقديم موعد #الامتحانات,0
حلب المحتلة الان تحت التجمد بدرجات حرارة  4- درجات تحت الصفر وغدا الثلاثاء 5- تحت الصفر#حلب #سوريا#طقس_العرب… https://t.co/Y31tfHo4Q3,0
#من_العالم هذا الفهد المرقط يبلغ من العمر 30 عاما، يعيش في حديقة حيوان تشنغدو #الصين، رغم كل الملل الذي يعتريه،... https://t.co/1EW9bRx1RQ,0
لعشاق الـ #سوبر_ماريو ولجيل الطيبين الآن اللعبة أصبحت متاحة للتحميل في #الآب_ستور ------Now #SuperMarioRun is available on the @AppStore,0
في فن من أرقي الفنون في العالم تعلمناه من حبيبنا المصطفي إنه فن تجميع القلوب تعالوا نتعرف علي الفن ده و,0
#لافروف: أميركا تماطل بشأن حلبhttps://t.co/gVLBxHwzNW https://t.co/EabLX2zsqO,0
#اليمنية| “اللجنة الوطنية” تكشف عن إعداد المنشأت #المدمرة في “الجحملية”https://t.co/Rwjh6yhmab#التحالف_العربي_سند_اليمن,0
توران : برشلونة رفض بيعي مقابل 50 مليون يوروالتفاصيل: https://t.co/ulhDmptgCf#إبداع_الملاعب https://t.co/TyNgCcsCa3,0
خطاب عاجل إلى وزير التعليم: مدرسة الشهيد أحمد كمال في طنطا مأساة التعامل مع أسر شهداء الثورة:,0
@d4iyaan @lmaoforza مرحبا أخي أنا مارس الجنس الكلبة الخاص في بعض الوجه يتخبط غوتشي,1
RT @A_FAHAD24: #الاهلي_برشلونهميسي يدعي الاصابة خوفاً من مواجهة معتز هوساوي https://t.co/OCPxFU06x1,1
#الولايات_المتحدة : غرامة الف دولار لاى شاحنة تمد المعتصمين والمحتجين على مد خط الانابيب فى نورث داكوتا بالمؤن بعد صدور امر الاخلاء,0
تحية لجميع النساء في #يوم_المرأة_العالمي نحتفي بالمرأة كل يوم أماً وبنتاً وأختاً ورفيقة درب وحياة وصانعة أمم,0
انا كنت في سيرتك أمبارح مع قلبي وحنيني لك ❤ 🎼🎤 #اليسا,0
لأول مرة منذ 712 اسبوع بالتحديد في 17/2/2003يشهد تصنيف التنس الصادر اليوم عدم تواجد #فيدرر او #نادال في التوب 5 !!#نهاية_هيمنة !؟#تنس,0
شركة أبل : الواقع المعزز سيصبح أهم من الطعام في المستقبل https://t.co/QBHnXxub7S عبر @EbaaTV,0
لولا الانقلاب لظل الجيش والشعب ايد واحده,0
ذُعرٌ في برشلونة بسبب لويس سواريز! - يوروسبورت عربية https://t.co/Eru3cumYFU #برشلونة,0
تكثير وهدم #محطة_قطارات_اسوان دون الانتهاء قبل الموسم السياحي هي مؤامرة واضحة للعيان لضرب الموسم السياحي الشتوي #اسوان #عمرو_اديب #مصر,0
#انتخبوا_العرص #انتخبوا_البرص #مرسى_رئيسى #اين_رئيسى #_ #__ö,1
منذ عامين وحتى الآن كل ما قدمه أنصار تيارات الشعارات الإسلامية لمصر مجرد مشاريع خناقات مع العالم والكون وأبناء الوطن,0
RT @rahimmoheby: #إيران تصفي ضابطاً أهوازياً رفض القتال في #سوريا.#التدخلات_الايرانيه #الشرق_الاوسط #الخليج https://t.co/gIUnmMwhS1 https:/…,0
RT @ajmubasher: لمتابعة المناظرة الرئاسية الثانية بين المرشحة الديمقراطية هيلاري #كلنتون ومنافسها الجمهوري #ترامب، اليوم في تمام 4 عصرا بتو…,0
#قضايا و #ملفات : #أطباء #الكبد: الإصابة بــ #فيروس_سى فى #مصر بلغت 200 ألف حالة سنوياً 80% منها تحدث من #المستشفيات,0
"RT @TRTalarabiya: #شاهد| رد الرئيس #أردوغان على العبادي "" رئيس الحكومة العراقية"" https://t.co/cTNPECGtF1",0
@FerasAllaou   أربعمائة مليون جهاز ليست 1% أنا أتحدث عن ويندوز 10 بشكل عام و ليس فقط نسخة الهواتف.,0
الإمام الشهيد البوطي يتحدث عن أسرار القلبفي كلمة بحفل المولد النبوي الشريف بمناسبةتجديد مسجد الشيخ ملا رمضان... https://t.co/1i4vAw4Ix4,0
عمر سليمان قتل و تعذيب المصريين في مبني المخابرات بالوكالة عن أمريكا، و قتل إخواننا الفلسطينيين في غزة,0
اجمل ما رأت عيني في #معرض_الكتاب ، ️,0
@abvd1234 البطاط رئيس حزب الله 😂😂,1
وكان حصار المتظاهرين واستئجار البلطجية لضربهم وقتلهم ومنعهم من العلاج كان كل هذه الجرائم لم تحدث ولم يرتكبها احد يا للنفاق الرخيص,0
#السودان مجلس الصيدلة يضاعف سعر الدواء بأكثر من 200%: الخرطوم: احمد الشيخ ندى رمضان أصدر المجلس القومي… https://t.co/4e2fUxcsqm #sudan,0
ياسين السويحة، عن عودة الحدود وسياساتها إلى مركز النقاش السياسي في الغرب https://t.co/vcwVwvpuAC#أوروبا #الولايات_المتحدة #دونالد_ترامب,0
"RT @Wesal_TV: #أردوغان لـ ""حيدر العبادي"" : الجيش التركي لن يتلقى أوامر منك فألزم حدك ، وأنت لست بمستواي ولست ندي وصراخك في #العراق ليس مهما…",1
RT @thenewkhaleej: «بلومبيرغ»: #السعودية تعتزم بيع سندات على المستوى الدولي بقيمة 10 مليارات دولار عند الحجب:https://t.co/t4s8jTTiwu http…,0
الجمعة.. المنتج صادق الصباح يحتفل بزواج ابنته فى “Biel” لبنان فن وفنون https://t.co/E2AgsvIdSq,0
راشد #الغنوشي: لم نسمع أن بشار #الأسد أعلن عن توبة وتراجع عن نهج سفك دماء السوريين | تونس الآن https://t.co/5Z2a2IHxtN,0
اطالب بعزل شفيق ومحاكمته ثم عمل انتخابات نظيفة او التحقيق في التزوير واستبعاد الأصوات الباطلة والإعادة بين الثاني والثالث او مقاطعة المهزلة,0
#طقس_العرب: #هام🔴تطبيق #طقس_العرب يتوقع رياح نشطة و #غبار على #الرياض الثلاثاءحمله الآن وشاهد التوقعات الخاصة بمنطقتك… …,0
@federista1989 ما لو الكلب قفل الرابعة كنا كسبنا بس كان فيدرر عظيم فعلا الماتش ده 😂,1
RT @QatarNewsAgency: قـنــا | إسرائيل تعلن عن إغلاق شامل للأراضي الفلسطينية https://t.co/jXAGxHvgLl https://t.co/IQjCIyHOy1,0
مرسي فتح على نفسه فتوحة ضنك بذاته الرئاسية دي ده فيه ناس هيبقى كيفها الشتيمة بعد كده,0
1 العنف مدان، ضد منشآت عامة أو خاصة، ضد مجمع محاكم أو أقسام للشرطة أو مقر إعلامي حزبي كإخوان أون لاين، من الأجهزة الأمنية أو من المتظاهرين,0
@KhairyInas @fhed999797 @M__albugaily افكار ايه؟ المؤتمر  بيساطه حدد من هم السنه واهل الاسلام الصحيح  احنا حضرتك بلاد الحرمين مش منهم  تصوري,0
@UNRadioArabic @dandidaa انت خلك قلق يا بوكيمون وخلنا نصفي امورنا لوحدنا,0
تشاريزارد أفضل بوكيمون  عندي كله يحب ينام 😂 https://t.co/8wcU7DI9Ws,0
شفت سلسلة افلام هارى بوتر كلها ف يوم واحد وهشوفها تانى انهاردا#عااااااااش,0
@iKhalid80 @Alito_NBA صور ز**,0
RT @i_FToQ: @Jal_6ah @facts444 خله يدخل بيتنا يدور بوكيمون !عشان اخليه يدور جواله في مكان ما .,0
افضل فنان بحرف #ر#راغب_علامة#رامي_عياش#رابح_صقر#راشد_الماجد,0
#يوسف_الحسيني هدف الإخوان في 19نوفمبر الوصول لميدان التحرير والسيطرة عليه #السادة_المحترمون …,0
جامعة هلسنكي(فينلندا)تختار #السادة_المحترمون (بفريق عمله كاملا)البرنامج الأكثرمصداقية وحرفية في #مصر وتم إدراج بحث عنه في دوريتها #فلسطين,0
هما فاكرين إن البلوك زعلده أنا كنت باحب أخدم بسلكن طالما لازمهم حرق دم ومالهيالله هاروح أفطر سيمون فيميهسلام يامعفنيين,1
السيرة الذاتية للرئيس #محمد_مرسي في موقع ويكيبديا #مصر # #انتخبوا_العرص,1
شو بتلبق لك الرومنسيه ؛ و شو بيلبق لك الدور😍مبدع يا محترف👌👍برافو👏👏#رامي_عياش #أبو_أرام #بوب_ستار #أمير_الليل… https://t.co/ueSfTw4Evf,0
RT @moonnor27: اروع فديو #ههههههههههههههههاردوغان #يجلد العبادي و #يمسح بكرامته الارض  يمه فدوة اروح لاوردغان يمه برد قلبي هذا خوش رجا…,1
@znklonee أبشر سم https://t.co/NaG0rB3zJH,0
RT @tahaalyassin1: العربية:⁧#طه_الياسين⁩ ؛مَن أعدمتهم ⁧#إيران⁩ من الشعوب أكثر ممن ذكرهم الإعلام.@AlArabiya  https://t.co/PNHusZvrv2,0
إنجاز الثورة الأعظم أنها فرضت الشعب طرف في معادلة الحياة في مصر بعد ماكان غايب عنها آلاف السنينوإشاعة اليأس سبيلهم لسرقة هذا الإنجاز,1
هناك بلاد منعوا فيها المساجد عن الاذان... 😦فقامت الكنائس للاذان والصلاة فيها ...😊 انها #فلسطين 😍❤💪,0
#عكس_السير: بان كي مون : بشار الأسد المخفق و الفاشل في القيادة كلف سوريا 300 ألف قتيل https://t.co/9ZCU6YYB7P -#Syria_feed,0
الرئيس مرسي المسئول الاول عن حقوق المصريين وكرامتهم اما ان يوقف الرئيس الخطف والضرب والتعذيب والمحاكمات العسكرية للمدنيين واما ان يرحل,0
@ND_1aa صدر أليسا وجه رؤى الصبان شعر و رشاقه ميريام فارس و مكوه روبيو عيون زينب ذيك المغربيه و الصوت مثل نوال الكويتيه وبس والله,0
يا تري أوباما عمل له كام مليار من رئاسته لأمريكا ...؟؟,1
RT @faredonshamshi1: #كندا.برلمانيون كنديون يطالبون بتحقيق أممي في مجازر #إيران.#المقاومة_الايرانيه #1988Massacre https://t.co/QKzJjo6GDL h…,0
#رصد| العاملون بإسعاف #دمنهور يهدّدون بالإضراب الشامل هدّد عدد من العاملين بإسعاف دمنهور، اليوم,0
في الفندق تواجد عدد من قيادات المشترك العادية لمقابلة هيلاري كلنتون ولكن لتأخرها في مقابلة صالح تم الغاء الموعد المحدد العلني,0
"RT @TheBaghdadPost: #بغداد_بوست60 نائبا من""الأوروبي"": مذبحة سجناء #إيران عام 1988 جريمة ويجب تقديم الجناة إلى العدالةhttps://t.co/gRahSAb…",0
روح بيع وطنك بعيد…👍#غزة#فلسطين https://t.co/mU1NFYViOD,0
RT @tarek_oo7: #من_دمشق_هنا_صنعاء الموت لآل سعود ممولي الارهاب ومدمري الاوطان بدولارتهم العفنة .,0
فإن نسيت #حماس جرمها للموحدين في #غزة فإن التاريخ لم ينسه قصف مسجد السلفيه الجهاديه في غزة وقتل من فيه ⁦https://t.co/gciJ13Y1gu,0
كما رفيق كذلك سعد المسيرة مستمرة https://t.co/aIfdC6TMBJ  #سعد_الحريري #جبران_تويني#رفيق_الحريري,0
إصابة 16 جندياً #روسياً في حادث طائرةhttps://t.co/G7RGb7MVe7 #امل_عباس,0
هو ليس مكانه طاولة الحوار المحترم إن عمر سليمان لا يؤمن بالحوار إنما يؤمن فقط بالقتل !,1
كاني ويست، دريك، نيكي، بيونسيه، قاقا https://t.co/zmIZ11pmJ0,0
_ ولغايه ماتبنوا الكنايس جوامعنا وبيوتنا وقلوبنا وعيوننا مفتوحه ليكوا تنوروها وتنورونا,0
لقاء النجم #إياد_نصار في #مهرجان_القاهرة_السينمائي...هو الممثل في حالة بحث دائما...أنا متفائل و لا زلت متفائل بالأف… https://t.co/CEuo481JPh,0
بنات عمارة انت الامل فى العيون #بنات_هندسة,0
"ترقبوا مفاجأة "" ويندوز 10 "" في 26 اكتوبر الجاري ... مش هتقدر تفتح عينيك !! https://t.co/xm5PZ5QeKW",0
هنادي بورحمه شكرًا على اقتنائج #كتابي #ثلاثة_ايام_فقط_كيف في مكتبة افاق #وداد_المطوع #معرض_الكويت_الدولي_للكتاب… https://t.co/PhKWiPOZRe,0
كنت واثق ان احداث #رابعة والدماء التي سالت سوف تكون لها اثارلكني لم اتخيل ابدا انها تصبح وقود يلهب مشاعر الملايين وتحي…,0
حان الان وقت صلاه المغرب لــ #واشنطن #أمريكا 4:51,0
فلتقل خيرا أو لتصمت #خلق_جميل,0
https://t.co/UWTTusJRRZهدف فوز المقاصة على الداخلية عن طريق أحمد الشيخ,0
ريييككككي مارتن قاي https://t.co/qwcP7eA8fB,0
#خليك_متحضر #معا_نحو_التحضر,0
#تفه_واحده_مش_كفايه لمجتمع متحرش !!,1
و #حكومه_لبنان ناقصها الموهندس BOB وزير الطاقة. عندي خطة توليد الكهربا ٢٨/٢٨ دون اي تكلفة على خزينة الدولة,0
@NawalElZoghbi - علآج ﻟُﻠﻤﺰآﺝ آﻟﻤﺮ ﻓﻲ صُـوتگگ  💛💗💙❤💙#نوآل_آلزغبي #گُل_یوم_جمعةة 💗💛 https://t.co/p5TCSnEJYp,0
تلاحقك بهجة الأعياد في #لبنان  في كل تنقلاتك انها دعوة لقلب صفحة جديدة نتمناها أفضل #Christmas — feeling optimistic,0
#حماس من حركة مقاومة لحركة مسيرات وإدانات واستنكارات..ليس اﻷذان عندهم كقائد من قاداتهم الذين أدخلوا #غزة في مطحنة… https://t.co/rmdi1s6rqW,0
RT @heekmmm: اردوغان ليس عربي لكن وقف كمسلم يناصر العرب ومواقفه مشرفة أكثر من بعض  حثالات العرب!#مصر_تصوت_لصالح_المشروع_الروسيhttps://t…,0
@fans__14 مع ميسي فازوا على متصدر المجموعه ،بدون ميسي حتى اخر منتخب في المجموعه تعادلوا بصعوبه مانختلف وجود لاعبين كبار لكن مع المنتخب لاشيء,0
#طقس_العرب....كفاكم...تعشيم بالثلج...و هو بس برد....كلها نعم من الله و نحمده دائما..,0
#حماس و #الجهاد مدعوتان لحضور افتتاح #المؤتمر_السابع https://t.co/4saxPjCUwe via,0
بغض النظر عن نتيجة الاستفتاء سيظل هذا الدستور غير شرعي لانه خرج من لجنة تأسيسية باطلة تم تحصينها بإعلان دستوري باطل سوف يسقط دستور المرشد,0
@munee82_ ليلي 💕 ، امبيه بيونسيه شتحس فيه ؟,0
شاهد استمرار فعاليات إحياء ذكرى #المولد_النبوي الشريف في الحديدة 14-12-2016 https://t.co/axPp32V908,0
@NourIssa7 @nadinenjeim @ASRARMAGAZINE أنا بأيد رأيك نور وبالنسبة إلي كمان نادين نسيب نجيم هي الأفضل بضم صوتي لصوتك,0
للشموخ عنوان #السادات,0
RT @ahmedaldheem: #أماني_العجلان_عار_على_السعودياتالمذيع:السعودية وافقت على اسقاط الولاية في مؤتمر الامم المتحدة هي:لوعطيتك ايفون بدل سام…,0
#خلق_جميل عندما يفضح احد الاصدقاء اسرارك ولا تقوم انت بالمثل,0
خلال المناظرة الرئاسية.. #ميلانيا_ترامب تتألق بتصميم باهظٍ من #غوتشيhttps://t.co/AKFAD9IXA9#فوشيا #مشاهير https://t.co/C0ScnwhN8S,0
إحلفي انك نوال الزغبي 😳 https://t.co/C2VSYH7db0,0
خدمات 24 مصر  مكتبة الإسكندرية تعقد جلسة عن شعر “بوب ديلان” غدا https://t.co/pOvqSCwMhd,0
ومين قال لك انها كانت نزيهة ده كان كمين وش,0
وحرامية بلدنا طلقاء يحكموا بلدنا النزيه#باسم_عودة فك الله اسرك انت وكل احرار بلدنا,1
فيدرر ضد بينيتو في بطولة ويمبلدون 2012..  #افضل_مباراة_تنس_شاهدتها,0
انا ف كل امتحان ندير ف  #MannequinChallenge المشكلة مفش من يصورني,1
#Echomoda “بيونسيه” وابنتها بأناقة “غوتشي” “ولوران”: حقائب “غوتشي” Gucci تفضلها المشاهي... https://t.co/GP46cMFxv5 #ازياء #فاشن,0
#اليمن .تعز...الانقلابين والعفشين .جرائم بتعز على المدنبن بلاسلحة الثفيلة اكثرمن مكن واكذكل القناصة لافرق بين... https://t.co/5P1zUGAvUr,0
جملة اعتراضية ـــــــــــــــــــــــــــــــ هل هذه الانتخابات عادلة ؟!,0
هالايام تمر علي مواقف قديمة لكن مع أشخاص جدد #احساس_غريب,0
تغيير اوباما لموقفه لدعم الانقلاب يكشف نجاحا لاسرائيل فى رعاية الانقلاب اليهود بيحركونا ويساعدونا فين ايام شتيمة: انت يهودى,1
كشف مقطع فيديو هروب مسلحي جبهة النصرة الإرهابية خلال مواجهة الجيش السوري في شرق حلب، وتركهم لاسلحتهم التي سقطت في... https://t.co/DSnWTtOAgy,0
#فرنسا تدين العملية المتطرفة على #معسكر للجيش اليمني في #عدن @egyptiontoday https://t.co/oowK2JdTNA,0
"""المجتمع المدني السعودي الملامح والادوار""لمجموعة من الباحثينتجدونه بـ#معرض_الكويت_الدولي_للكتابجناح 35 https://t.co/lKUbbXfcPy",0
أصداء الثورة التونسية قبل أن يحرق العرب أنفسهم في آخر كلام الليلة في العاشرة مساء بتوقيت القاهرة الثامنة مساء,0
"#صاد | شاهد- بشار الأسد يتحدث لـ""جو شو"" عن السيادة الوطنية!https://t.co/CLLBwNqL7H",0
"RT @IhshrhI: هجوم مجموعه كبيره من الناس في ""تايوان"" على حديقه بسبب ظهور بوكيمون نادر على الخريطه في لعبة ""بوكيمون قو""  ! https://t.co/2IzCw…",0
"ما أدري من هو المطور المسؤول عن أماكن القروش السوداء في #SuperMarioRun، بس حبيت أهديه لقب: ""ابليس السنة"" 🌚.. يلا، ب… https://t.co/4c7wH7wsdH",1
قبل قرد #ليبيا.. حمار فجّر مجازر في #لبنانhttps://t.co/YdD99RsYwV,1
@Jordanian_AD هههههههههه انا استنى جوال غوغل الجديد يمكن يكسر الدنيا 😂😂😂,0
م اليوم ورايح أسطورتي ف التنس أندي موراي طبعا بعد روجر فيدرر https://t.co/iavxbUeCkf,0
RT @dr_zayedalamri: #العراق٢. يا فخامة الرئيس انت اكبر تهديد للامن الوطني والقومي فكيف بك رئيس دولة تسلم دولتك لدولة اخرى مهما كانت علاقتك…,1
"@fezaru ""والله اني قاري في غوغل انه حلال"" 😂😂😂💔",0
هو اللي عيونه ندوني مالعالم كله خدوني,0
الجحش بس هو الي يبقي فاكر ان تأييد #شفيق ثم #عمر_سليمان و رجوعاً لشفيق تاني ثم #السيسي من ابناء #مبارك و فلول البلد صدفة,1
#مجلة_النجوم3 النجمة الذهبية #نوال_الزغبي @NawalElZoghbi في احدث اطلالتها عبر الانستغرام❤❤❤https://t.co/xdtAXcT8E5 https://t.co/THnmfOknr4,0
كثير من التدريب العسكري للجيش الشعبي لتحرير #السودان SPLA تم في #كوبا!! بهذه المرة #كاسترو وعاء لإحدى أقدم مؤامرات بريطانيا على وادي النيل.,0
رئيس الجمهورية ميشال عون يحقق أمنية شابة بإستقباله لها تقرير: علي عطويhttps://t.co/8mtL9I4Hq4 https://t.co/IcAjJzaDRR,0
@BOUGROURA @MohamadAhwaze  طيب السوريين النازحين ليه مايرجعون  ويحاربون بدل شتم دولتنا حسبي الله ونعم الوكيل تعال وانظر كيف يعيشون هنا,0
RT @HenryKesnger: لماذا باع أردوغان..القضية السورية؟لا ألومه بصراحة!!استثمارات يسيل لها اللعاب!يستاهل الخليفة لعبها صح!!... https://…,0
#لفيروز_من_قلبي_سلام #جارة_القمر #سفيرتنا_الى_النجوم #فيروز 81ىسنهفيروز اخر عهدي بيها انها كانت بتايد بشار من 2011-2012 تقريبا,0
في الطريق إلى أسوان لأول مرة منذ أكثر من 15 عاما بدعوة كريمة من الدكتور مجدي يعقوب لحضور افتتاح المبنى الجديد بمستشفى القلب هناك,0
كلمة الرئيس ميشال عون في عيد الاستقلال https://t.co/YmA2watYF3 https://t.co/K42wkz2ulx,0
توجهت اليوم 50 حافلة، لتجلي نحو 3 آلاف شخص من المقاتلين وأسرهم، من أحياء #حلب الشرقية إلى مناطق سيطرة المعارضة السو… https://t.co/mymgX79E2m,0
عمة #هادي تعيش حالة قلق وخوف عين على #ترامب وعين على #الجنوب .#كيري سعى الى تهدئة جبهة الجنوب من  اجل تتفرغ لكيفيفة التعامل مع كرباج#ترامب,0
قريباً سيتم طرد عناصر علي محسن وهاشم الأحمر  والإصلاح من منفذ الوديعة. والطائرات التي يتعبدونها قد تستهدفهم غداً. #اليمن #السعودية,0
خبير أمني: السعودية نجحت في تحجيم الإرهاب رغم التحديات https://t.co/8kcxEoHAnX,0
مقاتلون على منهاج الحسين عليه السلام#الثورة_الحسينية#الإمام_الحسين#لبيك_ياحسين_YaHussein #ليله_العاشر… https://t.co/wNMwrXlb3t,0
-دونالد ترامب توجه  لأداء فريضة الحج,1
@oamaz7 ما حولهن دمار من قبل ثوار الناتو وما الدليل أن من قتلوا نساء وأطفال عمر انت اخونجي؟!!,0
@n_30s هارا غوتشي مكتوب اسمه,0
قال النبي ﷺ(لا يؤمن أحدكم حتى يحب لأخيه ما يحب لنفسه) صحيح البخاري #ريال_مدريد,0
"بحب بلدى و بكره الدم والظلم #سأنتخب_السيسي #تحيا_مصر""",0
الرئيس ميشال عون: ما يقوم به جيشنا في الداخل يستطيع أيضاً أن يقوم به على الحدود، فعندما تهدّد الأخطار الوطن يبقى... https://t.co/V3m0iUGYWN,0
للنصر لحظة مراره لايشعر بها الا من ضاق طعم الخساره فى #بنغازى واعادة التقييم تصبح حاله نفسيه مزمنه ترى فى النصر كأن… https://t.co/V4WtcOAaOQ,0
اذا أجريت الانتخابات بنفس القضاة والضباط الذين اشرفوا على التزوير بنفس النائب العام مع احالة من يعترض الى محاكمة عسكرية النتيجة معروفة,0
"احتل هولاكو ⁧حلب عام⁩ 1260م وارتكب مذبحة بشعةفظن البعض أن الإسلام انتهىبعد 8 أشهر جاء نصر ""عين جالوت""#ستبقى_حلب#ستنتصر_حلب#حلب_تباد",0
#ماذا_لو_المدارس_مختلطه راح توفرون مليارات وأنتم كيفكم عاد,0
السعودية تعترض صاروخين للحوثيين وترسل تعزيزات: أعلنت قوات التحالف العربي اعتراضها صاروخي... https://t.co/2Ccgjn5oXb #عاجل_الصحف,0
شكرا لكل من شارك في البرنامج انتم شركاء في هذه الفرحة احسن فريق اعداد و اخراج و انتاج و كتابة فخور بشغلي معاكم,0
الطبعة الثانية لـ كِتابي (فاشن كوشن) أتحدث فيه عن الموضة والازياء بإسلوب ساخر هادف.صالة رقم ٦ جناح رقم ٣١ ❤️📓… https://t.co/NufaUkdLmw,0
انا بعشق اللعبة دي ❤️ https://t.co/78u8hANyL0,0
جو سقعه غريب تحضير اكل جو بيض #talk #about #Christmas https://t.co/iOgyj9PIsQ,0
_ لا ده بيقوللك وسوري كمان وأعلى حاجة أن بيقوللك عبد البيادة وفي نفس الجملة بيهين الجيش,0
مخاوف المسلمين من الاخوان لا تقل عن مخاوف الأقباط ولولا تواطؤ الاخوان مع العسكري لما وصلنا الى هذه الورطة الطائفية قضت عليها الثورة نهائيا,0
كل من ينزل مظاهرة بسلاح أيا كان انتماءه السياسي هو مشروع قاتل يجب محاكمته,0
ولو قصفت طائراتهم وأضافوا عشرين دولة معهم. لن يغيروا مجرى التاريخ ولن يفلتوا من الانتقام والثأر اليمني طال الزمن أو قصر. #اليمن #السعودية,0
#باسم_طلع_حرامي ===== #عاشق_مصر,1
من الخطوط الأمامية لجبهة #ميدي: #المسيرة تزور المرابطين من أبطال الجيش واللجان  18-11-2016#اليمن #Hona_Almasirah https://t.co/N4Lfry3Aa1,0
بكرا لابد السما لتشتيلي ع الباب ،شمسيات وأحباب بياخدوني شى نهارعيد ميلاد سعيد لجارة القمر ❤#فيروز https://t.co/6WtjNk0bSy,0
استحوذ عليهم الشيطان فأنساهم ذكر اللـه ۚ أولئك حزب الشيطان ۚ ألا إن حزب الشيطان هم الخاسرون ﴿١٩﴾ -- سورة المجادلة #Quran,0
تعرفي على حذاء #غوتشي الذي يجمع بين الكعب العالي والمسطحعبر الرابط https://t.co/i9W8OUykn9 https://t.co/TtUPpnAbkc,0
RT @Rymyh_24: #السعوديه_الامارات #المنتخب_السعودى#فهد_المولد سيلفي ميسي مع هدف صديقه فهد المولد 😁👍🏻⚽️ https://t.co/5pUfX843HI,0
عدي وغسان أبو جمل ،ولاد العم ،العملية الاستشهادية المزدوجة في القدس المحتلة 18/11/2015 ،#عاشت_الذكري_ودامت_الثورة… https://t.co/lhdcw56jgM,0
#اليمنية| #الهجرة_الدولية تدشن أول برنامجي تدريب في مجال الرعاية التكاملية بشبوةhttps://t.co/YM2qzxJWFf#التحالف_العربي_سند_اليمن,0
RT @UsanewsNews: بالصوورابو سن يبكيبعدالقبض عليه من الشرطةبعد ظهوره بشكل مسيئالصوور https://t.co/5Ftr8tQKBT#مو_من_حقـگ,0
إطلالة أنيقة وانثوية من مجموعة غوتشي لخريف/شتاء 2016 https://t.co/2MG7282hjh https://t.co/9p5a6bIAk7,0
#ماذا_لو_المدارس_مختلطهلاختلطت القيم والمبادىء,0
كينيا دولة سياحية جميلة يسافر لها ملايين السياح من مختلف دول العالم .. أدخل غوغل وشوف https://t.co/wfWFh0jurM,0
"تشكيل الحكومة بين الحريري و جعجع في ""بيت الوسط""https://t.co/WoagXQe2Sf",0
تحية تقدير وإعزاز لذلك العبقري الذي اخترع الجبنة الرومي الفكرة جت في دماغه إزاي؟,0
هدنة #كيري وإتفاق مسقط لا يساوي شيء على ارض الواقع,0
#شمعة الكترونية لمستخدمي #أجهزة #أبلhttps://t.co/8LikGFNvm9 https://t.co/hV8W8RYY2w,0
RT @skynewsarabia: تابعوا المناظرة الرئاسية الثانية بين دونالد #ترامب وهيلاري #كلينتون 4 صباحاً بتوقيت أبوظبي مع عمرو عبد الحميد @amroabdel…,0
شيء غير مقبول لادينياً ولا إجتماعياً وبوابة لمشاكل أحنا في غنى عنها في مرحلة حساسة مثل مرحلة المراهقة  #ماذا_لو_المدارس_مختلطه,0
#الاحد_4_ديسمبر  #سعودي_اوجيه_بدون_رواتب #سعد_الحريري موعدنا لنطالب بحقوقنا المسلوبة المصروفة على ولائم @saadhariri أمام بيت الوسط,0
RT @A_Alhalaqi: ما قام به اردوغان اليوم من جريمة اكرام بوتين وتطوير وتعزيز العلاقة معه، لا يقارن بذنب السيسي يوم امس بتصويت لا قيمة له.,0
مشاهد جوية من #السكن_الشبابي شرق #حلب بعد سيطرة #الجيش_السوري عليهhttps://t.co/UFBJbxybp8 https://t.co/EU3dnCftCM,0
RT @M__albugaily: مواقف الحبيبة مصر الدولية مواقف محترمة ويفخر بها كل مواطن عربي وعلى رأسها مواقفها الشجاعة بمحاربة الإرهاب بشكل عام وفي كل…,0
هو كل كلب ولا كلبة يمسك منصب فاكر أنه ممكن يتحكم في تاريخ البلد دي على أشكالكم الضالة #مبارك #أكتوبر #سيناء #نصر,1
إندبندنت: بريطانيا تطور تقنية جديدة تمنع استخدام الهاتف أثناء القيادة https://t.co/2kzcGr6AdE #البحرين #الكويت #السعودية #الإمارات #قطر #ع…,0
#فتح وجهت دعوات الى #حماس و #الجهاد_الاسلامي لحضور المؤتمر السابع - #فلسطين  https://t.co/rkoO0c2Yod https://t.co/d62QgrIpgp,0
RT @aflam_0: اجزاء فيلم  The Expendables  🔥1- https://t.co/muOiQdv7IY2- https://t.co/SyVzPMyfg63- https://t.co/SrazJrqOlTتابعو الروابط…,0
#بان كي مون يتهم #بشار_الأسد بأنه تسبب في مقتل 300 ألف سوريhttps://t.co/wiyXHuMGMt@voiceofemirates https://t.co/bDnBr99hXg,1
#ألمانيا و #فرنسا تخططان لإطلاق صندوق بمليار يورو لدعم الشركات الناشئةhttps://t.co/kAB9N9OudZ https://t.co/gCyEZCYgNE,0
ملخص مباراة روما واتلانتا 1-2 كامل (الدوري الايطالي 2016/2017) HD .e4i https://t.co/YvX6DJjbdf #MannequinChallenge,0
RT @Q8Pay: خصم كبير في #امازون البريطاني ينتهي بعد 14 ساعةعلى مكنسة كهربائية من شركة Vaxشحن مباشرhttps://t.co/1wrnWm2jdY,0
على #محكمة_الجنايات_الدولية المطالبة بجثة البشير من الحكومة السودانية تنفيذا للاحكام القضائية العادلة.#الأمم_المتحدة#مجلس_الأمن,0
أردوغان للعبادي: «اعرف حدودك» ولن نأخذ أوامر بشأن بعشيقةhttps://t.co/tbfwcrjvJO #ريال_مدريد #برشلونة,1
الجيش والشرطة والحكومة والبلطجية والاعلام يلاحقون الشعب لايقافه لو انتم رجالة بصحيح اوقفوا ارتفاع الاسعار الاسعار تقفز بجنون,1
#أخبار_الآن | أ ف ب: #واشنطن تريد فرض عقوبات دولية على مسؤولين حكوميين وقائد التمرد في جنوب #السودان,0
🕧أكثر 10 خصائص قد لا تعرفها عن نظام ”آي أو إس 10“ الجديد🕧#آيباد #النقل_العام #جوجل https://t.co/SyqvowD12u https://t.co/VieaigabQ1,0
بيكيه يسجل رقم مميز مع برشلونة في التمريرات الناجحة -  https://t.co/4tPgcCA0hF https://t.co/8IBLXN41jm,0
#ستبقى_حلب#ستنتصر_حلب(فدعا ربه أني مغلوب فأنتصر)والله لتنصرن ولو بعد #حين,0
كلها بقت احمد الشيخ اهو 😂,1
@alwaaaleeed @sindk4mindk @UmQr من جنسيات مختلفة إلا الجامعة العربية  ما شفنا هذا الشيء فيها سيطرة تامة على المسمى والمكان من أجل الاشتراكات,1
النجمة اللبنانية #إليسا ضيفة الحلقة الاولى من برنامج #كل_يوم_جمعة مع الاعلامي عمرو أديب الجمعة 23 ديسمبر المقبل على… https://t.co/sz3gnZ7IC4,0
RT @nny__8: Wow WTF حسبته جستن بيبر🙂😂 https://t.co/b30QQdfI9R,0
https://t.co/wws6Tzp10f#christmasحسين السيد#منقدرش_نستغني_عنصلاح سليمان#خدت_ايه_من_التفويضميدو جابر#جنازه_شهداء_الكنيسه,0
#لبنان/ وزير خارجية #كندا ونواب كنديون من أصل لبناني في #بيت_الوسط #عاجل_بابليك_برس,0
أخيراً! بعد جولات عديدة في Toad Rally طلعت لويجي! #SuperMarioRun https://t.co/Cz7G5NOrdo,0
حلب  القلعة والأصالة باتت عاصمة للصمود وواثقون بقدرة أهل الشهباء على الصمود والتصدي  ستكون حلب المسمار  الذي سيدق في نعش الكفرة #ستبقي_حلب,0
والغاز مش مدعوم يا إنسان؟ وماذا عن الأسمنت والحديد والأسمدة؟ واضح أنك تفهم أقل من الحيوان,1
RT @alialgofaily: وشهد شاهدٌ من أهله !#دونالد_ترامب https://t.co/unP0gQucQT,0
@Hassan_Aljassmi @ALMRISEUL بوتوكي لا احسن قل يا بوكيمون 🍾😂,0
#لافروف#زاك_والنازي_بيصبحوا_بفولورزعملية استشهادية رابعة تدمر عربة BMP وتقتل 5 جنود قرب مشفى السلام  #الموصلhttps://t.co/j2rCUm2Vp0,0
تصادم مخيف بين دراجة وسيارة https://t.co/qcTBw6JkUA #غزة #فلسطين,0
حد يسأل سيسي لما قال بكره تشوفوا مصر يمكن قصده ان احنا هنبقي شحاتين وهنبقي فرجة والدنيا تضحك علينا,1
يخون #الإسلام ويخذل المستضعفين من #المسلمين في #سوريا ولا يرحم الأطفال اليتامى والنساء الثكالى والعجّز ويقول #مصر_لن_تركع! عمرها ما صلّت 🙏🏼,0
أحلام ترامب في موسكو.. والعودة الى الماضي https://t.co/Bw91FcgI5I https://t.co/K4Tt2zetjg,0
مهما بلغت لحاجة وخلقنة غوتشي الا انها مازالت اشيائها انيقة ,0
حزب الله يدخل آخر معاركه في حلب؟ https://t.co/e2UsMASPu3,0
سنسمو على خلافاتنا السياسية والحزبية وسنعلى فقط المصلحة الوطنية ستنتصر ثورتنا وستكون مصر قوية بإذن الله,0
#عسكر_كاذبون #25يناير القادم يشهد توحد القوي الثورية #قوتنا_في_وحدتنا #6ابريل #اخوان #ليبرالي #يساري #حازمون …,1
#واشنطن تتهم 12 ضابطا سورياً بالضلوع في هجمات على المدنيينفقط و كلاب الروافض خارج النطاق,0
الساكت عن الحق جبان ! لا مال و لا شئء ينفع فى الآخرفمن يقف على الحياد بين الحق و الباطل فهو مع الباطل بالتأكيد,1
@sho4255 @Hais1210 @MuniraFaisal  لو تستطيعى حل المشكله افعلى ولن يسمح الروس والامريكان بذلك للاسف أهل سوريا هم من فعلوا ذلك بأنغسهم,0
القائمة السوداء: بعض شيوخ الفضائيات الدينية الذين روجوا لأكذوبة اني ماسوني وأضافوا اليها بهائي وغيرها من الأكاذيب أيضا بحق ليبراليين آخرين,0
الرئيس الحريري يلتقي رئيس حزب الكتائب سامي الجميل في بيت الوسط#لبنان #اللواء,0
تطبيق لعشاق الكيمياء على أندرويد https://t.co/cS48p6R4N3,0
وهل يعتقد أوباما بأن قرارته المجنونة بمثابة الكتب المنزلة من السماء ، فليخسأ هو ومن معه ، ادحروا عدوكم واخذلوه أيها العرب ، إنما هو عار .,1
متى النهاية ياحرب #سوريا #فلسطين #العراق #بورما,0
@Fk999Dir @zaiedkhaled @Almadinanews النظام الصحي الأمريكي يحرم أكثر من 13 مليون أمريكي من العلاج https://t.co/osLJ0PdYnE,0
#عمرو_اديباللواء كامل الوزير ...الجيش يتكفل بمحطه قطار اسوانالريس يشاهد البرنامج 👍 👍 👍 💐,0
أوباما يدين تعليقات ترامب المثيرة للجدل حول النساء: أدان الرئيس الأمريكي باراك أوباما التعليقات المثيرة للجدل... https://t.co/ra2hF9Fdrv,0
مش عارفة اذا لسه رح نشوف ابشع!!! غير قلة الحيلة المستحية قدام اللي عاش وجرب. #يا_رب #شوية_أمل #فلسطين #سوريا #اليمن #بورما #الجوع ب #افريقيا,0
#بوابة_الوفد#سما_المصري: روحت #مهرجان_القاهرة_السينمائى بطريقتيhttps://t.co/5mutgT8w7w https://t.co/g8LQ1Vj2eE,0
RT @RaniaAbdallah: و لا الاهطل ده اللي طلع الساعة ٢ الصبح قالك هنعمل جيش إسلامي لمحاربة الارهاب !! اخبار التحالف الأهبل  ده و لا عافصة الحز…,1
شجاعة بنات مصر الثوريات لا تقلق نظام مبارك فقط لكنها تزعج الجبناء فاقدى النخوة الذين يقبلون الذل من اجل السلامة ويرفضون الثورة لكرامتهم,1
RT @zugailamm: اسمعوا هذا الكلام عن حلقات تحفيظ القرآن التي اتُّهمت من إعلامنا بكل أنواعه وصوره بتفريخ الإرهاب والذي جنينا بسببه #قانون_جاس…,0
عجبك ..اذا ريكي مارتن اخد شب مننا 🐸😒😂😂😂 https://t.co/Is3YkeDnFf,0
"#مهرجان_القاهرة_السينمائي يكرّم ""صانع البهجة""https://t.co/Nz5ZeXy5u2 https://t.co/CDgekdbW50",0
_ منطق فاشل وكاذب دول متصورين بالأسلحة وفيه ضحايا سقطوا من الشرطة في الإعتصامين مش هتعرفوا تغيروا التاريخ,0
تحميل نسخة ويندوز 10 الإنتربرايز تحديث 2016 +التفعيل | Download windows 10 enterprise:,0
فنانة لبنانية كبيرة  صوتها إسطوري ؟! #ماجدة_الرومي   @majidaelroumi #نجوى_كرم  @najwakaram #نوال_الزغبي  @NawalElZoghbi #جوليا_بطرس,0
اليمن.. الانقلابيون خرقوا الهدنة 15 مرة خلال الساعة الأولى https://t.co/Su1eYOVGAY#عكاظ #اليمن,0
إسرائيل في أفريقيا  https://t.co/6k1gwx5Jnu,0
"لا الحمدالله مكنت اتهاوش علا الصلاه عشان قبل الكوريين كنت احب جستن بيبر :"") https://t.co/CC1enk0NlA",0
"RT @alkhaleejelarab: مدنيه لـ""الخليج العربي"": أبو الغيط يسعى لإعادة المجرم بشار الأسد لمقعد سوريا | بوابة الخليج العربي https://t.co/t21u0j…",0
مدرب المقاصة: أحمد الشيخ لن يعود إلى الأهلى https://t.co/dqC8DdA7Qi https://t.co/aLi121Zh38,0
أقسم بالله إن البدون فيهم من هو أشرف وأطهر وأكثر وطنيةمن اللي يحمل إسم كويتي فقط وهو خائن عميلوخلية حزب الله أقرب… https://t.co/sEyPRKm3Cw,0
#ج_س_ك#مكتب_حلب_عامر_الاسدعاجل / حلب تتحرر أعداد من أفراد عائلات المسلحين الخارجين من الأحياء الشرقية لحلب... https://t.co/zNBb9pTl5J,0
وبواب بواب شي غرب شي صحاب شي مسكر وناطر تا يرجعو الغياب#فيروز ❤️❤️https://t.co/80Gs3H91Hf,1
RT @Trust_11111: اكبر سبب لظهور الإرهاب هو قمع الشعوب الأسد و حلفاء الأسد مثل السيسي أنظمة الاستبداد تصنع الإرهاب لقمع الناس لقمع الستات…,1
#لبنان يحتفل بعيد ميلاد #فيروز الحادي والثمانين https://t.co/C4bp6WHsw1 https://t.co/rTCjOE2kbF,0
@EGYPTAIR حينما أريد الحجز لا أستطيع الضغط على تاريخ الحجز الذي أريده وهو ١٧ Jan,0
نهب البنوك يسير بشكل يومى واموال الناس تتبخر علنا ولا يوجد مسئول فى القطاع المصرفى يعترض او يستقبل ==,1
الفهم المصري المتحضر للإسلام أسس له الامام محمد عبده عام 1899فانطلقت مصر العظيمة لتبدع في كل مجال حتى وصل إلينا الفكر الوهابي الرجعي المتطرف,0
@saudiguer #بس_اقوللاتفرح كثير اذا ترشحة هيلاري كلنتون للرئاسه,0
"شاهد: ردة فعل أحد مؤيدي #حزب_الله على تشكيل ""سرايا التوحيد"" الدرزية بقيادة وئام وهاب #لبنانhttps://t.co/UZaoXu638z",0
RT @ALAMAWI: #سوريا#ريف_دمشقهجوم جديد يشنه #تنظيم_الدولة يستهدف مواقع لفصائل #الثوار في جبال #القلمون_الشرقي,0
الاحتفال بعيد #الاستقلال خيانة عظمى بظل استمرار #الاحتلال !,0
حسيت بيقين جوها ممرره زي اغاني جستن بيبر بس كل ما سمعتها كذا يرجع لي حماس الافلام لأن الايقاع الاساسي نفسه.. صوت جونقكوك جميل فيها,0
#عاجل: قرر مجلس الأمن الدولي بالإجماع علي مشروع فرنسي لنشر مراقبين دوليين في #حلب لمراقبة عمليات إجلاء السكان منها… https://t.co/OFDkcUEkAr,0
تكبيررررررررررررررررر مسيرة احرار #المعادى الان,0
لا يعلم مدى قساوة ظروفهم إلا الله ..هون عليهم خفف معاناة النازحين السوريين بعطائك. . مساعدات… https://t.co/JyZqSCnBAw,0
قوات #الاحتلال تقمع المشاركين في مسيرة كفر قدوم المناهضة للاستيطان، قبل قليل، وتطلق قنابل الغاز والصوت بكثافة صوبهم.,0
@Fairoz_son والقاعدة - جبهة النصرة - وداعش عيالهم اي مذهب؟ يقاتلون منو وحق شنو بسوريا؟عموما،تصبح على خير https://t.co/4M2rnmbQAS,0
@BlackGamer10 @dubayan انا كمان اتابعها بس في الفترة الاخيرة سارت كلها بوكيمون,0
متعودتش اشوف ف الناس غير الجمال #حمزة_نمرة,0
RT @BahaHkeme: ليسمعها #العالم أن كل سلفي يبغض #الإخوان_المسلمين و #خليفتهم أردوغان لمنهجم #الفاسد ومع هذا لم نجيز #الثورة عليهمايام حكم #…,1
#إيران: أول اختبار لـ #روحاني بعد رفع سعر #البنزين,0
فريق الوعد #إنصاف_الإخوان,0
ستبدأ بعد ساعه ونصف اول مناظره بين المرشحان لنائب رئيس الولايات المتحده وهما#تيم_كين  نائب ل#هيلاري_كلنتون#مايك_بنس  نائب ل#دونالد_ترامب,0
كاشيما انتلرز الياباني شارك في بطولة أندية العالم كمستضيف (ليس بطل اسيا ولم يسبق له تحقيقها) ووصل للنهائي بانتظار ريال مدريد.,0
"فرنسا تصدر حكم ""الإهمال"" بحق رئيسة صندوق النقد الدولي وذلك بشأن قضية تسوية عندما كانت وزيرة للمالية. هذا قد يعني اس… https://t.co/UzIF7ueEyL",0
أنا بعد ما عشت المعاناة السنادي لا يمكن أخلي ولادي يكرروها مالها صناعه ! #ثانوية_عامة,0
لمتابعة اخبار ونشاطات مكتب الشهيد السعيد السيد محمد الصدر (قدس) / بغداد والمحافظات الشمالية على فيسبوك:… https://t.co/DYLdevhNBl,0
وهذا ماقلته اليوم مع محمود سعد لمن أراد أن يدرك حقيقة أكذوبة الإستقرار الذي يروجون لهتصبحوا على خير,0
@MSY991 @BuHumaid10 يدخل من بوابة جوجل الشركة الأم لـ أندرويد بياخذ أفضل تجربة نظيفه من الشوائب 👌🏼,0
RT @FTP_POR: الأسطورة روناددو سجل 44 هدف مع المنتخب منذ إنضمامه الى ريال مدريد https://t.co/bSQTCXWlTA,0
#صدى_البلد | ميريام فارس تروّج لحفلها في دبي @myriamfares #البلد | https://t.co/z8MU04O2hv,0
3 تم الإتصال أكثر من مرة وستكون عندنا بالغد في لجنة حقوق الإنسان,0
"عاجلبدء مقابلة #المسيرة مع الشيخ ""نعيم قاسم"" نائب الأمين العام لـ #حزب_الله بمناسبة المولد النبوي الشريف",0
استمرار قصف #حلب.. #واشنطن تحذر والأمم المتحدة مصدومة https://t.co/ly4iPzFgPF https://t.co/7Oqndd22RC,0
امين عام الجامعة العربية يبحث مع مبعوث اممي تطورات الاوضاع بالاراضي الفلسطينية المحتلة https://t.co/wDnxaKzmTf,0
@Celebrities_Mag  مـلـكـة الأرقـام  #إلـيـسـا,0
RT @AlghamdiProf: #هاهم اليهود يدرسون التوراة حتى داخل اقسام الشرطة بينما يطالب رموز العلمانية عندنا بغلق حلقات التحفيظ ونبذ الاسلام بزعم أ…,1
#حماس تختطف أبا ذر #المقدسي من شارع النصر غرب مدينة غزة صباح اليوم المقدسي من قادة التيار الجهادي في بيت المقدس وهو مطلوب #لإسرائيل,0
"""أ ف ب"": إصابة 16 جندياً #روسيا في حادث طائرة في #سيبيريا الشرقية.",0
فاروق الفيشاوي#redcarpet #ciff16 #ciff #ciff2016 #مهرجان_القاهرة_السينمائي… https://t.co/G17tXd28Nf,0
#ستبقي_حلب حلب ستبقى وصمة عار على جبين كل عربي وكل إنسان حول العالم. سيكتب التاريخ هذه المأساة بحروف من خنوع وانصياع أمام الظلم,0
@fans__14 مع ميسي فازوا على متصدر المجموعه ،بدون ميسي حتى اخر منتخب في المجموعه تعادلوا بصعوبه مانختلف وجود لاعبين كبار لكن مع المنتخب لاشيء,0
#مشاهير دونالد ترامب يشعل الخلاف بين والد انجلينا جولي وهذا الممثل:  منذ أن أعلن المرشح للرئاسة الأمريكية دو... https://t.co/hfGB5G9ciA,0
ضمن دوري الدرجة الثانية /الوسط سلواد 1:1 الموظفينالعيسوية 1:0 بيت لقيا,0
"@GdhhGshjs @sahar_hamore رداً على قرار حكومة الإحتلال بمنع الأذان في أحياء #القدس؛النائب الفلسطيني""طلب أبو عرار"" يرفع الأذان داخل الكنيست 01",0
باعتقادنا ان هيلاري كلنتون ستكون رئيسة أمريكا نظرا لما قدمته خدمة لدولتها في التهيئة والتخطيط لربيع فوضى العرب 2011 ونجحت بالايقاع بالاخوان,0
"#الاحتلال يسلم اخطارات بـ #إخلاء ""مشاحر الفحم"" في #يعبد https://t.co/OzTfDrHPwC",0
"اللي متصور إن حل مشكلة الصحافة الحكومية بإنك تجيب حتى ملايكة رؤساء تحرير يبقى غلطانوالدليل كتاب صباح حمامو: يوميات ""صوحفية"" في الأهرام",0
قصة العجوز الحكيم و محرك السفينة رااائعة,0
#اليمنية|إشتباكات عنيفة بين قوات #الجيش_الوطني ومليشيات الحوثي غرب #تعزhttps://t.co/RsbZlJuVKH… https://t.co/u0XbmAKDip,0
@ska67320  هذا شعري بس مسويه مثل ميريام فارس,0
15 دقيقة لشحن هاتف غوغل الجديد ومميزات أخرى... #تكنولوجيا - #اخبار #معلومات https://t.co/v0JeJZIzm4,0
بصرف النظر عن شغلها ولا اي حاجة تانية بحب في #فيفي_عبده ان اللي في قلبها علي لسانها ملهاش في النفاق زي معظم الوسط الفني,0
غوغل واي-فاي وكروم كاست ألترا https://t.co/jsyBV90Hr9,0
اللهم أنت السلام ومنك السلام تباركت يا ذا الجلال والإكرام #ريال_مدريد,0
@2iAbX بوب مارلي و جستن بيبر مره ماتركب,0
RT @iDhmi: #توصيات_تويتسو | تطبيق يوتيوب الأطفال من جوجل يعرض المقاطع المناسبة لهم فقط🌟🌟🌟آيفونhttps://t.co/5f5ejyn83vأندرويدhttps://t.c…,0
سي بي سي:#إبراهيم_محلب يشارك باحتفالية تنزانيا اليوم بمناسبة العيد الخمسين للوحدةنيابة عن الرئيس #عدلي_منصور #,0
كلب إسرائيل وسيفها الإرهابي بوتن قاتل النساء والأطفال ظهرت حقيقته الإجرامية الحاقدة ، وكل الدول تقف معه قلبا وقلباوتعمل على بقاء السفاح بشار,1
احمد فتفت صار مغضوب عليه  بمجرد اعترضو على ميشال عون . (ديمقراطيه)😂😂,1
قناة آسيا: مندوب #سوريا في #الأمم_المتحدة بشار الجعفري: #الإرهاب في #حلب هو نفسه الإرهاب في #الموصل https://t.co/mddBNpa8MU,0
